227.470 LOL167 340E ENTRY
235.715 LGD213 400W ENTRY
274.491 CPW382 100E ENTRY
350.906 TIX927 160E ENTRY
374.282 YJV656 150W ENTRY
470.128 CYW436 0E ENTRY
573.966 IDS756 0E ENTRY
601.100 LOL167 350E MAINROAD
610.947 CPW382 110E MAINROAD
615.257 LGD213 390W MAINROAD
668.016 TIX927 170E EXIT
692.553 YJV656 140W MAINROAD
811.203 CYW436 10E MAINROAD
812.412 WGM198 90E ENTRY
918.737 CPW382 120E MAINROAD
944.354 LOL167 360E MAINROAD
968.415 IDS756 10E MAINROAD
1016.974 LGD213 380W MAINROAD
1043.476 LEZ447 100W ENTRY
1064.352 NKP403 400W ENTRY
1079.705 YJV656 130W MAINROAD
1192.830 WGM198 100E MAINROAD
1203.423 CYW436 20E MAINROAD
1236.115 CPW382 130E MAINROAD
1240.537 TRL590 280W ENTRY
1274.030 MVY641 100W ENTRY
1324.553 LOL167 370E MAINROAD
1356.639 LGD213 370W MAINROAD
1357.184 NKP403 390W MAINROAD
1363.154 LXX511 200E ENTRY
1399.661 IDS756 20E MAINROAD
1458.509 YJV656 120W MAINROAD
1475.908 LEZ447 90W MAINROAD
1544.749 CYW436 30E MAINROAD
1545.112 WGM198 110E MAINROAD
1566.288 TRL590 270W MAINROAD
1581.474 CPW382 140E MAINROAD
1655.485 MVY641 90W MAINROAD
1679.967 LOL167 380E MAINROAD
1701.952 NKP403 380W MAINROAD
1708.266 OGG436 250W ENTRY
1716.655 LXX511 210E MAINROAD
1721.046 LGD213 360W MAINROAD
1733.923 GYZ617 90E ENTRY
1784.016 ALZ309 400W ENTRY
1832.429 OJT231 270W ENTRY
1852.100 IDS756 30E MAINROAD
1865.789 WGM198 120E MAINROAD
1914.984 CYW436 40E MAINROAD
1916.219 YJV656 110W MAINROAD
1923.636 NKH044 110E ENTRY
1927.806 CPW382 150E EXIT
1931.180 TRL590 260W MAINROAD
1934.565 CQT603 230E ENTRY
1966.177 LEZ447 80W MAINROAD
2019.290 MVY641 80W MAINROAD
2019.651 LGD213 350W EXIT
2039.765 LXV523 400W ENTRY
2064.519 LXX511 220E MAINROAD
2068.277 OGG436 240W MAINROAD
2078.679 LOL167 390E MAINROAD
2101.285 GYZ617 100E MAINROAD
2109.254 NKP403 370W MAINROAD
2139.474 ALZ309 390W MAINROAD
2192.390 IDS756 40E MAINROAD
2217.120 OJT231 260W MAINROAD
2274.105 WGM198 130E MAINROAD
2277.048 YJV656 100W MAINROAD
2287.693 NKH044 120E MAINROAD
2289.273 TRL590 250W MAINROAD
2293.346 CQT603 240E MAINROAD
2315.604 CYW436 50E MAINROAD
2393.612 LEZ447 70W MAINROAD
2398.719 LXX511 230E MAINROAD
2407.352 NNK879 180E ENTRY
2442.619 OGG436 230W MAINROAD
2445.958 QMY273 90E ENTRY
2447.239 LXV523 390W EXIT
2451.893 MVY641 70W MAINROAD
2454.293 OHF531 140E ENTRY
2476.921 GYZ617 110E MAINROAD
2482.942 LOL167 400E EXIT
2518.054 NKP403 360W MAINROAD
2542.239 ALZ309 380W MAINROAD
2560.047 IDS756 50E MAINROAD
2584.589 YZO027 380W ENTRY
2584.844 OJT231 250W MAINROAD
2595.718 WGM198 140E MAINROAD
2626.238 CYW436 60E EXIT
2631.284 CQT603 250E MAINROAD
2631.914 YJV656 90W MAINROAD
2635.301 NKH044 130E MAINROAD
2683.506 TRL590 240W MAINROAD
2719.297 LEZ447 60W MAINROAD
2742.672 LXX511 240E EXIT
2748.125 MQP953 360W ENTRY
2761.586 NNK879 190E MAINROAD
2779.688 MVY641 60W MAINROAD
2800.327 OGG436 220W MAINROAD
2802.154 QMY273 100E MAINROAD
2815.141 WWS595 400W ENTRY
2826.382 GYZ617 120E MAINROAD
2864.560 NKP403 350W MAINROAD
2874.730 OHF531 150E MAINROAD
2890.929 FUF980 400W ENTRY
2909.745 YZO027 370W MAINROAD
2931.808 OJT231 240W MAINROAD
2933.212 JBH093 50E ENTRY
2956.382 CQT603 260E MAINROAD
2963.195 ALZ309 370W MAINROAD
2965.267 NKH044 140E MAINROAD
2974.534 IDS756 60E MAINROAD
2977.424 WGM198 150E MAINROAD
2994.505 YJV656 80W MAINROAD
3045.445 FKF748 340W ENTRY
3068.031 MQP953 350W MAINROAD
3081.692 TRL590 230W MAINROAD
3094.176 LEZ447 50W MAINROAD
3148.802 WWS595 390W MAINROAD
3153.466 QMY273 110E MAINROAD
3155.697 NNK879 200E MAINROAD
3157.966 MVY641 50W MAINROAD
3199.926 GYZ617 130E EXIT
3205.502 OGG436 210W MAINROAD
3207.837 NKP403 340W MAINROAD
3217.597 OHF531 160E MAINROAD
3228.568 YZO027 360W MAINROAD
3248.748 ALZ309 360W MAINROAD
3255.462 JBH093 60E MAINROAD
3273.214 CQT603 270E MAINROAD
3277.459 FUF980 390W MAINROAD
3289.755 OJT231 230W MAINROAD
3335.109 JBI985 0E ENTRY
3337.696 WGM198 160E MAINROAD
3338.918 IDS756 70E MAINROAD
3348.924 NKH044 150E EXIT
3349.532 YJV656 70W MAINROAD
3427.847 MQP953 340W MAINROAD
3435.658 LGJ610 190W ENTRY
3451.993 FKF748 330W MAINROAD
3498.628 TRL590 220W MAINROAD
3501.030 WWS595 380W MAINROAD
3509.863 MVY641 40W MAINROAD
3516.133 LEZ447 40W MAINROAD
3523.842 QMY273 120E MAINROAD
3528.557 NNK879 210E MAINROAD
3531.501 NKP403 330W MAINROAD
3559.359 BWW144 210E ENTRY
3567.408 ALZ309 350W MAINROAD
3570.307 OGG436 200W MAINROAD
3596.109 JBH093 70E MAINROAD
3606.836 OHF531 170E MAINROAD
3617.377 NDR867 100W ENTRY
3617.420 FUF980 380W MAINROAD
3638.587 YZO027 350W MAINROAD
3662.223 CQT603 280E MAINROAD
3674.512 OJT231 220W MAINROAD
3679.293 YJV656 60W EXIT
3683.779 VMK975 400W ENTRY
3684.848 IDS756 80E MAINROAD
3699.442 JBI985 10E MAINROAD
3719.477 WGM198 170E MAINROAD
3780.651 LGJ610 180W MAINROAD
3783.467 MQP953 330W MAINROAD
3813.839 FKF748 320W MAINROAD
3840.699 QMY273 130E MAINROAD
3844.523 MVY641 30W MAINROAD
3863.288 TRL590 210W MAINROAD
3869.795 BWW144 220E EXIT
3892.451 LRD807 350W ENTRY
3893.526 LEZ447 30W EXIT
3897.485 DLL596 390E ENTRY
3900.738 WWS595 370W MAINROAD
3914.501 STG804 180E ENTRY
3920.680 JBH093 80E MAINROAD
3927.187 ALZ309 340W MAINROAD
3928.255 NNK879 220E EXIT
3933.928 YZO027 340W MAINROAD
3936.956 NKP403 320W MAINROAD
3941.136 NDR867 90W MAINROAD
3942.762 OGG436 190W MAINROAD
3945.502 RWB899 150W ENTRY
3982.222 OHF531 180E MAINROAD
3991.366 HVG846 0E ENTRY
3991.368 IDS756 90E MAINROAD
3992.756 FUF980 370W MAINROAD
3998.210 VMK975 390W MAINROAD
4077.749 OJT231 210W MAINROAD
4080.204 JBI985 20E MAINROAD
4090.956 WGM198 180E MAINROAD
4105.059 NVV892 50W ENTRY
4119.873 CQT603 290E MAINROAD
4176.642 LGJ610 170W MAINROAD
4183.623 FKF748 310W MAINROAD
4185.447 BGY342 160W ENTRY
4187.043 MQP953 320W MAINROAD
4196.918 QMY273 140E MAINROAD
4204.421 MVY641 20W MAINROAD
4224.455 LRD807 340W MAINROAD
4234.492 FQM934 50W ENTRY
4252.718 NDR867 80W MAINROAD
4253.964 DLL596 400E EXIT
4255.970 ALZ309 330W MAINROAD
4264.902 TRL590 200W MAINROAD
4266.205 NKP403 310W MAINROAD
4266.420 WWS595 360W MAINROAD
4276.035 STG804 190E MAINROAD
4295.983 JBH093 90E MAINROAD
4307.656 YZO027 330W MAINROAD
4331.126 HVG846 10E MAINROAD
4335.945 RWB899 140W MAINROAD
4336.388 FUF980 360W MAINROAD
4341.580 IDS756 100E MAINROAD
4350.464 OHF531 190E MAINROAD
4357.926 OHA622 200W ENTRY
4368.498 HWT776 60W ENTRY
4384.190 BII522 400W ENTRY
4390.444 AIA310 290W ENTRY
4400.752 OGG436 180W MAINROAD
4421.191 OJT231 200W MAINROAD
4424.338 VMK975 380W EXIT
4426.535 JBI985 30E MAINROAD
4444.007 WGM198 190E MAINROAD
4476.457 NVV892 40W MAINROAD
4508.962 LGJ610 160W MAINROAD
4514.670 KJR747 400W ENTRY
4516.862 MQP953 310W MAINROAD
4530.573 CQT603 300E MAINROAD
4545.072 BGY342 150W MAINROAD
4563.876 ZML780 400W ENTRY
4574.749 FKF748 300W MAINROAD
4577.907 FQM934 40W MAINROAD
4581.270 ZJQ707 370E ENTRY
4585.304 QMY273 150E MAINROAD
4594.083 NDR867 70W MAINROAD
4595.287 WWS595 350W MAINROAD
4615.525 ALZ309 320W MAINROAD
4616.033 STG804 200E MAINROAD
4618.750 NKP403 300W MAINROAD
4619.817 MVY641 10W MAINROAD
4619.857 JBH093 100E MAINROAD
4632.130 IDS756 110E MAINROAD
4651.420 LRD807 330W MAINROAD
4677.788 TRL590 190W MAINROAD
4684.146 HWT776 50W MAINROAD
4689.398 HVG846 20E MAINROAD
4697.430 PGN993 400W ENTRY
4699.831 OHA622 190W MAINROAD
4707.231 FUF980 350W MAINROAD
4721.004 RWB899 130W MAINROAD
4730.558 YZO027 320W MAINROAD
4738.122 AIA310 280W MAINROAD
4751.326 BII522 390W MAINROAD
4755.597 OGG436 170W MAINROAD
4765.888 OJT231 190W MAINROAD
4801.756 WGM198 200E EXIT
4802.903 JBI985 40E MAINROAD
4805.615 OHF531 200E MAINROAD
4830.977 LGJ610 150W MAINROAD
4845.670 NVV892 30W MAINROAD
4859.322 UKE429 330W ENTRY
4869.213 MQP953 300W MAINROAD
4884.984 ZML780 390W MAINROAD
4885.988 WWS595 340W MAINROAD
4887.428 QMY273 160E MAINROAD
4889.490 BGY342 140W MAINROAD
4891.595 KJR747 390W MAINROAD
4899.684 CQT603 310E EXIT
4918.470 FQM934 30W MAINROAD
4933.632 ZJQ707 380E MAINROAD
4943.848 STG804 210E MAINROAD
4947.980 FKF748 290W MAINROAD
4953.694 NDR867 60W MAINROAD
4980.399 HWT776 40W MAINROAD
4984.401 IDS756 120E MAINROAD
4998.091 JBH093 110E MAINROAD
5002.460 LRD807 320W MAINROAD
5014.583 NKP403 290W MAINROAD
5019.973 MVY641 0W EXIT
5023.983 PGN993 390W MAINROAD
5032.839 HVG846 30E MAINROAD
5041.604 AIA310 270W MAINROAD
5046.708 ALZ309 310W MAINROAD
5054.723 FUF980 340W MAINROAD
5075.895 TRL590 180W MAINROAD
5085.183 OHA622 180W MAINROAD
5090.099 YZO027 310W MAINROAD
5104.005 OJT231 180W MAINROAD
5105.606 RWB899 120W MAINROAD
5112.314 BII522 380W MAINROAD
5115.122 OGG436 160W MAINROAD
5127.368 JBI985 50E MAINROAD
5132.012 EOV047 300W ENTRY
5153.798 OHF531 210E MAINROAD
5158.350 HFD829 180W ENTRY
5164.157 LGJ610 140W MAINROAD
5188.655 BGY342 130W MAINROAD
5193.089 NVV892 20W EXIT
5219.549 KJR747 380W MAINROAD
5234.621 ZML780 380W MAINROAD
5247.172 UKE429 320W MAINROAD
5261.734 MQP953 290W MAINROAD
5263.386 NDR867 50W MAINROAD
5275.212 FQM934 20W MAINROAD
5292.160 WWS595 330W MAINROAD
5300.457 QMY273 170E MAINROAD
5313.024 STG804 220E MAINROAD
5315.879 FKF748 280W MAINROAD
5329.308 IDS756 130E MAINROAD
5348.735 LRD807 310W EXIT
5350.124 ZJQ707 390E MAINROAD
5367.283 HWT776 30W EXIT
5374.538 PGN993 380W MAINROAD
5375.141 NKP403 280W MAINROAD
5387.837 FUF980 330W MAINROAD
5388.026 ZIC874 100W ENTRY
5398.096 JBH093 120E MAINROAD
5405.256 AIA310 260W MAINROAD
5405.859 ALZ309 300W MAINROAD
5426.712 HVG846 40E MAINROAD
5436.684 OJT231 170W MAINROAD
5452.424 RWB899 110W MAINROAD
5465.388 OHA622 170W MAINROAD
5467.032 EOV047 290W MAINROAD
5472.791 YZO027 300W MAINROAD
5479.680 BII522 370W MAINROAD
5488.135 JBI985 60E MAINROAD
5528.290 OGG436 150W MAINROAD
5538.949 TRL590 170W MAINROAD
5542.937 OHF531 220E MAINROAD
5543.489 KJR747 370W MAINROAD
5553.086 HFD829 170W MAINROAD
5568.559 BGY342 120W MAINROAD
5579.604 ZML780 370W MAINROAD
5584.084 LXX511 240E ENTRY
5588.133 WWS595 320W MAINROAD
5591.890 FQM934 10W MAINROAD
5620.749 NDR867 40W MAINROAD
5629.765 MQP953 280W MAINROAD
5641.187 LGJ610 130W MAINROAD
5645.966 QMY273 180E MAINROAD
5654.665 STG804 230E MAINROAD
5658.551 UKE429 310W MAINROAD
5681.035 FKF748 270W MAINROAD
5709.612 JBH093 130E MAINROAD
5716.271 ZIC874 90W MAINROAD
5716.335 FUF980 320W MAINROAD
5723.288 PGN993 370W MAINROAD
5726.125 IDS756 140E MAINROAD
5730.406 ZJQ707 400E EXIT
5744.375 NKP403 270W MAINROAD
5754.543 HVG846 50E MAINROAD
5766.946 OJT231 160W MAINROAD
5778.099 AIA310 250W MAINROAD
5782.156 OHA622 160W MAINROAD
5799.613 ALZ309 290W MAINROAD
5807.751 YZO027 290W MAINROAD
5809.112 BII522 360W MAINROAD
5823.051 JBI985 70E MAINROAD
5850.823 EOV047 280W MAINROAD
5870.723 KJR747 360W MAINROAD
5881.720 OHF531 230E MAINROAD
5887.931 OGG436 140W MAINROAD
5900.963 HFD829 160W MAINROAD
5913.481 TRL590 160W MAINROAD
5925.023 RWB899 100W MAINROAD
5926.114 BGY342 110W MAINROAD
5926.958 LXX511 250E MAINROAD
5933.861 AFJ009 270E ENTRY
5950.304 WWS595 310W MAINROAD
5964.053 FQM934 0W EXIT
5969.433 ZML780 360W EXIT
5995.882 NDR867 30W MAINROAD
6003.022 UKE429 300W MAINROAD
6017.689 MQP953 270W MAINROAD
6018.127 QMY273 190E MAINROAD
6019.023 FKF748 260W MAINROAD
6046.812 LGJ610 120W MAINROAD
6062.348 ZCU768 360W ENTRY
6068.476 ZIC874 80W MAINROAD
6069.626 PGN993 360W MAINROAD
6071.566 STG804 240E MAINROAD
6087.557 JBH093 140E MAINROAD
6095.676 OJT231 150W MAINROAD
6097.371 HPG294 170E ENTRY
6104.785 NKP403 260W MAINROAD
6106.081 FUF980 310W MAINROAD
6115.000 OHA622 150W MAINROAD
6121.501 IDS756 150E MAINROAD
6136.055 HVG846 60E MAINROAD
6140.876 YZO027 280W MAINROAD
6183.585 ALZ309 280W EXIT
6188.401 BII522 350W MAINROAD
6199.727 HFD829 150W MAINROAD
6225.463 OGG436 130W MAINROAD
6225.838 JBI985 80E MAINROAD
6227.976 OHF531 240E MAINROAD
6235.477 EOV047 270W MAINROAD
6238.940 KJR747 350W MAINROAD
6267.915 AIA310 240W MAINROAD
6275.167 RWB899 90W MAINROAD
6290.947 WWS595 300W MAINROAD
6314.177 BGY342 100W MAINROAD
6336.370 NDR867 20W MAINROAD
6336.661 TRL590 150W MAINROAD
6347.217 UKE429 290W MAINROAD
6357.172 LXX511 260E MAINROAD
6370.375 QMY273 200E MAINROAD
6378.851 FKF748 250W MAINROAD
6382.310 AFJ009 280E MAINROAD
6395.615 MQP953 260W MAINROAD
6403.955 ZCU768 350W MAINROAD
6420.666 OJT231 140W MAINROAD
6422.994 LGJ610 110W MAINROAD
6423.533 PGN993 350W MAINROAD
6433.243 STG804 250E MAINROAD
6455.009 HPG294 180E MAINROAD
6456.281 FUF980 300W MAINROAD
6464.608 WQJ039 260E ENTRY
6473.826 KMO418 130W ENTRY
6481.019 ZIC874 70W MAINROAD
6482.606 LOL167 400W ENTRY
6482.985 JBH093 150E MAINROAD
6489.380 IDS756 160E MAINROAD
6511.870 HVG846 70E MAINROAD
6534.622 OGG436 120W MAINROAD
6550.770 HFD829 140W MAINROAD
6553.741 OHF531 250E MAINROAD
6561.560 JBI985 90E MAINROAD
6564.339 NKP403 250W MAINROAD
6573.108 OHA622 140W MAINROAD
6587.462 KJR747 340W MAINROAD
6609.336 BII522 340W MAINROAD
6628.470 BGY342 90W MAINROAD
6635.163 TRL590 140W MAINROAD
6636.380 RWB899 80W MAINROAD
6652.806 EXR787 0E ENTRY
6654.887 NDR867 10W MAINROAD
6659.769 AIA310 230W MAINROAD
6697.278 EOV047 260W MAINROAD
6700.397 LXX511 270E MAINROAD
6704.689 WWS595 290W EXIT
6714.394 UKE429 280W MAINROAD
6728.552 FUF980 290W MAINROAD
6738.381 MQP953 250W MAINROAD
6745.861 YZO027 270W MAINROAD
6749.976 RVU084 290E ENTRY
6751.748 LGJ610 100W MAINROAD
6753.265 NDR353 40W ENTRY
6763.101 FKF748 240W MAINROAD
6767.451 AFJ009 290E MAINROAD
6781.086 OJT231 130W MAINROAD
6790.946 ZCU768 340W MAINROAD
6791.076 WQJ039 270E MAINROAD
6797.364 LOL167 390W MAINROAD
6817.751 PGN993 340W MAINROAD
6829.803 STG804 260E MAINROAD
6831.518 JBH093 160E MAINROAD
6845.836 QMY273 210E MAINROAD
6849.957 HPG294 190E MAINROAD
6857.219 OJR678 0E ENTRY
6863.833 HVG846 80E MAINROAD
6876.708 IDS756 170E MAINROAD
6890.377 JBI985 100E MAINROAD
6894.718 ZIC874 60W MAINROAD
6896.074 KMO418 120W MAINROAD
6898.973 NKP403 240W MAINROAD
6909.814 BII522 330W MAINROAD
6924.266 KJR747 330W MAINROAD
6927.018 OGG436 110W MAINROAD
6943.811 HFD829 130W MAINROAD
6948.702 RWB899 70W MAINROAD
6972.208 EXR787 10E MAINROAD
6979.540 NDR867 0W EXIT
6987.252 TNV230 140W ENTRY
6991.244 OHF531 260E MAINROAD
7015.633 BGY342 80W MAINROAD
7028.060 LXV523 390W ENTRY
7036.066 OHA622 130W MAINROAD
7038.307 MQP953 240W MAINROAD
7039.948 AIA310 220W MAINROAD
7052.178 LXX511 280E EXIT
7052.508 TRL590 130W MAINROAD
7062.369 EOV047 250W MAINROAD
7079.154 LGJ610 90W MAINROAD
7087.794 RVU084 300E MAINROAD
7088.924 YZO027 260W MAINROAD
7100.434 UKE429 270W MAINROAD
7107.519 FUF980 280W MAINROAD
7140.094 OJT231 120W MAINROAD
7145.932 WQJ039 280E MAINROAD
7147.213 AFJ009 300E MAINROAD
7152.335 QMY273 220E MAINROAD
7153.999 NDR353 30W MAINROAD
7154.261 FKF748 230W EXIT
7174.093 JBH093 170E MAINROAD
7177.732 STG804 270E MAINROAD
7182.131 LOL167 380W MAINROAD
7193.995 JVQ198 90W ENTRY
7234.959 HPG294 200E MAINROAD
7240.621 ZCU768 330W MAINROAD
7252.023 HFD829 120W EXIT
7252.832 PGN993 330W MAINROAD
7253.509 OJR678 10E MAINROAD
7266.573 IDS756 180E MAINROAD
7270.931 KJR747 320W MAINROAD
7272.030 NKP403 230W MAINROAD
7275.535 JBI985 110E MAINROAD
7282.788 HVG846 90E MAINROAD
7289.178 EXR787 20E MAINROAD
7291.554 ZIC874 50W MAINROAD
7306.524 BII522 320W MAINROAD
7321.619 TNV230 130W MAINROAD
7322.662 RWB899 60W MAINROAD
7336.046 LXV523 380W MAINROAD
7337.833 KMO418 110W MAINROAD
7345.593 MQP953 230W MAINROAD
7351.824 OGG436 100W MAINROAD
7361.261 BGY342 70W MAINROAD
7377.551 OHA622 120W MAINROAD
7379.235 EOV047 240W MAINROAD
7400.176 TRL590 120W MAINROAD
7406.026 OHF531 270E MAINROAD
7427.267 LGJ610 80W MAINROAD
7436.542 YZO027 250W MAINROAD
7444.032 RVU084 310E MAINROAD
7463.786 UKE429 260W MAINROAD
7503.284 LOL167 370W MAINROAD
7514.809 AFJ009 310E MAINROAD
7519.057 AIA310 210W MAINROAD
7520.215 FUF980 270W MAINROAD
7531.922 QMY273 230E MAINROAD
7532.524 WQJ039 290E MAINROAD
7532.607 OJT231 110W MAINROAD
7541.682 NDR353 20W MAINROAD
7548.704 STG804 280E MAINROAD
7550.305 HPG294 210E MAINROAD
7579.734 JBH093 180E MAINROAD
7603.678 PGN993 320W MAINROAD
7609.639 NKP403 220W MAINROAD
7632.175 JVQ198 80W MAINROAD
7632.757 KJR747 310W MAINROAD
7635.038 OGG436 90W MAINROAD
7637.849 ZIC874 40W MAINROAD
7641.001 OJR678 20E MAINROAD
7643.546 BII522 310W MAINROAD
7643.829 HVG846 100E MAINROAD
7676.782 EXR787 30E MAINROAD
7676.899 RWB899 50W MAINROAD
7677.215 JBI985 120E MAINROAD
7688.269 IDS756 190E MAINROAD
7696.480 KMO418 100W MAINROAD
7713.691 LXV523 370W EXIT
7721.124 MQP953 220W MAINROAD
7723.148 TNV230 120W EXIT
7747.500 BGY342 60W MAINROAD
7751.648 TRL590 110W MAINROAD
7764.908 LGJ610 70W MAINROAD
7765.244 UKE429 250W MAINROAD
7768.550 OHF531 280E MAINROAD
7768.912 OHA622 110W MAINROAD
7782.262 ZCU768 320W MAINROAD
7789.469 TTF786 400W ENTRY
7801.385 EOV047 230W EXIT
7808.940 YZO027 240W MAINROAD
7820.921 FUF980 260W MAINROAD
7827.605 RVU084 320E MAINROAD
7851.308 AFJ009 320E MAINROAD
7856.982 LOL167 360W MAINROAD
7866.917 OJT231 100W MAINROAD
7873.085 WQJ039 300E MAINROAD
7932.425 JBH093 190E MAINROAD
7935.493 HPG294 220E MAINROAD
7956.210 QMY273 240E MAINROAD
7960.137 AIA310 200W MAINROAD
7964.917 NDR353 10W MAINROAD
7973.673 STG804 290E MAINROAD
7977.543 JVQ198 70W MAINROAD
7982.007 RWB899 40W MAINROAD
7984.964 OGG436 80W MAINROAD
7986.388 NKP403 210W MAINROAD
7997.483 HVG846 110E MAINROAD
8004.795 EXR787 40E EXIT
8005.155 BII522 300W MAINROAD
8008.323 KJR747 300W MAINROAD
8022.302 ZIC874 30W MAINROAD
8027.931 IDS756 200E MAINROAD
8030.399 PGN993 310W MAINROAD
8042.313 JBI985 130E MAINROAD
8056.266 MQP953 210W MAINROAD
8063.675 KMO418 90W MAINROAD
8077.377 ZCU768 310W EXIT
8083.820 BGY342 50W MAINROAD
8092.980 UKE429 240W MAINROAD
8104.638 LGJ610 60W MAINROAD
8105.350 OJR678 30E MAINROAD
8122.181 TTF786 390W EXIT
8142.786 OHA622 100W MAINROAD
8158.922 TRL590 100W EXIT
8168.756 OHF531 290E MAINROAD
8172.159 YZO027 230W MAINROAD
8199.536 AFJ009 330E MAINROAD
8211.123 OJT231 90W MAINROAD
8225.659 FUF980 250W MAINROAD
8233.007 LOL167 350W MAINROAD
8233.289 HPG294 230E MAINROAD
8254.546 TYN287 130W ENTRY
8264.840 STG804 300E MAINROAD
8272.620 WQJ039 310E MAINROAD
8286.535 RWB899 30W MAINROAD
8294.489 JBH093 200E MAINROAD
8303.772 RVU084 330E MAINROAD
8311.202 HVG846 120E EXIT
8316.944 QMY273 250E MAINROAD
8321.193 AIA310 190W MAINROAD
8322.882 NKP403 200W MAINROAD
8327.890 NDR353 0W EXIT
8337.765 JVQ198 60W MAINROAD
8338.572 OGG436 70W MAINROAD
8349.332 BII522 290W MAINROAD
8354.657 KJR747 290W MAINROAD
8372.517 PGN993 300W MAINROAD
8379.474 IDS756 210E MAINROAD
8402.874 ZIC874 20W MAINROAD
8422.576 JBI985 140E MAINROAD
8435.360 OJR678 40E MAINROAD
8452.042 MQP953 200W MAINROAD
8459.693 UKE429 230W MAINROAD
8464.840 BGY342 40W MAINROAD
8473.112 KMO418 80W MAINROAD
8476.957 OHA622 90W MAINROAD
8496.798 LGJ610 50W MAINROAD
8508.156 OHF531 300E MAINROAD
8529.800 YZO027 220W MAINROAD
8563.889 OJT231 80W MAINROAD
8565.382 ZGO280 400W ENTRY
8566.365 FUF980 240W MAINROAD
8580.453 AFJ009 340E MAINROAD
8589.570 HPG294 240E MAINROAD
8615.394 RWB899 20W MAINROAD
8629.095 STG804 310E MAINROAD
8647.527 JBH093 210E MAINROAD
8670.156 WQJ039 320E MAINROAD
8674.850 JVQ198 50W MAINROAD
8678.477 AIA310 180W MAINROAD
8683.989 TYN287 120W MAINROAD
8699.115 NKP403 190W MAINROAD
8699.195 OGG436 60W EXIT
8702.205 QMY273 260E MAINROAD
8712.804 LOL167 340W MAINROAD
8729.162 RVU084 340E MAINROAD
8738.697 PGN993 290W MAINROAD
8745.757 OJR678 50E MAINROAD
8749.891 IDS756 220E MAINROAD
8755.744 BII522 280W MAINROAD
8758.085 KJR747 280W MAINROAD
8767.271 ZIC874 10W MAINROAD
8774.440 JBI985 150E MAINROAD
8799.282 MQP953 190W MAINROAD
8836.911 UKE429 220W MAINROAD
8842.865 BGY342 30W MAINROAD
8844.332 KMO418 70W MAINROAD
8846.485 YZO027 210W EXIT
8858.832 OHA622 80W MAINROAD
8903.440 FUF980 230W MAINROAD
8910.069 OHF531 310E MAINROAD
8914.712 ZGO280 390W EXIT
8919.615 HPG294 250E MAINROAD
8942.172 LGJ610 40W MAINROAD
8944.879 OJT231 70W MAINROAD
8973.288 AFJ009 350E MAINROAD
8987.885 RWB899 10W MAINROAD
8996.202 WQJ039 330E MAINROAD
8999.668 STG804 320E MAINROAD
9008.603 PIG348 120E ENTRY
9023.535 JBH093 220E MAINROAD
9028.105 TYN287 110W MAINROAD
9046.314 KJR747 270W MAINROAD
9053.378 NKP403 180W MAINROAD
9055.230 JVQ198 40W MAINROAD
9064.626 OJR678 60E MAINROAD
9070.757 QMY273 270E MAINROAD
9078.614 ZIC874 0W EXIT
9093.675 AIA310 170W MAINROAD
9107.778 JBI985 160E EXIT
9114.970 IDS756 230E MAINROAD
9129.786 RVU084 350E MAINROAD
9133.860 PGN993 280W MAINROAD
9139.878 BII522 270W MAINROAD
9164.041 MQP953 180W MAINROAD
9164.931 OHA622 70W MAINROAD
9204.831 LOL167 330W MAINROAD
9208.591 UKE429 210W EXIT
9218.944 KMO418 60W MAINROAD
9224.171 YMZ357 300W ENTRY
9230.439 LKR853 0E ENTRY
9231.192 FUF980 220W MAINROAD
9239.236 BGY342 20W MAINROAD
9260.807 AFJ009 360E MAINROAD
9302.540 OHF531 320E MAINROAD
9314.905 WQJ039 340E MAINROAD
9330.904 STG804 330E MAINROAD
9339.002 HPG294 260E MAINROAD
9343.172 OJT231 60W MAINROAD
9366.000 NKP403 170W MAINROAD
9374.115 RWB899 0W EXIT
9379.835 OJR678 70E MAINROAD
9395.670 LGJ610 30W MAINROAD
9398.048 TYN287 100W MAINROAD
9403.953 PIG348 130E MAINROAD
9423.969 JBH093 230E MAINROAD
9425.262 KJR747 260W MAINROAD
9442.753 WUD832 0E ENTRY
9443.020 IDS756 240E MAINROAD
9457.669 AIA310 160W MAINROAD
9470.413 QMY273 280E MAINROAD
9477.861 JVQ198 30W MAINROAD
9521.322 MQP953 170W MAINROAD
9531.502 PGN993 270W EXIT
9532.357 RVU084 360E MAINROAD
9532.668 BII522 260W MAINROAD
9545.833 KMO418 50W MAINROAD
9551.310 YMZ357 290W EXIT
9560.132 LOL167 320W MAINROAD
9565.430 BGY342 10W MAINROAD
9577.043 AFJ009 370E EXIT
9586.398 OHA622 60W MAINROAD
9588.406 FUF980 210W MAINROAD
9634.914 LKR853 10E MAINROAD
9650.988 STG804 340E MAINROAD
9671.883 HPG294 270E MAINROAD
9676.516 WQJ039 350E MAINROAD
9695.834 OHF531 330E MAINROAD
9698.128 AFI370 400W ENTRY
9713.103 NKP403 160W MAINROAD
9724.345 OJT231 50W MAINROAD
9767.707 OJR678 80E MAINROAD
9771.215 KJR747 250W MAINROAD
9778.713 PIG348 140E MAINROAD
9782.111 TYN287 90W MAINROAD
9785.543 WUD832 10E MAINROAD
9795.013 AIA310 150W MAINROAD
9796.256 IDS756 250E MAINROAD
9813.501 LGJ610 20W MAINROAD
9817.227 JBH093 240E MAINROAD
9835.393 KMO418 40W MAINROAD
9862.277 RVU084 370E MAINROAD
9863.359 QMY273 290E MAINROAD
9867.858 JVQ198 20W MAINROAD
9874.740 MQP953 160W MAINROAD
9937.263 BII522 250W MAINROAD
9953.909 LOL167 310W MAINROAD
9955.034 FUF980 200W MAINROAD
9958.263 BGY342 0W EXIT
9958.783 BHF794 350W ENTRY
9989.655 STG804 350E MAINROAD
10008.299 HPG294 280E MAINROAD
10012.217 OHF531 340E MAINROAD
10032.513 OHA622 50W EXIT
10040.470 NKP403 150W MAINROAD
10045.991 OJT231 40W MAINROAD
10048.833 LKR853 20E MAINROAD
10059.463 AFI370 390W MAINROAD
10088.406 WQJ039 360E MAINROAD
10116.524 OJR678 90E MAINROAD
10133.748 TYN287 80W EXIT
10165.032 PIG348 150E EXIT
10169.480 IDS756 260E MAINROAD
10177.085 JBH093 250E MAINROAD
10178.384 WUD832 20E MAINROAD
10194.728 QMY273 300E MAINROAD
10199.094 KMO418 30W MAINROAD
10206.777 KJR747 240W MAINROAD
10207.602 LGJ610 10W MAINROAD
10210.830 JVQ198 10W MAINROAD
10231.668 MQP953 150W MAINROAD
10242.256 RVU084 380E MAINROAD
10243.488 AIA310 140W MAINROAD
10259.752 FUF980 190W MAINROAD
10285.992 BHF794 340W MAINROAD
10290.006 OHF531 350E EXIT
10309.647 BII522 240W EXIT
10314.319 STG804 360E MAINROAD
10344.312 LOL167 300W EXIT
10345.804 NKP403 140W MAINROAD
10361.046 HPG294 290E MAINROAD
10404.949 WQJ039 370E MAINROAD
10421.812 AFI370 380W MAINROAD
10430.285 OJT231 30W EXIT
10431.930 LKR853 30E MAINROAD
10489.082 OJR678 100E MAINROAD
10495.510 JBH093 260E MAINROAD
10512.266 IDS756 270E MAINROAD
10522.292 QMY273 310E EXIT
10529.356 WUD832 30E MAINROAD
10554.141 JVQ198 0W EXIT
10560.742 KMO418 20W MAINROAD
10595.415 FUF980 180W MAINROAD
10598.015 LGJ610 0W EXIT
10608.961 RVU084 390E MAINROAD
10615.140 KJR747 230W MAINROAD
10651.376 AIA310 130W MAINROAD
10659.215 STG804 370E MAINROAD
10670.344 MQP953 140W MAINROAD
10699.196 BHF794 330W EXIT
10714.639 HPG294 300E MAINROAD
10744.836 WQJ039 380E EXIT
10753.120 NKP403 130W EXIT
10762.605 AFI370 370W MAINROAD
10838.781 JBH093 270E MAINROAD
10848.335 OJR678 110E MAINROAD
10851.998 LKR853 40E EXIT
10877.365 WUD832 40E EXIT
10887.791 IDS756 280E MAINROAD
10902.486 KMO418 10W MAINROAD
10922.067 FUF980 170W EXIT
10960.923 RVU084 400E EXIT
10993.458 KJR747 220W MAINROAD
11021.137 HPG294 310E MAINROAD
11046.838 STG804 380E MAINROAD
11087.828 AFI370 360W MAINROAD
11097.272 AIA310 120W MAINROAD
11115.749 MQP953 130W EXIT
11175.150 JBH093 280E EXIT
11181.619 OJR678 120E MAINROAD
11246.080 IDS756 290E MAINROAD
11284.108 KMO418 0W EXIT
11338.855 KJR747 210W EXIT
11376.109 HPG294 320E MAINROAD
11379.243 STG804 390E MAINROAD
11406.490 AIA310 110W MAINROAD
11476.247 AFI370 350W MAINROAD
11526.068 OJR678 130E MAINROAD
11592.830 IDS756 300E EXIT
11736.627 STG804 400E EXIT
11797.300 HPG294 330E EXIT
11799.027 AIA310 100W EXIT
11861.012 OJR678 140E EXIT
11865.589 AFI370 340W EXIT
11965.589 AAA137 0E ENTRY
12215.589 AAA137 10E MAINROAD
12715.589 AAA137 20E EXIT
13965.589 AAB144 20E ENTRY
14215.589 AAB144 30E MAINROAD
14715.589 AAB144 40E EXIT
15965.589 AAC151 40E ENTRY
16215.589 AAC151 50E MAINROAD
16715.589 AAC151 60E EXIT
17965.589 AAD158 60E ENTRY
18215.589 AAD158 70E MAINROAD
18715.589 AAD158 80E EXIT
19965.589 AAE165 80E ENTRY
20215.589 AAE165 90E MAINROAD
20715.589 AAE165 100E EXIT
21965.589 AAF172 100E ENTRY
22215.589 AAF172 110E MAINROAD
22715.589 AAF172 120E EXIT
23965.589 AAG179 120E ENTRY
24215.589 AAG179 130E MAINROAD
24715.589 AAG179 140E EXIT
25965.589 AAH186 140E ENTRY
26215.589 AAH186 150E MAINROAD
26715.589 AAH186 160E EXIT
27965.589 AAI193 160E ENTRY
28215.589 AAI193 170E MAINROAD
28715.589 AAI193 180E EXIT
29965.589 AAJ200 180E ENTRY
30215.589 AAJ200 190E MAINROAD
30715.589 AAJ200 200E EXIT
31965.589 AAK207 200E ENTRY
32215.589 AAK207 210E MAINROAD
32715.589 AAK207 220E EXIT
33965.589 AAL214 220E ENTRY
34215.589 AAL214 230E MAINROAD
34715.589 AAL214 240E EXIT
35965.589 AAM221 240E ENTRY
36215.589 AAM221 250E MAINROAD
36715.589 AAM221 260E EXIT
37965.589 AAN228 260E ENTRY
38215.589 AAN228 270E MAINROAD
38715.589 AAN228 280E EXIT
39965.589 AAO235 280E ENTRY
40215.589 AAO235 290E MAINROAD
40715.589 AAO235 300E EXIT
41965.589 AAP242 300E ENTRY
42215.589 AAP242 310E MAINROAD
42715.589 AAP242 320E EXIT
43965.589 AAQ249 320E ENTRY
44215.589 AAQ249 330E MAINROAD
44715.589 AAQ249 340E EXIT
45965.589 AAR256 340E ENTRY
46215.589 AAR256 350E MAINROAD
46715.589 AAR256 360E EXIT
47965.589 AAS263 360E ENTRY
48215.589 AAS263 370E MAINROAD
48715.589 AAS263 380E EXIT
49965.589 AAT270 0E ENTRY
50215.589 AAT270 10E MAINROAD
50715.589 AAT270 20E EXIT
51965.589 AAU277 20E ENTRY
52215.589 AAU277 30E MAINROAD
52715.589 AAU277 40E EXIT
53965.589 AAV284 40E ENTRY
54215.589 AAV284 50E MAINROAD
54715.589 AAV284 60E EXIT
55965.589 AAW291 60E ENTRY
56215.589 AAW291 70E MAINROAD
56715.589 AAW291 80E EXIT
57965.589 AAX298 80E ENTRY
58215.589 AAX298 90E MAINROAD
58715.589 AAX298 100E EXIT
59965.589 AAY305 100E ENTRY
60215.589 AAY305 110E MAINROAD
60715.589 AAY305 120E EXIT
61965.589 AAZ312 120E ENTRY
62215.589 AAZ312 130E MAINROAD
62715.589 AAZ312 140E EXIT
63965.589 ABA319 140E ENTRY
64215.589 ABA319 150E MAINROAD
64715.589 ABA319 160E EXIT
65965.589 ABB326 160E ENTRY
66215.589 ABB326 170E MAINROAD
66715.589 ABB326 180E EXIT
67965.589 ABC333 180E ENTRY
68215.589 ABC333 190E MAINROAD
68715.589 ABC333 200E EXIT
69965.589 ABD340 200E ENTRY
70215.589 ABD340 210E MAINROAD
70715.589 ABD340 220E EXIT
71965.589 ABE347 220E ENTRY
72215.589 ABE347 230E MAINROAD
72715.589 ABE347 240E EXIT
73965.589 ABF354 240E ENTRY
74215.589 ABF354 250E MAINROAD
74715.589 ABF354 260E EXIT
75965.589 ABG361 260E ENTRY
76215.589 ABG361 270E MAINROAD
76715.589 ABG361 280E EXIT
77965.589 ABH368 280E ENTRY
78215.589 ABH368 290E MAINROAD
78715.589 ABH368 300E EXIT
79965.589 ABI375 300E ENTRY
80215.589 ABI375 310E MAINROAD
80715.589 ABI375 320E EXIT
81965.589 ABJ382 320E ENTRY
82215.589 ABJ382 330E MAINROAD
82715.589 ABJ382 340E EXIT
83965.589 ABK389 340E ENTRY
84215.589 ABK389 350E MAINROAD
84715.589 ABK389 360E EXIT
85965.589 ABL396 360E ENTRY
86215.589 ABL396 370E MAINROAD
86715.589 ABL396 380E EXIT
87965.589 ABM403 0E ENTRY
88215.589 ABM403 10E MAINROAD
88715.589 ABM403 20E EXIT
89965.589 ABN410 20E ENTRY
90215.589 ABN410 30E MAINROAD
90715.589 ABN410 40E EXIT
91965.589 ABO417 40E ENTRY
92215.589 ABO417 50E MAINROAD
92715.589 ABO417 60E EXIT
93965.589 ABP424 60E ENTRY
94215.589 ABP424 70E MAINROAD
94715.589 ABP424 80E EXIT
95965.589 ABQ431 80E ENTRY
96215.589 ABQ431 90E MAINROAD
96715.589 ABQ431 100E EXIT
97965.589 ABR438 100E ENTRY
98215.589 ABR438 110E MAINROAD
98715.589 ABR438 120E EXIT
99965.589 ABS445 120E ENTRY
100215.589 ABS445 130E MAINROAD
100715.589 ABS445 140E EXIT
101965.589 ABT452 140E ENTRY
102215.589 ABT452 150E MAINROAD
102715.589 ABT452 160E EXIT
103965.589 ABU459 160E ENTRY
104215.589 ABU459 170E MAINROAD
104715.589 ABU459 180E EXIT
105965.589 ABV466 180E ENTRY
106215.589 ABV466 190E MAINROAD
106715.589 ABV466 200E EXIT
107965.589 ABW473 200E ENTRY
108215.589 ABW473 210E MAINROAD
108715.589 ABW473 220E EXIT
109965.589 ABX480 220E ENTRY
110215.589 ABX480 230E MAINROAD
110715.589 ABX480 240E EXIT
111965.589 ABY487 240E ENTRY
112215.589 ABY487 250E MAINROAD
112715.589 ABY487 260E EXIT
113965.589 ABZ494 260E ENTRY
114215.589 ABZ494 270E MAINROAD
114715.589 ABZ494 280E EXIT
115965.589 ACA501 280E ENTRY
116215.589 ACA501 290E MAINROAD
116715.589 ACA501 300E EXIT
117965.589 ACB508 300E ENTRY
118215.589 ACB508 310E MAINROAD
118715.589 ACB508 320E EXIT
119965.589 ACC515 320E ENTRY
120215.589 ACC515 330E MAINROAD
120715.589 ACC515 340E EXIT
121965.589 ACD522 340E ENTRY
122215.589 ACD522 350E MAINROAD
122715.589 ACD522 360E EXIT
123965.589 ACE529 360E ENTRY
124215.589 ACE529 370E MAINROAD
124715.589 ACE529 380E EXIT
125965.589 ACF536 0E ENTRY
126215.589 ACF536 10E MAINROAD
126715.589 ACF536 20E EXIT
127965.589 ACG543 20E ENTRY
128215.589 ACG543 30E MAINROAD
128715.589 ACG543 40E EXIT
129965.589 ACH550 40E ENTRY
130215.589 ACH550 50E MAINROAD
130715.589 ACH550 60E EXIT
131965.589 ACI557 60E ENTRY
132215.589 ACI557 70E MAINROAD
132715.589 ACI557 80E EXIT
133965.589 ACJ564 80E ENTRY
134215.589 ACJ564 90E MAINROAD
134715.589 ACJ564 100E EXIT
135965.589 ACK571 100E ENTRY
136215.589 ACK571 110E MAINROAD
136715.589 ACK571 120E EXIT
137965.589 ACL578 120E ENTRY
138215.589 ACL578 130E MAINROAD
138715.589 ACL578 140E EXIT
139965.589 ACM585 140E ENTRY
140215.589 ACM585 150E MAINROAD
140715.589 ACM585 160E EXIT
141965.589 ACN592 160E ENTRY
142215.589 ACN592 170E MAINROAD
142715.589 ACN592 180E EXIT
143965.589 ACO599 180E ENTRY
144215.589 ACO599 190E MAINROAD
144715.589 ACO599 200E EXIT
145965.589 ACP606 200E ENTRY
146215.589 ACP606 210E MAINROAD
146715.589 ACP606 220E EXIT
147965.589 ACQ613 220E ENTRY
148215.589 ACQ613 230E MAINROAD
148715.589 ACQ613 240E EXIT
149965.589 ACR620 240E ENTRY
150215.589 ACR620 250E MAINROAD
150715.589 ACR620 260E EXIT
151965.589 ACS627 260E ENTRY
152215.589 ACS627 270E MAINROAD
152715.589 ACS627 280E EXIT
153965.589 ACT634 280E ENTRY
154215.589 ACT634 290E MAINROAD
154715.589 ACT634 300E EXIT
155965.589 ACU641 300E ENTRY
156215.589 ACU641 310E MAINROAD
156715.589 ACU641 320E EXIT
157965.589 ACV648 320E ENTRY
158215.589 ACV648 330E MAINROAD
158715.589 ACV648 340E EXIT
159965.589 ACW655 340E ENTRY
160215.589 ACW655 350E MAINROAD
160715.589 ACW655 360E EXIT
161965.589 ACX662 360E ENTRY
162215.589 ACX662 370E MAINROAD
162715.589 ACX662 380E EXIT
163965.589 ACY669 0E ENTRY
164215.589 ACY669 10E MAINROAD
164715.589 ACY669 20E EXIT
165965.589 ACZ676 20E ENTRY
166215.589 ACZ676 30E MAINROAD
166715.589 ACZ676 40E EXIT
167965.589 ADA683 40E ENTRY
168215.589 ADA683 50E MAINROAD
168715.589 ADA683 60E EXIT
169965.589 ADB690 60E ENTRY
170215.589 ADB690 70E MAINROAD
170715.589 ADB690 80E EXIT
171965.589 ADC697 80E ENTRY
172215.589 ADC697 90E MAINROAD
172715.589 ADC697 100E EXIT
173965.589 ADD704 100E ENTRY
174215.589 ADD704 110E MAINROAD
174715.589 ADD704 120E EXIT
175965.589 ADE711 120E ENTRY
176215.589 ADE711 130E MAINROAD
176715.589 ADE711 140E EXIT
177965.589 ADF718 140E ENTRY
178215.589 ADF718 150E MAINROAD
178715.589 ADF718 160E EXIT
179965.589 ADG725 160E ENTRY
180215.589 ADG725 170E MAINROAD
180715.589 ADG725 180E EXIT
181965.589 ADH732 180E ENTRY
182215.589 ADH732 190E MAINROAD
182715.589 ADH732 200E EXIT
183965.589 ADI739 200E ENTRY
184215.589 ADI739 210E MAINROAD
184715.589 ADI739 220E EXIT
185965.589 ADJ746 220E ENTRY
186215.589 ADJ746 230E MAINROAD
186715.589 ADJ746 240E EXIT
187965.589 ADK753 240E ENTRY
188215.589 ADK753 250E MAINROAD
188715.589 ADK753 260E EXIT
189965.589 ADL760 260E ENTRY
190215.589 ADL760 270E MAINROAD
190715.589 ADL760 280E EXIT
191965.589 ADM767 280E ENTRY
192215.589 ADM767 290E MAINROAD
192715.589 ADM767 300E EXIT
193965.589 ADN774 300E ENTRY
194215.589 ADN774 310E MAINROAD
194715.589 ADN774 320E EXIT
195965.589 ADO781 320E ENTRY
196215.589 ADO781 330E MAINROAD
196715.589 ADO781 340E EXIT
197965.589 ADP788 340E ENTRY
198215.589 ADP788 350E MAINROAD
198715.589 ADP788 360E EXIT
199965.589 ADQ795 360E ENTRY
200215.589 ADQ795 370E MAINROAD
200715.589 ADQ795 380E EXIT
201965.589 ADR802 0E ENTRY
202215.589 ADR802 10E MAINROAD
202715.589 ADR802 20E EXIT
203965.589 ADS809 20E ENTRY
204215.589 ADS809 30E MAINROAD
204715.589 ADS809 40E EXIT
205965.589 ADT816 40E ENTRY
206215.589 ADT816 50E MAINROAD
206715.589 ADT816 60E EXIT
207965.589 ADU823 60E ENTRY
208215.589 ADU823 70E MAINROAD
208715.589 ADU823 80E EXIT
209965.589 ADV830 80E ENTRY
210215.589 ADV830 90E MAINROAD
210715.589 ADV830 100E EXIT
211965.589 ADW837 100E ENTRY
212215.589 ADW837 110E MAINROAD
212715.589 ADW837 120E EXIT
213965.589 ADX844 120E ENTRY
214215.589 ADX844 130E MAINROAD
214715.589 ADX844 140E EXIT
215965.589 ADY851 140E ENTRY
216215.589 ADY851 150E MAINROAD
216715.589 ADY851 160E EXIT
217965.589 ADZ858 160E ENTRY
218215.589 ADZ858 170E MAINROAD
218715.589 ADZ858 180E EXIT
219965.589 AEA865 180E ENTRY
220215.589 AEA865 190E MAINROAD
220715.589 AEA865 200E EXIT
221965.589 AEB872 200E ENTRY
222215.589 AEB872 210E MAINROAD
222715.589 AEB872 220E EXIT
223965.589 AEC879 220E ENTRY
224215.589 AEC879 230E MAINROAD
224715.589 AEC879 240E EXIT
225965.589 AED886 240E ENTRY
226215.589 AED886 250E MAINROAD
226715.589 AED886 260E EXIT
227965.589 AEE893 260E ENTRY
228215.589 AEE893 270E MAINROAD
228715.589 AEE893 280E EXIT
229965.589 AEF900 280E ENTRY
230215.589 AEF900 290E MAINROAD
230715.589 AEF900 300E EXIT
231965.589 AEG907 300E ENTRY
232215.589 AEG907 310E MAINROAD
232715.589 AEG907 320E EXIT
233965.589 AEH914 320E ENTRY
234215.589 AEH914 330E MAINROAD
234715.589 AEH914 340E EXIT
235965.589 AEI921 340E ENTRY
236215.589 AEI921 350E MAINROAD
236715.589 AEI921 360E EXIT
237965.589 AEJ928 360E ENTRY
238215.589 AEJ928 370E MAINROAD
238715.589 AEJ928 380E EXIT
239965.589 AEK935 0E ENTRY
240215.589 AEK935 10E MAINROAD
240715.589 AEK935 20E EXIT
241965.589 AEL942 20E ENTRY
242215.589 AEL942 30E MAINROAD
242715.589 AEL942 40E EXIT
243965.589 AEM949 40E ENTRY
244215.589 AEM949 50E MAINROAD
244715.589 AEM949 60E EXIT
245965.589 AEN956 60E ENTRY
246215.589 AEN956 70E MAINROAD
246715.589 AEN956 80E EXIT
247965.589 AEO963 80E ENTRY
248215.589 AEO963 90E MAINROAD
248715.589 AEO963 100E EXIT
249965.589 AEP970 100E ENTRY
250215.589 AEP970 110E MAINROAD
250715.589 AEP970 120E EXIT
251965.589 AEQ977 120E ENTRY
252215.589 AEQ977 130E MAINROAD
252465.589 AEQ977 140E EXIT
253965.589 AER984 140E ENTRY
254215.589 AER984 150E MAINROAD
254465.589 AER984 160E EXIT
255965.589 AES991 160E ENTRY
256215.589 AES991 170E MAINROAD
256465.589 AES991 180E EXIT
257965.589 AET998 180E ENTRY
258215.589 AET998 190E MAINROAD
258465.589 AET998 200E EXIT
259965.589 AEU005 200E ENTRY
260215.589 AEU005 210E MAINROAD
260465.589 AEU005 220E EXIT
261965.589 AEV012 220E ENTRY
262215.589 AEV012 230E MAINROAD
262465.589 AEV012 240E EXIT
263965.589 AEW019 240E ENTRY
264215.589 AEW019 250E MAINROAD
264465.589 AEW019 260E EXIT
265965.589 AEX026 260E ENTRY
266465.589 AEX026 270E MAINROAD
266965.589 AEX026 280E EXIT
267965.589 AEY033 280E ENTRY
268465.589 AEY033 290E MAINROAD
268965.589 AEY033 300E EXIT
269965.589 AEZ040 300E ENTRY
270465.589 AEZ040 310E MAINROAD
270965.589 AEZ040 320E EXIT
271965.589 AFA047 320E ENTRY
272465.589 AFA047 330E MAINROAD
272965.589 AFA047 340E EXIT
273965.589 AFB054 340E ENTRY
274465.589 AFB054 350E MAINROAD
274965.589 AFB054 360E EXIT
275965.589 AFC061 360E ENTRY
276465.589 AFC061 370E MAINROAD
276965.589 AFC061 380E EXIT
277965.589 AFD068 0E ENTRY
278465.589 AFD068 10E MAINROAD
278965.589 AFD068 20E EXIT
279965.589 AFE075 20E ENTRY
280465.589 AFE075 30E MAINROAD
280965.589 AFE075 40E EXIT
281965.589 AFF082 40E ENTRY
282465.589 AFF082 50E MAINROAD
282965.589 AFF082 60E EXIT
283965.589 AFG089 60E ENTRY
284465.589 AFG089 70E MAINROAD
284965.589 AFG089 80E EXIT
285965.589 AFH096 80E ENTRY
286465.589 AFH096 90E MAINROAD
286965.589 AFH096 100E EXIT
287965.589 AFI103 100E ENTRY
288465.589 AFI103 110E MAINROAD
288965.589 AFI103 120E EXIT
289965.589 AFJ110 120E ENTRY
290465.589 AFJ110 130E MAINROAD
290965.589 AFJ110 140E EXIT
291965.589 AFK117 140E ENTRY
292465.589 AFK117 150E MAINROAD
292965.589 AFK117 160E EXIT
293965.589 AFL124 160E ENTRY
294465.589 AFL124 170E MAINROAD
294965.589 AFL124 180E EXIT
295965.589 AFM131 180E ENTRY
296465.589 AFM131 190E MAINROAD
296965.589 AFM131 200E EXIT
297965.589 AFN138 200E ENTRY
298465.589 AFN138 210E MAINROAD
298965.589 AFN138 220E EXIT
299965.589 AFO145 220E ENTRY
300465.589 AFO145 230E MAINROAD
300965.589 AFO145 240E EXIT
301965.589 AFP152 240E ENTRY
302465.589 AFP152 250E MAINROAD
302965.589 AFP152 260E EXIT
303965.589 AFQ159 260E ENTRY
304465.589 AFQ159 270E MAINROAD
304965.589 AFQ159 280E EXIT
305965.589 AFR166 280E ENTRY
306465.589 AFR166 290E MAINROAD
306965.589 AFR166 300E EXIT
307965.589 AFS173 300E ENTRY
308465.589 AFS173 310E MAINROAD
308965.589 AFS173 320E EXIT
309965.589 AFT180 320E ENTRY
310465.589 AFT180 330E MAINROAD
310965.589 AFT180 340E EXIT
311965.589 AFU187 340E ENTRY
312465.589 AFU187 350E MAINROAD
312965.589 AFU187 360E EXIT
313965.589 AFV194 360E ENTRY
314465.589 AFV194 370E MAINROAD
314965.589 AFV194 380E EXIT
315965.589 AFW201 0E ENTRY
316465.589 AFW201 10E MAINROAD
316965.589 AFW201 20E EXIT
317965.589 AFX208 20E ENTRY
318465.589 AFX208 30E MAINROAD
318965.589 AFX208 40E EXIT
319965.589 AFY215 40E ENTRY
320465.589 AFY215 50E MAINROAD
320965.589 AFY215 60E EXIT
321965.589 AFZ222 60E ENTRY
322465.589 AFZ222 70E MAINROAD
322965.589 AFZ222 80E EXIT
323965.589 AGA229 80E ENTRY
324465.589 AGA229 90E MAINROAD
324965.589 AGA229 100E EXIT
325965.589 AGB236 100E ENTRY
326465.589 AGB236 110E MAINROAD
326965.589 AGB236 120E EXIT
327965.589 AGC243 120E ENTRY
328465.589 AGC243 130E MAINROAD
328965.589 AGC243 140E EXIT
329965.589 AGD250 140E ENTRY
330465.589 AGD250 150E MAINROAD
330965.589 AGD250 160E EXIT
331965.589 AGE257 160E ENTRY
332465.589 AGE257 170E MAINROAD
332965.589 AGE257 180E EXIT
333965.589 AGF264 180E ENTRY
334465.589 AGF264 190E MAINROAD
334965.589 AGF264 200E EXIT
335965.589 AGG271 200E ENTRY
336465.589 AGG271 210E MAINROAD
336965.589 AGG271 220E EXIT
337965.589 AGH278 220E ENTRY
338465.589 AGH278 230E MAINROAD
338965.589 AGH278 240E EXIT
339965.589 AGI285 240E ENTRY
340465.589 AGI285 250E MAINROAD
340965.589 AGI285 260E EXIT
341965.589 AGJ292 260E ENTRY
342465.589 AGJ292 270E MAINROAD
342965.589 AGJ292 280E EXIT
343965.589 AGK299 280E ENTRY
344465.589 AGK299 290E MAINROAD
344965.589 AGK299 300E EXIT
345965.589 AGL306 300E ENTRY
346465.589 AGL306 310E MAINROAD
346965.589 AGL306 320E EXIT
347965.589 AGM313 320E ENTRY
348465.589 AGM313 330E MAINROAD
348965.589 AGM313 340E EXIT
349965.589 AGN320 340E ENTRY
350465.589 AGN320 350E MAINROAD
350965.589 AGN320 360E EXIT
351965.589 AGO327 360E ENTRY
352465.589 AGO327 370E MAINROAD
352965.589 AGO327 380E EXIT
353965.589 AGP334 0E ENTRY
354465.589 AGP334 10E MAINROAD
354965.589 AGP334 20E EXIT
355965.589 AGQ341 20E ENTRY
356465.589 AGQ341 30E MAINROAD
356965.589 AGQ341 40E EXIT
357965.589 AGR348 40E ENTRY
358465.589 AGR348 50E MAINROAD
358965.589 AGR348 60E EXIT
359965.589 AGS355 60E ENTRY
360465.589 AGS355 70E MAINROAD
360965.589 AGS355 80E EXIT
361965.589 AGT362 80E ENTRY
362465.589 AGT362 90E MAINROAD
362965.589 AGT362 100E EXIT
363965.589 AGU369 100E ENTRY
364465.589 AGU369 110E MAINROAD
364965.589 AGU369 120E EXIT
365965.589 AGV376 120E ENTRY
366465.589 AGV376 130E MAINROAD
366965.589 AGV376 140E EXIT
367965.589 AGW383 140E ENTRY
368465.589 AGW383 150E MAINROAD
368965.589 AGW383 160E EXIT
369965.589 AGX390 160E ENTRY
370465.589 AGX390 170E MAINROAD
370965.589 AGX390 180E EXIT
371965.589 AGY397 180E ENTRY
372465.589 AGY397 190E MAINROAD
372965.589 AGY397 200E EXIT
373965.589 AGZ404 200E ENTRY
374465.589 AGZ404 210E MAINROAD
374965.589 AGZ404 220E EXIT
375965.589 AHA411 220E ENTRY
376465.589 AHA411 230E MAINROAD
376965.589 AHA411 240E EXIT
377965.589 AHB418 240E ENTRY
378465.589 AHB418 250E MAINROAD
378965.589 AHB418 260E EXIT
379965.589 AHC425 260E ENTRY
380465.589 AHC425 270E MAINROAD
380965.589 AHC425 280E EXIT
381965.589 AHD432 280E ENTRY
382465.589 AHD432 290E MAINROAD
382965.589 AHD432 300E EXIT
383965.589 AHE439 300E ENTRY
384465.589 AHE439 310E MAINROAD
384965.589 AHE439 320E EXIT
385965.589 AHF446 320E ENTRY
386465.589 AHF446 330E MAINROAD
386965.589 AHF446 340E EXIT
387965.589 AHG453 340E ENTRY
388465.589 AHG453 350E MAINROAD
388965.589 AHG453 360E EXIT
389965.589 AHH460 360E ENTRY
390465.589 AHH460 370E MAINROAD
390965.589 AHH460 380E EXIT
391965.589 AHI467 0E ENTRY
392465.589 AHI467 10E MAINROAD
392965.589 AHI467 20E EXIT
393965.589 AHJ474 20E ENTRY
394465.589 AHJ474 30E MAINROAD
394965.589 AHJ474 40E EXIT
395965.589 AHK481 40E ENTRY
396465.589 AHK481 50E MAINROAD
396965.589 AHK481 60E EXIT
397965.589 AHL488 60E ENTRY
398465.589 AHL488 70E MAINROAD
398965.589 AHL488 80E EXIT
399965.589 AHM495 80E ENTRY
400465.589 AHM495 90E MAINROAD
400965.589 AHM495 100E EXIT
401965.589 AHN502 100E ENTRY
402465.589 AHN502 110E MAINROAD
402965.589 AHN502 120E EXIT
403965.589 AHO509 120E ENTRY
404465.589 AHO509 130E MAINROAD
404965.589 AHO509 140E EXIT
405965.589 AHP516 140E ENTRY
406465.589 AHP516 150E MAINROAD
406965.589 AHP516 160E EXIT
407965.589 AHQ523 160E ENTRY
408465.589 AHQ523 170E MAINROAD
408965.589 AHQ523 180E EXIT
409965.589 AHR530 180E ENTRY
410465.589 AHR530 190E MAINROAD
410965.589 AHR530 200E EXIT
411965.589 AHS537 200E ENTRY
412465.589 AHS537 210E MAINROAD
412965.589 AHS537 220E EXIT
413965.589 AHT544 220E ENTRY
414465.589 AHT544 230E MAINROAD
414965.589 AHT544 240E EXIT
415965.589 AHU551 240E ENTRY
416465.589 AHU551 250E MAINROAD
416965.589 AHU551 260E EXIT
417965.589 AHV558 260E ENTRY
418465.589 AHV558 270E MAINROAD
418965.589 AHV558 280E EXIT
419965.589 AHW565 280E ENTRY
420465.589 AHW565 290E MAINROAD
420965.589 AHW565 300E EXIT
421965.589 AHX572 300E ENTRY
422465.589 AHX572 310E MAINROAD
422965.589 AHX572 320E EXIT
423965.589 AHY579 320E ENTRY
424465.589 AHY579 330E MAINROAD
424965.589 AHY579 340E EXIT
425965.589 AHZ586 340E ENTRY
426465.589 AHZ586 350E MAINROAD
426965.589 AHZ586 360E EXIT
427965.589 AIA593 360E ENTRY
428465.589 AIA593 370E MAINROAD
428965.589 AIA593 380E EXIT
429965.589 AIB600 0E ENTRY
430465.589 AIB600 10E MAINROAD
430965.589 AIB600 20E EXIT
431965.589 AIC607 20E ENTRY
432465.589 AIC607 30E MAINROAD
432965.589 AIC607 40E EXIT
433965.589 AID614 40E ENTRY
434465.589 AID614 50E MAINROAD
434965.589 AID614 60E EXIT
435965.589 AIE621 60E ENTRY
436465.589 AIE621 70E MAINROAD
436965.589 AIE621 80E EXIT
437965.589 AIF628 80E ENTRY
438465.589 AIF628 90E MAINROAD
438965.589 AIF628 100E EXIT
439965.589 AIG635 100E ENTRY
440465.589 AIG635 110E MAINROAD
440965.589 AIG635 120E EXIT
441965.589 AIH642 120E ENTRY
442465.589 AIH642 130E MAINROAD
442965.589 AIH642 140E EXIT
443965.589 AII649 140E ENTRY
444465.589 AII649 150E MAINROAD
444965.589 AII649 160E EXIT
445965.589 AIJ656 160E ENTRY
446465.589 AIJ656 170E MAINROAD
446965.589 AIJ656 180E EXIT
447965.589 AIK663 180E ENTRY
448465.589 AIK663 190E MAINROAD
448965.589 AIK663 200E EXIT
449965.589 AIL670 200E ENTRY
450465.589 AIL670 210E MAINROAD
450965.589 AIL670 220E EXIT
451965.589 AIM677 220E ENTRY
452465.589 AIM677 230E MAINROAD
452965.589 AIM677 240E EXIT
453965.589 AIN684 240E ENTRY
454465.589 AIN684 250E MAINROAD
454965.589 AIN684 260E EXIT
455965.589 AIO691 260E ENTRY
456465.589 AIO691 270E MAINROAD
456965.589 AIO691 280E EXIT
457965.589 AIP698 280E ENTRY
458465.589 AIP698 290E MAINROAD
458965.589 AIP698 300E EXIT
459965.589 AIQ705 300E ENTRY
460465.589 AIQ705 310E MAINROAD
460965.589 AIQ705 320E EXIT
461965.589 AIR712 320E ENTRY
462465.589 AIR712 330E MAINROAD
462965.589 AIR712 340E EXIT
463965.589 AIS719 340E ENTRY
464465.589 AIS719 350E MAINROAD
464965.589 AIS719 360E EXIT
465965.589 AIT726 360E ENTRY
466465.589 AIT726 370E MAINROAD
466965.589 AIT726 380E EXIT
467965.589 AIU733 0E ENTRY
468465.589 AIU733 10E MAINROAD
468965.589 AIU733 20E EXIT
469965.589 AIV740 20E ENTRY
470465.589 AIV740 30E MAINROAD
470965.589 AIV740 40E EXIT
471965.589 AIW747 40E ENTRY
472465.589 AIW747 50E MAINROAD
472965.589 AIW747 60E EXIT
473965.589 AIX754 60E ENTRY
474465.589 AIX754 70E MAINROAD
474965.589 AIX754 80E EXIT
475965.589 AIY761 80E ENTRY
476465.589 AIY761 90E MAINROAD
476965.589 AIY761 100E EXIT
477965.589 AIZ768 100E ENTRY
478465.589 AIZ768 110E MAINROAD
478965.589 AIZ768 120E EXIT
479965.589 AJA775 120E ENTRY
480465.589 AJA775 130E MAINROAD
480965.589 AJA775 140E EXIT
481965.589 AJB782 140E ENTRY
482465.589 AJB782 150E MAINROAD
482965.589 AJB782 160E EXIT
483965.589 AJC789 160E ENTRY
484465.589 AJC789 170E MAINROAD
484965.589 AJC789 180E EXIT
485965.589 AJD796 180E ENTRY
486465.589 AJD796 190E MAINROAD
486965.589 AJD796 200E EXIT
487965.589 AJE803 200E ENTRY
488465.589 AJE803 210E MAINROAD
488965.589 AJE803 220E EXIT
489965.589 AJF810 220E ENTRY
490465.589 AJF810 230E MAINROAD
490965.589 AJF810 240E EXIT
491965.589 AJG817 240E ENTRY
492465.589 AJG817 250E MAINROAD
492965.589 AJG817 260E EXIT
493965.589 AJH824 260E ENTRY
494465.589 AJH824 270E MAINROAD
494965.589 AJH824 280E EXIT
495965.589 AJI831 280E ENTRY
496465.589 AJI831 290E MAINROAD
496965.589 AJI831 300E EXIT
497965.589 AJJ838 300E ENTRY
498465.589 AJJ838 310E MAINROAD
498965.589 AJJ838 320E EXIT
499965.589 AJK845 320E ENTRY
500465.589 AJK845 330E MAINROAD
500965.589 AJK845 340E EXIT
501965.589 AJL852 340E ENTRY
502465.589 AJL852 350E MAINROAD
502965.589 AJL852 360E EXIT
503965.589 AJM859 360E ENTRY
504465.589 AJM859 370E MAINROAD
504965.589 AJM859 380E EXIT
505965.589 AJN866 0E ENTRY
506465.589 AJN866 10E MAINROAD
506965.589 AJN866 20E EXIT
507965.589 AJO873 20E ENTRY
508465.589 AJO873 30E MAINROAD
508965.589 AJO873 40E EXIT
509965.589 AJP880 40E ENTRY
510465.589 AJP880 50E MAINROAD
510965.589 AJP880 60E EXIT
511965.589 AJQ887 60E ENTRY
512465.589 AJQ887 70E MAINROAD
512965.589 AJQ887 80E EXIT
513965.589 AJR894 80E ENTRY
514465.589 AJR894 90E MAINROAD
514965.589 AJR894 100E EXIT
515965.589 AJS901 100E ENTRY
516465.589 AJS901 110E MAINROAD
516965.589 AJS901 120E EXIT
517965.589 AJT908 120E ENTRY
518465.589 AJT908 130E MAINROAD
518965.589 AJT908 140E EXIT
519965.589 AJU915 140E ENTRY
520465.589 AJU915 150E MAINROAD
520965.589 AJU915 160E EXIT
521965.589 AJV922 160E ENTRY
522465.589 AJV922 170E MAINROAD
522965.589 AJV922 180E EXIT
523965.589 AJW929 180E ENTRY
524465.589 AJW929 190E MAINROAD
524965.589 AJW929 200E EXIT
525965.589 AJX936 200E ENTRY
526465.589 AJX936 210E MAINROAD
526965.589 AJX936 220E EXIT
527965.589 AJY943 220E ENTRY
528465.589 AJY943 230E MAINROAD
528965.589 AJY943 240E EXIT
529965.589 AJZ950 240E ENTRY
530465.589 AJZ950 250E MAINROAD
530965.589 AJZ950 260E EXIT
531965.589 AKA957 260E ENTRY
532465.589 AKA957 270E MAINROAD
532965.589 AKA957 280E EXIT
533965.589 AKB964 280E ENTRY
534465.589 AKB964 290E MAINROAD
534965.589 AKB964 300E EXIT
535965.589 AKC971 300E ENTRY
536465.589 AKC971 310E MAINROAD
536965.589 AKC971 320E EXIT
537965.589 AKD978 320E ENTRY
538465.589 AKD978 330E MAINROAD
538965.589 AKD978 340E EXIT
539965.589 AKE985 340E ENTRY
540465.589 AKE985 350E MAINROAD
540965.589 AKE985 360E EXIT
541965.589 AKF992 360E ENTRY
542465.589 AKF992 370E MAINROAD
542965.589 AKF992 380E EXIT
543965.589 AKG999 0E ENTRY
544465.589 AKG999 10E MAINROAD
544965.589 AKG999 20E EXIT
545965.589 AKH006 20E ENTRY
546465.589 AKH006 30E MAINROAD
546965.589 AKH006 40E EXIT
547965.589 AKI013 40E ENTRY
548465.589 AKI013 50E MAINROAD
548965.589 AKI013 60E EXIT
549965.589 AKJ020 60E ENTRY
550465.589 AKJ020 70E MAINROAD
550965.589 AKJ020 80E EXIT
551965.589 AKK027 80E ENTRY
552465.589 AKK027 90E MAINROAD
552965.589 AKK027 100E EXIT
553965.589 AKL034 100E ENTRY
554465.589 AKL034 110E MAINROAD
554965.589 AKL034 120E EXIT
555965.589 AKM041 120E ENTRY
556465.589 AKM041 130E MAINROAD
556965.589 AKM041 140E EXIT
557965.589 AKN048 140E ENTRY
558465.589 AKN048 150E MAINROAD
558965.589 AKN048 160E EXIT
559965.589 AKO055 160E ENTRY
560465.589 AKO055 170E MAINROAD
560965.589 AKO055 180E EXIT
561965.589 AKP062 180E ENTRY
562465.589 AKP062 190E MAINROAD
562965.589 AKP062 200E EXIT
563965.589 AKQ069 200E ENTRY
564465.589 AKQ069 210E MAINROAD
564965.589 AKQ069 220E EXIT
565965.589 AKR076 220E ENTRY
566465.589 AKR076 230E MAINROAD
566965.589 AKR076 240E EXIT
567965.589 AKS083 240E ENTRY
568465.589 AKS083 250E MAINROAD
568965.589 AKS083 260E EXIT
569965.589 AKT090 260E ENTRY
570465.589 AKT090 270E MAINROAD
570965.589 AKT090 280E EXIT
571965.589 AKU097 280E ENTRY
572465.589 AKU097 290E MAINROAD
572965.589 AKU097 300E EXIT
573965.589 AKV104 300E ENTRY
574465.589 AKV104 310E MAINROAD
574965.589 AKV104 320E EXIT
575965.589 AKW111 320E ENTRY
576465.589 AKW111 330E MAINROAD
576965.589 AKW111 340E EXIT
577965.589 AKX118 340E ENTRY
578465.589 AKX118 350E MAINROAD
578965.589 AKX118 360E EXIT
579965.589 AKY125 360E ENTRY
580465.589 AKY125 370E MAINROAD
580965.589 AKY125 380E EXIT
581965.589 AKZ132 0E ENTRY
582465.589 AKZ132 10E MAINROAD
582965.589 AKZ132 20E EXIT
583965.589 ALA139 20E ENTRY
584465.589 ALA139 30E MAINROAD
584965.589 ALA139 40E EXIT
585965.589 ALB146 40E ENTRY
586465.589 ALB146 50E MAINROAD
586965.589 ALB146 60E EXIT
587965.589 ALC153 60E ENTRY
588465.589 ALC153 70E MAINROAD
588965.589 ALC153 80E EXIT
589965.589 ALD160 80E ENTRY
590465.589 ALD160 90E MAINROAD
590965.589 ALD160 100E EXIT
591965.589 ALE167 100E ENTRY
592465.589 ALE167 110E MAINROAD
592965.589 ALE167 120E EXIT
593965.589 ALF174 120E ENTRY
594465.589 ALF174 130E MAINROAD
594965.589 ALF174 140E EXIT
595965.589 ALG181 140E ENTRY
596465.589 ALG181 150E MAINROAD
596965.589 ALG181 160E EXIT
597965.589 ALH188 160E ENTRY
598465.589 ALH188 170E MAINROAD
598965.589 ALH188 180E EXIT
599965.589 ALI195 180E ENTRY
600465.589 ALI195 190E MAINROAD
600965.589 ALI195 200E EXIT
601965.589 ALJ202 200E ENTRY
602465.589 ALJ202 210E MAINROAD
602965.589 ALJ202 220E EXIT
603965.589 ALK209 220E ENTRY
604465.589 ALK209 230E MAINROAD
604965.589 ALK209 240E EXIT
605965.589 ALL216 240E ENTRY
606465.589 ALL216 250E MAINROAD
606965.589 ALL216 260E EXIT
607965.589 ALM223 260E ENTRY
608465.589 ALM223 270E MAINROAD
608965.589 ALM223 280E EXIT
609965.589 ALN230 280E ENTRY
610465.589 ALN230 290E MAINROAD
610965.589 ALN230 300E EXIT
611965.589 ALO237 300E ENTRY
612465.589 ALO237 310E MAINROAD
612965.589 ALO237 320E EXIT
613965.589 ALP244 320E ENTRY
614465.589 ALP244 330E MAINROAD
614965.589 ALP244 340E EXIT
615965.589 ALQ251 340E ENTRY
616465.589 ALQ251 350E MAINROAD
616965.589 ALQ251 360E EXIT
617965.589 ALR258 360E ENTRY
618465.589 ALR258 370E MAINROAD
618965.589 ALR258 380E EXIT
619965.589 ALS265 0E ENTRY
620465.589 ALS265 10E MAINROAD
620965.589 ALS265 20E EXIT
621965.589 ALT272 20E ENTRY
622465.589 ALT272 30E MAINROAD
622965.589 ALT272 40E EXIT
623965.589 ALU279 40E ENTRY
624465.589 ALU279 50E MAINROAD
624965.589 ALU279 60E EXIT
625965.589 ALV286 60E ENTRY
626465.589 ALV286 70E MAINROAD
626965.589 ALV286 80E EXIT
627965.589 ALW293 80E ENTRY
628465.589 ALW293 90E MAINROAD
628965.589 ALW293 100E EXIT
629965.589 ALX300 100E ENTRY
630465.589 ALX300 110E MAINROAD
630965.589 ALX300 120E EXIT
631965.589 ALY307 120E ENTRY
632465.589 ALY307 130E MAINROAD
632965.589 ALY307 140E EXIT
633965.589 ALZ314 140E ENTRY
634465.589 ALZ314 150E MAINROAD
634965.589 ALZ314 160E EXIT
635965.589 AMA321 160E ENTRY
636465.589 AMA321 170E MAINROAD
636965.589 AMA321 180E EXIT
637965.589 AMB328 180E ENTRY
638465.589 AMB328 190E MAINROAD
638965.589 AMB328 200E EXIT
639965.589 AMC335 200E ENTRY
640465.589 AMC335 210E MAINROAD
640965.589 AMC335 220E EXIT
641965.589 AMD342 220E ENTRY
642465.589 AMD342 230E MAINROAD
642965.589 AMD342 240E EXIT
643965.589 AME349 240E ENTRY
644465.589 AME349 250E MAINROAD
644965.589 AME349 260E EXIT
645965.589 AMF356 260E ENTRY
646465.589 AMF356 270E MAINROAD
646965.589 AMF356 280E EXIT
647965.589 AMG363 280E ENTRY
648465.589 AMG363 290E MAINROAD
648965.589 AMG363 300E EXIT
649965.589 AMH370 300E ENTRY
650465.589 AMH370 310E MAINROAD
650965.589 AMH370 320E EXIT
651965.589 AMI377 320E ENTRY
652465.589 AMI377 330E MAINROAD
652965.589 AMI377 340E EXIT
653965.589 AMJ384 340E ENTRY
654465.589 AMJ384 350E MAINROAD
654965.589 AMJ384 360E EXIT
655965.589 AMK391 360E ENTRY
656465.589 AMK391 370E MAINROAD
656965.589 AMK391 380E EXIT
657965.589 AML398 0E ENTRY
658465.589 AML398 10E MAINROAD
658965.589 AML398 20E EXIT
659965.589 AMM405 20E ENTRY
660465.589 AMM405 30E MAINROAD
660965.589 AMM405 40E EXIT
661965.589 AMN412 40E ENTRY
662465.589 AMN412 50E MAINROAD
662965.589 AMN412 60E EXIT
663965.589 AMO419 60E ENTRY
664465.589 AMO419 70E MAINROAD
664965.589 AMO419 80E EXIT
665965.589 AMP426 80E ENTRY
666465.589 AMP426 90E MAINROAD
666965.589 AMP426 100E EXIT
667965.589 AMQ433 100E ENTRY
668465.589 AMQ433 110E MAINROAD
668965.589 AMQ433 120E EXIT
669965.589 AMR440 120E ENTRY
670465.589 AMR440 130E MAINROAD
670965.589 AMR440 140E EXIT
671965.589 AMS447 140E ENTRY
672465.589 AMS447 150E MAINROAD
672965.589 AMS447 160E EXIT
673965.589 AMT454 160E ENTRY
674465.589 AMT454 170E MAINROAD
674965.589 AMT454 180E EXIT
675965.589 AMU461 180E ENTRY
676465.589 AMU461 190E MAINROAD
676965.589 AMU461 200E EXIT
677965.589 AMV468 200E ENTRY
678465.589 AMV468 210E MAINROAD
678965.589 AMV468 220E EXIT
679965.589 AMW475 220E ENTRY
680465.589 AMW475 230E MAINROAD
680965.589 AMW475 240E EXIT
681965.589 AMX482 240E ENTRY
682465.589 AMX482 250E MAINROAD
682965.589 AMX482 260E EXIT
683965.589 AMY489 260E ENTRY
684465.589 AMY489 270E MAINROAD
684965.589 AMY489 280E EXIT
685965.589 AMZ496 280E ENTRY
686465.589 AMZ496 290E MAINROAD
686965.589 AMZ496 300E EXIT
687965.589 ANA503 300E ENTRY
688465.589 ANA503 310E MAINROAD
688965.589 ANA503 320E EXIT
689965.589 ANB510 320E ENTRY
690465.589 ANB510 330E MAINROAD
690965.589 ANB510 340E EXIT
691965.589 ANC517 340E ENTRY
692465.589 ANC517 350E MAINROAD
692965.589 ANC517 360E EXIT
693965.589 AND524 360E ENTRY
694465.589 AND524 370E MAINROAD
694965.589 AND524 380E EXIT
695965.589 ANE531 0E ENTRY
696465.589 ANE531 10E MAINROAD
696965.589 ANE531 20E EXIT
697965.589 ANF538 20E ENTRY
698465.589 ANF538 30E MAINROAD
698965.589 ANF538 40E EXIT
699965.589 ANG545 40E ENTRY
700465.589 ANG545 50E MAINROAD
700965.589 ANG545 60E EXIT
701965.589 ANH552 60E ENTRY
702465.589 ANH552 70E MAINROAD
702965.589 ANH552 80E EXIT
703965.589 ANI559 80E ENTRY
704465.589 ANI559 90E MAINROAD
704965.589 ANI559 100E EXIT
705965.589 ANJ566 100E ENTRY
706465.589 ANJ566 110E MAINROAD
706965.589 ANJ566 120E EXIT
707965.589 ANK573 120E ENTRY
708465.589 ANK573 130E MAINROAD
708965.589 ANK573 140E EXIT
709965.589 ANL580 140E ENTRY
710465.589 ANL580 150E MAINROAD
710965.589 ANL580 160E EXIT
711965.589 ANM587 160E ENTRY
712465.589 ANM587 170E MAINROAD
712965.589 ANM587 180E EXIT
713965.589 ANN594 180E ENTRY
714465.589 ANN594 190E MAINROAD
714965.589 ANN594 200E EXIT
715965.589 ANO601 200E ENTRY
716465.589 ANO601 210E MAINROAD
716965.589 ANO601 220E EXIT
717965.589 ANP608 220E ENTRY
718465.589 ANP608 230E MAINROAD
718965.589 ANP608 240E EXIT
719965.589 ANQ615 240E ENTRY
720465.589 ANQ615 250E MAINROAD
720965.589 ANQ615 260E EXIT
721965.589 ANR622 260E ENTRY
722465.589 ANR622 270E MAINROAD
722965.589 ANR622 280E EXIT
723965.589 ANS629 280E ENTRY
724465.589 ANS629 290E MAINROAD
724965.589 ANS629 300E EXIT
725965.589 ANT636 300E ENTRY
726465.589 ANT636 310E MAINROAD
726965.589 ANT636 320E EXIT
727965.589 ANU643 320E ENTRY
728465.589 ANU643 330E MAINROAD
728965.589 ANU643 340E EXIT
729965.589 ANV650 340E ENTRY
730465.589 ANV650 350E MAINROAD
730965.589 ANV650 360E EXIT
731965.589 ANW657 360E ENTRY
732465.589 ANW657 370E MAINROAD
732965.589 ANW657 380E EXIT
733965.589 ANX664 0E ENTRY
734465.589 ANX664 10E MAINROAD
734965.589 ANX664 20E EXIT
735965.589 ANY671 20E ENTRY
736465.589 ANY671 30E MAINROAD
736965.589 ANY671 40E EXIT
737965.589 ANZ678 40E ENTRY
738465.589 ANZ678 50E MAINROAD
738965.589 ANZ678 60E EXIT
739965.589 AOA685 60E ENTRY
740465.589 AOA685 70E MAINROAD
740965.589 AOA685 80E EXIT
741965.589 AOB692 80E ENTRY
742465.589 AOB692 90E MAINROAD
742965.589 AOB692 100E EXIT
743965.589 AOC699 100E ENTRY
744465.589 AOC699 110E MAINROAD
744965.589 AOC699 120E EXIT
745965.589 AOD706 120E ENTRY
746465.589 AOD706 130E MAINROAD
746965.589 AOD706 140E EXIT
747965.589 AOE713 140E ENTRY
748465.589 AOE713 150E MAINROAD
748965.589 AOE713 160E EXIT
749965.589 AOF720 160E ENTRY
750465.589 AOF720 170E MAINROAD
750965.589 AOF720 180E EXIT
751965.589 AOG727 180E ENTRY
752465.589 AOG727 190E MAINROAD
752965.589 AOG727 200E EXIT
753965.589 AOH734 200E ENTRY
754465.589 AOH734 210E MAINROAD
754965.589 AOH734 220E EXIT
755965.589 AOI741 220E ENTRY
756465.589 AOI741 230E MAINROAD
756965.589 AOI741 240E EXIT
757965.589 AOJ748 240E ENTRY
758465.589 AOJ748 250E MAINROAD
758965.589 AOJ748 260E EXIT
759965.589 AOK755 260E ENTRY
760465.589 AOK755 270E MAINROAD
760965.589 AOK755 280E EXIT
761965.589 AOL762 280E ENTRY
762465.589 AOL762 290E MAINROAD
762965.589 AOL762 300E EXIT
763965.589 AOM769 300E ENTRY
764465.589 AOM769 310E MAINROAD
764965.589 AOM769 320E EXIT
765965.589 AON776 320E ENTRY
766465.589 AON776 330E MAINROAD
766965.589 AON776 340E EXIT
767965.589 AOO783 340E ENTRY
768465.589 AOO783 350E MAINROAD
768965.589 AOO783 360E EXIT
769965.589 AOP790 360E ENTRY
770465.589 AOP790 370E MAINROAD
770965.589 AOP790 380E EXIT
771965.589 AOQ797 0E ENTRY
772465.589 AOQ797 10E MAINROAD
772965.589 AOQ797 20E EXIT
773965.589 AOR804 20E ENTRY
774465.589 AOR804 30E MAINROAD
774965.589 AOR804 40E EXIT
775965.589 AOS811 40E ENTRY
776465.589 AOS811 50E MAINROAD
776965.589 AOS811 60E EXIT
777965.589 AOT818 60E ENTRY
778465.589 AOT818 70E MAINROAD
778965.589 AOT818 80E EXIT
779965.589 AOU825 80E ENTRY
780465.589 AOU825 90E MAINROAD
780965.589 AOU825 100E EXIT
781965.589 AOV832 100E ENTRY
782465.589 AOV832 110E MAINROAD
782965.589 AOV832 120E EXIT
783965.589 AOW839 120E ENTRY
784465.589 AOW839 130E MAINROAD
784965.589 AOW839 140E EXIT
785065.589 AOX846 0E ENTRY
785565.589 AOX846 10E MAINROAD
786065.589 AOX846 20E EXIT
787065.589 AOY853 20E ENTRY
787565.589 AOY853 30E MAINROAD
788065.589 AOY853 40E EXIT
789065.589 AOZ860 40E ENTRY
789565.589 AOZ860 50E MAINROAD
790065.589 AOZ860 60E EXIT
791065.589 APA867 60E ENTRY
791565.589 APA867 70E MAINROAD
792065.589 APA867 80E EXIT
793065.589 APB874 80E ENTRY
793565.589 APB874 90E MAINROAD
794065.589 APB874 100E EXIT
795065.589 APC881 100E ENTRY
795565.589 APC881 110E MAINROAD
796065.589 APC881 120E EXIT
797065.589 APD888 120E ENTRY
797565.589 APD888 130E MAINROAD
798065.589 APD888 140E EXIT
799065.589 APE895 140E ENTRY
799565.589 APE895 150E MAINROAD
800065.589 APE895 160E EXIT
801065.589 APF902 160E ENTRY
801565.589 APF902 170E MAINROAD
802065.589 APF902 180E EXIT
803065.589 APG909 180E ENTRY
803565.589 APG909 190E MAINROAD
804065.589 APG909 200E EXIT
805065.589 APH916 200E ENTRY
805565.589 APH916 210E MAINROAD
806065.589 APH916 220E EXIT
807065.589 API923 220E ENTRY
807565.589 API923 230E MAINROAD
808065.589 API923 240E EXIT
809065.589 APJ930 240E ENTRY
809565.589 APJ930 250E MAINROAD
810065.589 APJ930 260E EXIT
811065.589 APK937 260E ENTRY
811565.589 APK937 270E MAINROAD
812065.589 APK937 280E EXIT
813065.589 APL944 280E ENTRY
813565.589 APL944 290E MAINROAD
814065.589 APL944 300E EXIT
815065.589 APM951 300E ENTRY
815565.589 APM951 310E MAINROAD
816065.589 APM951 320E EXIT
817065.589 APN958 320E ENTRY
817565.589 APN958 330E MAINROAD
818065.589 APN958 340E EXIT
819065.589 APO965 340E ENTRY
819565.589 APO965 350E MAINROAD
820065.589 APO965 360E EXIT
821065.589 APP972 360E ENTRY
821565.589 APP972 370E MAINROAD
822065.589 APP972 380E EXIT
823065.589 APQ979 0E ENTRY
823565.589 APQ979 10E MAINROAD
824065.589 APQ979 20E EXIT
825065.589 APR986 20E ENTRY
825565.589 APR986 30E MAINROAD
826065.589 APR986 40E EXIT
827065.589 APS993 40E ENTRY
827565.589 APS993 50E MAINROAD
828065.589 APS993 60E EXIT
829065.589 APT000 60E ENTRY
829565.589 APT000 70E MAINROAD
830065.589 APT000 80E EXIT
831065.589 APU007 80E ENTRY
831565.589 APU007 90E MAINROAD
832065.589 APU007 100E EXIT
833065.589 APV014 100E ENTRY
833565.589 APV014 110E MAINROAD
834065.589 APV014 120E EXIT
835065.589 APW021 120E ENTRY
835565.589 APW021 130E MAINROAD
836065.589 APW021 140E EXIT
837065.589 APX028 140E ENTRY
837565.589 APX028 150E MAINROAD
838065.589 APX028 160E EXIT
839065.589 APY035 160E ENTRY
839565.589 APY035 170E MAINROAD
840065.589 APY035 180E EXIT
841065.589 APZ042 180E ENTRY
841565.589 APZ042 190E MAINROAD
842065.589 APZ042 200E EXIT
843065.589 AQA049 200E ENTRY
843565.589 AQA049 210E MAINROAD
844065.589 AQA049 220E EXIT
845065.589 AQB056 220E ENTRY
845565.589 AQB056 230E MAINROAD
846065.589 AQB056 240E EXIT
847065.589 AQC063 240E ENTRY
847565.589 AQC063 250E MAINROAD
848065.589 AQC063 260E EXIT
849065.589 AQD070 260E ENTRY
849565.589 AQD070 270E MAINROAD
850065.589 AQD070 280E EXIT
851065.589 AQE077 280E ENTRY
851565.589 AQE077 290E MAINROAD
852065.589 AQE077 300E EXIT
853065.589 AQF084 300E ENTRY
853565.589 AQF084 310E MAINROAD
854065.589 AQF084 320E EXIT
855065.589 AQG091 320E ENTRY
855565.589 AQG091 330E MAINROAD
856065.589 AQG091 340E EXIT
857065.589 AQH098 340E ENTRY
857565.589 AQH098 350E MAINROAD
858065.589 AQH098 360E EXIT
859065.589 AQI105 360E ENTRY
859565.589 AQI105 370E MAINROAD
860065.589 AQI105 380E EXIT
861065.589 AQJ112 0E ENTRY
861565.589 AQJ112 10E MAINROAD
862065.589 AQJ112 20E EXIT
863065.589 AQK119 20E ENTRY
863565.589 AQK119 30E MAINROAD
864065.589 AQK119 40E EXIT
865065.589 AQL126 40E ENTRY
865565.589 AQL126 50E MAINROAD
866065.589 AQL126 60E EXIT
867065.589 AQM133 60E ENTRY
867565.589 AQM133 70E MAINROAD
868065.589 AQM133 80E EXIT
869065.589 AQN140 80E ENTRY
869565.589 AQN140 90E MAINROAD
870065.589 AQN140 100E EXIT
871065.589 AQO147 100E ENTRY
871565.589 AQO147 110E MAINROAD
872065.589 AQO147 120E EXIT
873065.589 AQP154 120E ENTRY
873565.589 AQP154 130E MAINROAD
874065.589 AQP154 140E EXIT
875065.589 AQQ161 140E ENTRY
875565.589 AQQ161 150E MAINROAD
876065.589 AQQ161 160E EXIT
877065.589 AQR168 160E ENTRY
877565.589 AQR168 170E MAINROAD
878065.589 AQR168 180E EXIT
879065.589 AQS175 180E ENTRY
879565.589 AQS175 190E MAINROAD
880065.589 AQS175 200E EXIT
881065.589 AQT182 200E ENTRY
881565.589 AQT182 210E MAINROAD
882065.589 AQT182 220E EXIT
883065.589 AQU189 220E ENTRY
883565.589 AQU189 230E MAINROAD
884065.589 AQU189 240E EXIT
885065.589 AQV196 240E ENTRY
885565.589 AQV196 250E MAINROAD
886065.589 AQV196 260E EXIT
887065.589 AQW203 260E ENTRY
887565.589 AQW203 270E MAINROAD
888065.589 AQW203 280E EXIT
889065.589 AQX210 280E ENTRY
889565.589 AQX210 290E MAINROAD
890065.589 AQX210 300E EXIT
891065.589 AQY217 300E ENTRY
891565.589 AQY217 310E MAINROAD
892065.589 AQY217 320E EXIT
893065.589 AQZ224 320E ENTRY
893565.589 AQZ224 330E MAINROAD
894065.589 AQZ224 340E EXIT
895065.589 ARA231 340E ENTRY
895565.589 ARA231 350E MAINROAD
896065.589 ARA231 360E EXIT
897065.589 ARB238 360E ENTRY
897565.589 ARB238 370E MAINROAD
898065.589 ARB238 380E EXIT
899065.589 ARC245 0E ENTRY
899565.589 ARC245 10E MAINROAD
900065.589 ARC245 20E EXIT
901065.589 ARD252 20E ENTRY
901565.589 ARD252 30E MAINROAD
902065.589 ARD252 40E EXIT
903065.589 ARE259 40E ENTRY
903565.589 ARE259 50E MAINROAD
904065.589 ARE259 60E EXIT
905065.589 ARF266 60E ENTRY
905565.589 ARF266 70E MAINROAD
906065.589 ARF266 80E EXIT
907065.589 ARG273 80E ENTRY
907565.589 ARG273 90E MAINROAD
908065.589 ARG273 100E EXIT
909065.589 ARH280 100E ENTRY
909565.589 ARH280 110E MAINROAD
910065.589 ARH280 120E EXIT
911065.589 ARI287 120E ENTRY
911565.589 ARI287 130E MAINROAD
912065.589 ARI287 140E EXIT
913065.589 ARJ294 140E ENTRY
913565.589 ARJ294 150E MAINROAD
914065.589 ARJ294 160E EXIT
915065.589 ARK301 160E ENTRY
915565.589 ARK301 170E MAINROAD
916065.589 ARK301 180E EXIT
917065.589 ARL308 180E ENTRY
917565.589 ARL308 190E MAINROAD
918065.589 ARL308 200E EXIT
919065.589 ARM315 200E ENTRY
919565.589 ARM315 210E MAINROAD
920065.589 ARM315 220E EXIT
921065.589 ARN322 220E ENTRY
921565.589 ARN322 230E MAINROAD
922065.589 ARN322 240E EXIT
923065.589 ARO329 240E ENTRY
923565.589 ARO329 250E MAINROAD
924065.589 ARO329 260E EXIT
925065.589 ARP336 260E ENTRY
925565.589 ARP336 270E MAINROAD
926065.589 ARP336 280E EXIT
927065.589 ARQ343 280E ENTRY
927565.589 ARQ343 290E MAINROAD
928065.589 ARQ343 300E EXIT
929065.589 ARR350 300E ENTRY
929565.589 ARR350 310E MAINROAD
930065.589 ARR350 320E EXIT
931065.589 ARS357 320E ENTRY
931565.589 ARS357 330E MAINROAD
932065.589 ARS357 340E EXIT
933065.589 ART364 340E ENTRY
933565.589 ART364 350E MAINROAD
934065.589 ART364 360E EXIT
935065.589 ARU371 360E ENTRY
935565.589 ARU371 370E MAINROAD
936065.589 ARU371 380E EXIT
937065.589 ARV378 0E ENTRY
937565.589 ARV378 10E MAINROAD
938065.589 ARV378 20E EXIT
939065.589 ARW385 20E ENTRY
939565.589 ARW385 30E MAINROAD
940065.589 ARW385 40E EXIT
941065.589 ARX392 40E ENTRY
941565.589 ARX392 50E MAINROAD
942065.589 ARX392 60E EXIT
943065.589 ARY399 60E ENTRY
943565.589 ARY399 70E MAINROAD
944065.589 ARY399 80E EXIT
945065.589 ARZ406 80E ENTRY
945565.589 ARZ406 90E MAINROAD
946065.589 ARZ406 100E EXIT
947065.589 ASA413 100E ENTRY
947565.589 ASA413 110E MAINROAD
948065.589 ASA413 120E EXIT
949065.589 ASB420 120E ENTRY
949565.589 ASB420 130E MAINROAD
950065.589 ASB420 140E EXIT
951065.589 ASC427 140E ENTRY
951565.589 ASC427 150E MAINROAD
952065.589 ASC427 160E EXIT
953065.589 ASD434 160E ENTRY
953565.589 ASD434 170E MAINROAD
954065.589 ASD434 180E EXIT
955065.589 ASE441 180E ENTRY
955565.589 ASE441 190E MAINROAD
956065.589 ASE441 200E EXIT
957065.589 ASF448 200E ENTRY
957565.589 ASF448 210E MAINROAD
958065.589 ASF448 220E EXIT
959065.589 ASG455 220E ENTRY
959565.589 ASG455 230E MAINROAD
960065.589 ASG455 240E EXIT
961065.589 ASH462 240E ENTRY
961565.589 ASH462 250E MAINROAD
962065.589 ASH462 260E EXIT
963065.589 ASI469 260E ENTRY
963565.589 ASI469 270E MAINROAD
964065.589 ASI469 280E EXIT
965065.589 ASJ476 280E ENTRY
965565.589 ASJ476 290E MAINROAD
966065.589 ASJ476 300E EXIT
967065.589 ASK483 300E ENTRY
967565.589 ASK483 310E MAINROAD
968065.589 ASK483 320E EXIT
969065.589 ASL490 320E ENTRY
969565.589 ASL490 330E MAINROAD
970065.589 ASL490 340E EXIT
971065.589 ASM497 340E ENTRY
971565.589 ASM497 350E MAINROAD
972065.589 ASM497 360E EXIT
973065.589 ASN504 360E ENTRY
973565.589 ASN504 370E MAINROAD
974065.589 ASN504 380E EXIT
975065.589 ASO511 0E ENTRY
975565.589 ASO511 10E MAINROAD
976065.589 ASO511 20E EXIT
977065.589 ASP518 20E ENTRY
977565.589 ASP518 30E MAINROAD
978065.589 ASP518 40E EXIT
979065.589 ASQ525 40E ENTRY
979565.589 ASQ525 50E MAINROAD
980065.589 ASQ525 60E EXIT
981065.589 ASR532 60E ENTRY
981565.589 ASR532 70E MAINROAD
982065.589 ASR532 80E EXIT
983065.589 ASS539 80E ENTRY
983565.589 ASS539 90E MAINROAD
984065.589 ASS539 100E EXIT
985065.589 AST546 100E ENTRY
985565.589 AST546 110E MAINROAD
986065.589 AST546 120E EXIT
987065.589 ASU553 120E ENTRY
987565.589 ASU553 130E MAINROAD
988065.589 ASU553 140E EXIT
989065.589 ASV560 140E ENTRY
989565.589 ASV560 150E MAINROAD
990065.589 ASV560 160E EXIT
991065.589 ASW567 160E ENTRY
991565.589 ASW567 170E MAINROAD
992065.589 ASW567 180E EXIT
993065.589 ASX574 180E ENTRY
993565.589 ASX574 190E MAINROAD
994065.589 ASX574 200E EXIT
995065.589 ASY581 200E ENTRY
995565.589 ASY581 210E MAINROAD
996065.589 ASY581 220E EXIT
997065.589 ASZ588 220E ENTRY
997565.589 ASZ588 230E MAINROAD
998065.589 ASZ588 240E EXIT
999065.589 ATA595 240E ENTRY
999565.589 ATA595 250E MAINROAD
1000065.589 ATA595 260E EXIT
1001065.589 ATB602 260E ENTRY
1001565.589 ATB602 270E MAINROAD
1002065.589 ATB602 280E EXIT
1003065.589 ATC609 280E ENTRY
1003565.589 ATC609 290E MAINROAD
1004065.589 ATC609 300E EXIT
1005065.589 ATD616 300E ENTRY
1005565.589 ATD616 310E MAINROAD
1006065.589 ATD616 320E EXIT
1007065.589 ATE623 320E ENTRY
1007565.589 ATE623 330E MAINROAD
1008065.589 ATE623 340E EXIT
1009065.589 ATF630 340E ENTRY
1009565.589 ATF630 350E MAINROAD
1010065.589 ATF630 360E EXIT
1011065.589 ATG637 360E ENTRY
1011565.589 ATG637 370E MAINROAD
1012065.589 ATG637 380E EXIT
1013065.589 ATH644 0E ENTRY
1013565.589 ATH644 10E MAINROAD
1014065.589 ATH644 20E EXIT
1015065.589 ATI651 20E ENTRY
1015565.589 ATI651 30E MAINROAD
1016065.589 ATI651 40E EXIT
1017065.589 ATJ658 40E ENTRY
1017565.589 ATJ658 50E MAINROAD
1018065.589 ATJ658 60E EXIT
1019065.589 ATK665 60E ENTRY
1019565.589 ATK665 70E MAINROAD
1020065.589 ATK665 80E EXIT
1021065.589 ATL672 80E ENTRY
1021565.589 ATL672 90E MAINROAD
1022065.589 ATL672 100E EXIT
1023065.589 ATM679 100E ENTRY
1023565.589 ATM679 110E MAINROAD
1024065.589 ATM679 120E EXIT
1025065.589 ATN686 120E ENTRY
1025565.589 ATN686 130E MAINROAD
1026065.589 ATN686 140E EXIT
1027065.589 ATO693 140E ENTRY
1027565.589 ATO693 150E MAINROAD
1028065.589 ATO693 160E EXIT
1029065.589 ATP700 160E ENTRY
1029565.589 ATP700 170E MAINROAD
1030065.589 ATP700 180E EXIT
1031065.589 ATQ707 180E ENTRY
1031565.589 ATQ707 190E MAINROAD
1032065.589 ATQ707 200E EXIT
1033065.589 ATR714 200E ENTRY
1033565.589 ATR714 210E MAINROAD
1034065.589 ATR714 220E EXIT
1035065.589 ATS721 220E ENTRY
1035565.589 ATS721 230E MAINROAD
1036065.589 ATS721 240E EXIT
1037065.589 ATT728 240E ENTRY
1037565.589 ATT728 250E MAINROAD
1038065.589 ATT728 260E EXIT
1039065.589 ATU735 260E ENTRY
1039565.589 ATU735 270E MAINROAD
1040065.589 ATU735 280E EXIT
1041065.589 ATV742 280E ENTRY
1041565.589 ATV742 290E MAINROAD
1042065.589 ATV742 300E EXIT
1043065.589 ATW749 300E ENTRY
1043565.589 ATW749 310E MAINROAD
1044065.589 ATW749 320E EXIT
1045065.589 ATX756 320E ENTRY
1045565.589 ATX756 330E MAINROAD
1046065.589 ATX756 340E EXIT
1047065.589 ATY763 340E ENTRY
1047565.589 ATY763 350E MAINROAD
1048065.589 ATY763 360E EXIT
1049065.589 ATZ770 360E ENTRY
1049565.589 ATZ770 370E MAINROAD
1050065.589 ATZ770 380E EXIT
1051065.589 AUA777 0E ENTRY
1051565.589 AUA777 10E MAINROAD
1052065.589 AUA777 20E EXIT
1053065.589 AUB784 20E ENTRY
1053565.589 AUB784 30E MAINROAD
1054065.589 AUB784 40E EXIT
1055065.589 AUC791 40E ENTRY
1055565.589 AUC791 50E MAINROAD
1056065.589 AUC791 60E EXIT
1057065.589 AUD798 60E ENTRY
1057565.589 AUD798 70E MAINROAD
1058065.589 AUD798 80E EXIT
1059065.589 AUE805 80E ENTRY
1059565.589 AUE805 90E MAINROAD
1060065.589 AUE805 100E EXIT
1061065.589 AUF812 100E ENTRY
1061565.589 AUF812 110E MAINROAD
1062065.589 AUF812 120E EXIT
1063065.589 AUG819 120E ENTRY
1063565.589 AUG819 130E MAINROAD
1064065.589 AUG819 140E EXIT
1065065.589 AUH826 140E ENTRY
1065565.589 AUH826 150E MAINROAD
1066065.589 AUH826 160E EXIT
1067065.589 AUI833 160E ENTRY
1067565.589 AUI833 170E MAINROAD
1068065.589 AUI833 180E EXIT
1069065.589 AUJ840 180E ENTRY
1069565.589 AUJ840 190E MAINROAD
1070065.589 AUJ840 200E EXIT
1071065.589 AUK847 200E ENTRY
1071565.589 AUK847 210E MAINROAD
1072065.589 AUK847 220E EXIT
1073065.589 AUL854 220E ENTRY
1073565.589 AUL854 230E MAINROAD
1074065.589 AUL854 240E EXIT
1075065.589 AUM861 240E ENTRY
1075565.589 AUM861 250E MAINROAD
1076065.589 AUM861 260E EXIT
1077065.589 AUN868 260E ENTRY
1077565.589 AUN868 270E MAINROAD
1078065.589 AUN868 280E EXIT
1079065.589 AUO875 280E ENTRY
1079565.589 AUO875 290E MAINROAD
1080065.589 AUO875 300E EXIT
1081065.589 AUP882 300E ENTRY
1081565.589 AUP882 310E MAINROAD
1082065.589 AUP882 320E EXIT
1083065.589 AUQ889 320E ENTRY
1083565.589 AUQ889 330E MAINROAD
1084065.589 AUQ889 340E EXIT
1085065.589 AUR896 340E ENTRY
1085565.589 AUR896 350E MAINROAD
1086065.589 AUR896 360E EXIT
1087065.589 AUS903 360E ENTRY
1087565.589 AUS903 370E MAINROAD
1088065.589 AUS903 380E EXIT
1089065.589 AUT910 0E ENTRY
1089565.589 AUT910 10E MAINROAD
1090065.589 AUT910 20E EXIT
1091065.589 AUU917 20E ENTRY
1091565.589 AUU917 30E MAINROAD
1092065.589 AUU917 40E EXIT
1093065.589 AUV924 40E ENTRY
1093565.589 AUV924 50E MAINROAD
1094065.589 AUV924 60E EXIT
1095065.589 AUW931 60E ENTRY
1095565.589 AUW931 70E MAINROAD
1096065.589 AUW931 80E EXIT
1097065.589 AUX938 80E ENTRY
1097565.589 AUX938 90E MAINROAD
1098065.589 AUX938 100E EXIT
1099065.589 AUY945 100E ENTRY
1099565.589 AUY945 110E MAINROAD
1100065.589 AUY945 120E EXIT
1101065.589 AUZ952 120E ENTRY
1101565.589 AUZ952 130E MAINROAD
1102065.589 AUZ952 140E EXIT
1103065.589 AVA959 140E ENTRY
1103565.589 AVA959 150E MAINROAD
1104065.589 AVA959 160E EXIT
1105065.589 AVB966 160E ENTRY
1105565.589 AVB966 170E MAINROAD
1106065.589 AVB966 180E EXIT
1107065.589 AVC973 180E ENTRY
1107565.589 AVC973 190E MAINROAD
1108065.589 AVC973 200E EXIT
1109065.589 AVD980 200E ENTRY
1109565.589 AVD980 210E MAINROAD
1110065.589 AVD980 220E EXIT
1111065.589 AVE987 220E ENTRY
1111565.589 AVE987 230E MAINROAD
1112065.589 AVE987 240E EXIT
1113065.589 AVF994 240E ENTRY
1113565.589 AVF994 250E MAINROAD
1114065.589 AVF994 260E EXIT
1115065.589 AVG001 260E ENTRY
1115565.589 AVG001 270E MAINROAD
1116065.589 AVG001 280E EXIT
1117065.589 AVH008 280E ENTRY
1117565.589 AVH008 290E MAINROAD
1118065.589 AVH008 300E EXIT
1119065.589 AVI015 300E ENTRY
1119565.589 AVI015 310E MAINROAD
1120065.589 AVI015 320E EXIT
1121065.589 AVJ022 320E ENTRY
1121565.589 AVJ022 330E MAINROAD
1122065.589 AVJ022 340E EXIT
1123065.589 AVK029 340E ENTRY
1123565.589 AVK029 350E MAINROAD
1124065.589 AVK029 360E EXIT
1125065.589 AVL036 360E ENTRY
1125565.589 AVL036 370E MAINROAD
1126065.589 AVL036 380E EXIT
1127065.589 AVM043 0E ENTRY
1127565.589 AVM043 10E MAINROAD
1128065.589 AVM043 20E EXIT
1129065.589 AVN050 20E ENTRY
1129565.589 AVN050 30E MAINROAD
1130065.589 AVN050 40E EXIT
1131065.589 AVO057 40E ENTRY
1131565.589 AVO057 50E MAINROAD
1132065.589 AVO057 60E EXIT
1133065.589 AVP064 60E ENTRY
1133565.589 AVP064 70E MAINROAD
1134065.589 AVP064 80E EXIT
1135065.589 AVQ071 80E ENTRY
1135565.589 AVQ071 90E MAINROAD
1136065.589 AVQ071 100E EXIT
1137065.589 AVR078 100E ENTRY
1137565.589 AVR078 110E MAINROAD
1138065.589 AVR078 120E EXIT
1139065.589 AVS085 120E ENTRY
1139565.589 AVS085 130E MAINROAD
1140065.589 AVS085 140E EXIT
1141065.589 AVT092 140E ENTRY
1141565.589 AVT092 150E MAINROAD
1142065.589 AVT092 160E EXIT
1143065.589 AVU099 160E ENTRY
1143565.589 AVU099 170E MAINROAD
1144065.589 AVU099 180E EXIT
1145065.589 AVV106 180E ENTRY
1145565.589 AVV106 190E MAINROAD
1146065.589 AVV106 200E EXIT
1147065.589 AVW113 200E ENTRY
1147565.589 AVW113 210E MAINROAD
1148065.589 AVW113 220E EXIT
1149065.589 AVX120 220E ENTRY
1149565.589 AVX120 230E MAINROAD
1150065.589 AVX120 240E EXIT
1151065.589 AVY127 240E ENTRY
1151565.589 AVY127 250E MAINROAD
1152065.589 AVY127 260E EXIT
1153065.589 AVZ134 260E ENTRY
1153565.589 AVZ134 270E MAINROAD
1154065.589 AVZ134 280E EXIT
1155065.589 AWA141 280E ENTRY
1155565.589 AWA141 290E MAINROAD
1156065.589 AWA141 300E EXIT
1157065.589 AWB148 300E ENTRY
1157565.589 AWB148 310E MAINROAD
1158065.589 AWB148 320E EXIT
1159065.589 AWC155 320E ENTRY
1159565.589 AWC155 330E MAINROAD
1160065.589 AWC155 340E EXIT
1161065.589 AWD162 340E ENTRY
1161565.589 AWD162 350E MAINROAD
1162065.589 AWD162 360E EXIT
1163065.589 AWE169 360E ENTRY
1163565.589 AWE169 370E MAINROAD
1164065.589 AWE169 380E EXIT
1165065.589 AWF176 0E ENTRY
1165565.589 AWF176 10E MAINROAD
1166065.589 AWF176 20E EXIT
1167065.589 AWG183 20E ENTRY
1167565.589 AWG183 30E MAINROAD
1168065.589 AWG183 40E EXIT
1169065.589 AWH190 40E ENTRY
1169565.589 AWH190 50E MAINROAD
1170065.589 AWH190 60E EXIT
1171065.589 AWI197 60E ENTRY
1171565.589 AWI197 70E MAINROAD
1172065.589 AWI197 80E EXIT
1173065.589 AWJ204 80E ENTRY
1173565.589 AWJ204 90E MAINROAD
1174065.589 AWJ204 100E EXIT
1175065.589 AWK211 100E ENTRY
1175565.589 AWK211 110E MAINROAD
1176065.589 AWK211 120E EXIT
1177065.589 AWL218 120E ENTRY
1177565.589 AWL218 130E MAINROAD
1178065.589 AWL218 140E EXIT
1179065.589 AWM225 140E ENTRY
1179565.589 AWM225 150E MAINROAD
1180065.589 AWM225 160E EXIT
1181065.589 AWN232 160E ENTRY
1181565.589 AWN232 170E MAINROAD
1182065.589 AWN232 180E EXIT
1183065.589 AWO239 180E ENTRY
1183565.589 AWO239 190E MAINROAD
1184065.589 AWO239 200E EXIT
1185065.589 AWP246 200E ENTRY
1185565.589 AWP246 210E MAINROAD
1186065.589 AWP246 220E EXIT
1187065.589 AWQ253 220E ENTRY
1187565.589 AWQ253 230E MAINROAD
1188065.589 AWQ253 240E EXIT
1189065.589 AWR260 240E ENTRY
1189565.589 AWR260 250E MAINROAD
1190065.589 AWR260 260E EXIT
1191065.589 AWS267 260E ENTRY
1191565.589 AWS267 270E MAINROAD
1192065.589 AWS267 280E EXIT
1193065.589 AWT274 280E ENTRY
1193565.589 AWT274 290E MAINROAD
1194065.589 AWT274 300E EXIT
1195065.589 AWU281 300E ENTRY
1195565.589 AWU281 310E MAINROAD
1196065.589 AWU281 320E EXIT
1197065.589 AWV288 320E ENTRY
1197565.589 AWV288 330E MAINROAD
1198065.589 AWV288 340E EXIT
1199065.589 AWW295 340E ENTRY
1199565.589 AWW295 350E MAINROAD
1200065.589 AWW295 360E EXIT
1201065.589 AWX302 360E ENTRY
1201565.589 AWX302 370E MAINROAD
1202065.589 AWX302 380E EXIT
1203065.589 AWY309 0E ENTRY
1203565.589 AWY309 10E MAINROAD
1204065.589 AWY309 20E EXIT
1205065.589 AWZ316 20E ENTRY
1205565.589 AWZ316 30E MAINROAD
1206065.589 AWZ316 40E EXIT
1207065.589 AXA323 40E ENTRY
1207565.589 AXA323 50E MAINROAD
1208065.589 AXA323 60E EXIT
1209065.589 AXB330 60E ENTRY
1209565.589 AXB330 70E MAINROAD
1210065.589 AXB330 80E EXIT
1211065.589 AXC337 80E ENTRY
1211565.589 AXC337 90E MAINROAD
1212065.589 AXC337 100E EXIT
1213065.589 AXD344 100E ENTRY
1213565.589 AXD344 110E MAINROAD
1214065.589 AXD344 120E EXIT
1215065.589 AXE351 120E ENTRY
1215565.589 AXE351 130E MAINROAD
1216065.589 AXE351 140E EXIT
1217065.589 AXF358 140E ENTRY
1217565.589 AXF358 150E MAINROAD
1218065.589 AXF358 160E EXIT
1219065.589 AXG365 160E ENTRY
1219565.589 AXG365 170E MAINROAD
1220065.589 AXG365 180E EXIT
1221065.589 AXH372 180E ENTRY
1221565.589 AXH372 190E MAINROAD
1222065.589 AXH372 200E EXIT
1223065.589 AXI379 200E ENTRY
1223565.589 AXI379 210E MAINROAD
1224065.589 AXI379 220E EXIT
1225065.589 AXJ386 220E ENTRY
1225565.589 AXJ386 230E MAINROAD
1226065.589 AXJ386 240E EXIT
1227065.589 AXK393 240E ENTRY
1227565.589 AXK393 250E MAINROAD
1228065.589 AXK393 260E EXIT
1229065.589 AXL400 260E ENTRY
1229565.589 AXL400 270E MAINROAD
1230065.589 AXL400 280E EXIT
1231065.589 AXM407 280E ENTRY
1231565.589 AXM407 290E MAINROAD
1232065.589 AXM407 300E EXIT
1233065.589 AXN414 300E ENTRY
1233565.589 AXN414 310E MAINROAD
1234065.589 AXN414 320E EXIT
1235065.589 AXO421 320E ENTRY
1235565.589 AXO421 330E MAINROAD
1236065.589 AXO421 340E EXIT
1237065.589 AXP428 340E ENTRY
1237565.589 AXP428 350E MAINROAD
1238065.589 AXP428 360E EXIT
1239065.589 AXQ435 360E ENTRY
1239565.589 AXQ435 370E MAINROAD
1240065.589 AXQ435 380E EXIT
1241065.589 AXR442 0E ENTRY
1241565.589 AXR442 10E MAINROAD
1242065.589 AXR442 20E EXIT
1243065.589 AXS449 20E ENTRY
1243565.589 AXS449 30E MAINROAD
1244065.589 AXS449 40E EXIT
1245065.589 AXT456 40E ENTRY
1245565.589 AXT456 50E MAINROAD
1246065.589 AXT456 60E EXIT
1247065.589 AXU463 60E ENTRY
1247565.589 AXU463 70E MAINROAD
1248065.589 AXU463 80E EXIT
1249065.589 AXV470 80E ENTRY
1249565.589 AXV470 90E MAINROAD
1250065.589 AXV470 100E EXIT
1251065.589 AXW477 100E ENTRY
1251565.589 AXW477 110E MAINROAD
1252065.589 AXW477 120E EXIT
1253065.589 AXX484 120E ENTRY
1253565.589 AXX484 130E MAINROAD
1254065.589 AXX484 140E EXIT
1255065.589 AXY491 140E ENTRY
1255565.589 AXY491 150E MAINROAD
1256065.589 AXY491 160E EXIT
1257065.589 AXZ498 160E ENTRY
1257565.589 AXZ498 170E MAINROAD
1258065.589 AXZ498 180E EXIT
1259065.589 AYA505 180E ENTRY
1259565.589 AYA505 190E MAINROAD
1260065.589 AYA505 200E EXIT
1261065.589 AYB512 200E ENTRY
1261565.589 AYB512 210E MAINROAD
1262065.589 AYB512 220E EXIT
1263065.589 AYC519 220E ENTRY
1263565.589 AYC519 230E MAINROAD
1264065.589 AYC519 240E EXIT
1265065.589 AYD526 240E ENTRY
1265565.589 AYD526 250E MAINROAD
1266065.589 AYD526 260E EXIT
1267065.589 AYE533 260E ENTRY
1267565.589 AYE533 270E MAINROAD
1268065.589 AYE533 280E EXIT
1269065.589 AYF540 280E ENTRY
1269565.589 AYF540 290E MAINROAD
1270065.589 AYF540 300E EXIT
1271065.589 AYG547 300E ENTRY
1271565.589 AYG547 310E MAINROAD
1272065.589 AYG547 320E EXIT
1273065.589 AYH554 320E ENTRY
1273565.589 AYH554 330E MAINROAD
1274065.589 AYH554 340E EXIT
1275065.589 AYI561 340E ENTRY
1275565.589 AYI561 350E MAINROAD
1276065.589 AYI561 360E EXIT
1277065.589 AYJ568 360E ENTRY
1277565.589 AYJ568 370E MAINROAD
1278065.589 AYJ568 380E EXIT
1279065.589 AYK575 0E ENTRY
1279565.589 AYK575 10E MAINROAD
1280065.589 AYK575 20E EXIT
1281065.589 AYL582 20E ENTRY
1281565.589 AYL582 30E MAINROAD
1282065.589 AYL582 40E EXIT
1283065.589 AYM589 40E ENTRY
1283565.589 AYM589 50E MAINROAD
1284065.589 AYM589 60E EXIT
1285065.589 AYN596 60E ENTRY
1285565.589 AYN596 70E MAINROAD
1286065.589 AYN596 80E EXIT
1287065.589 AYO603 80E ENTRY
1287565.589 AYO603 90E MAINROAD
1288065.589 AYO603 100E EXIT
1289065.589 AYP610 100E ENTRY
1289565.589 AYP610 110E MAINROAD
1290065.589 AYP610 120E EXIT
1291065.589 AYQ617 120E ENTRY
1291565.589 AYQ617 130E MAINROAD
1292065.589 AYQ617 140E EXIT
1293065.589 AYR624 140E ENTRY
1293565.589 AYR624 150E MAINROAD
1294065.589 AYR624 160E EXIT
1295065.589 AYS631 160E ENTRY
1295565.589 AYS631 170E MAINROAD
1296065.589 AYS631 180E EXIT
1297065.589 AYT638 180E ENTRY
1297565.589 AYT638 190E MAINROAD
1298065.589 AYT638 200E EXIT
1299065.589 AYU645 200E ENTRY
1299565.589 AYU645 210E MAINROAD
1300065.589 AYU645 220E EXIT
1301065.589 AYV652 220E ENTRY
1301565.589 AYV652 230E MAINROAD
1302065.589 AYV652 240E EXIT
1303065.589 AYW659 240E ENTRY
1303565.589 AYW659 250E MAINROAD
1304065.589 AYW659 260E EXIT
1305065.589 AYX666 260E ENTRY
1305565.589 AYX666 270E MAINROAD
1306065.589 AYX666 280E EXIT
1307065.589 AYY673 280E ENTRY
1307565.589 AYY673 290E MAINROAD
1308065.589 AYY673 300E EXIT
1309065.589 AYZ680 300E ENTRY
1309565.589 AYZ680 310E MAINROAD
1310065.589 AYZ680 320E EXIT
1311065.589 AZA687 320E ENTRY
1311565.589 AZA687 330E MAINROAD
1312065.589 AZA687 340E EXIT
1313065.589 AZB694 340E ENTRY
1313565.589 AZB694 350E MAINROAD
1314065.589 AZB694 360E EXIT
1315065.589 AZC701 360E ENTRY
1315565.589 AZC701 370E MAINROAD
1316065.589 AZC701 380E EXIT
1317065.589 AZD708 0E ENTRY
1317565.589 AZD708 10E MAINROAD
1318065.589 AZD708 20E EXIT
1319065.589 AZE715 20E ENTRY
1319565.589 AZE715 30E MAINROAD
1320065.589 AZE715 40E EXIT
1321065.589 AZF722 40E ENTRY
1321565.589 AZF722 50E MAINROAD
1322065.589 AZF722 60E EXIT
1323065.589 AZG729 60E ENTRY
1323565.589 AZG729 70E MAINROAD
1324065.589 AZG729 80E EXIT
1325065.589 AZH736 80E ENTRY
1325565.589 AZH736 90E MAINROAD
1326065.589 AZH736 100E EXIT
1327065.589 AZI743 100E ENTRY
1327565.589 AZI743 110E MAINROAD
1328065.589 AZI743 120E EXIT
1329065.589 AZJ750 120E ENTRY
1329565.589 AZJ750 130E MAINROAD
1330065.589 AZJ750 140E EXIT
1331065.589 AZK757 140E ENTRY
1331565.589 AZK757 150E MAINROAD
1332065.589 AZK757 160E EXIT
1333065.589 AZL764 160E ENTRY
1333565.589 AZL764 170E MAINROAD
1334065.589 AZL764 180E EXIT
1335065.589 AZM771 180E ENTRY
1335565.589 AZM771 190E MAINROAD
1336065.589 AZM771 200E EXIT
1337065.589 AZN778 200E ENTRY
1337565.589 AZN778 210E MAINROAD
1338065.589 AZN778 220E EXIT
1339065.589 AZO785 220E ENTRY
1339565.589 AZO785 230E MAINROAD
1340065.589 AZO785 240E EXIT
1341065.589 AZP792 240E ENTRY
1341565.589 AZP792 250E MAINROAD
1342065.589 AZP792 260E EXIT
1343065.589 AZQ799 260E ENTRY
1343565.589 AZQ799 270E MAINROAD
1344065.589 AZQ799 280E EXIT
1345065.589 AZR806 280E ENTRY
1345565.589 AZR806 290E MAINROAD
1346065.589 AZR806 300E EXIT
1347065.589 AZS813 300E ENTRY
1347565.589 AZS813 310E MAINROAD
1348065.589 AZS813 320E EXIT
1349065.589 AZT820 320E ENTRY
1349565.589 AZT820 330E MAINROAD
1350065.589 AZT820 340E EXIT
1351065.589 AZU827 340E ENTRY
1351565.589 AZU827 350E MAINROAD
1352065.589 AZU827 360E EXIT
1353065.589 AZV834 360E ENTRY
1353565.589 AZV834 370E MAINROAD
1354065.589 AZV834 380E EXIT
1355065.589 AZW841 0E ENTRY
1355565.589 AZW841 10E MAINROAD
1356065.589 AZW841 20E EXIT
1357065.589 AZX848 20E ENTRY
1357565.589 AZX848 30E MAINROAD
1358065.589 AZX848 40E EXIT
1359065.589 AZY855 40E ENTRY
1359565.589 AZY855 50E MAINROAD
1360065.589 AZY855 60E EXIT
1361065.589 AZZ862 60E ENTRY
1361565.589 AZZ862 70E MAINROAD
1362065.589 AZZ862 80E EXIT
1363065.589 BAA869 80E ENTRY
1363565.589 BAA869 90E MAINROAD
1364065.589 BAA869 100E EXIT
1365065.589 BAB876 100E ENTRY
1365565.589 BAB876 110E MAINROAD
1366065.589 BAB876 120E EXIT
1367065.589 BAC883 120E ENTRY
1367565.589 BAC883 130E MAINROAD
1368065.589 BAC883 140E EXIT
1369065.589 BAD890 140E ENTRY
1369565.589 BAD890 150E MAINROAD
1370065.589 BAD890 160E EXIT
1371065.589 BAE897 160E ENTRY
1371565.589 BAE897 170E MAINROAD
1372065.589 BAE897 180E EXIT
1373065.589 BAF904 180E ENTRY
1373565.589 BAF904 190E MAINROAD
1374065.589 BAF904 200E EXIT
1375065.589 BAG911 200E ENTRY
1375565.589 BAG911 210E MAINROAD
1376065.589 BAG911 220E EXIT
1377065.589 BAH918 220E ENTRY
1377565.589 BAH918 230E MAINROAD
1378065.589 BAH918 240E EXIT
1379065.589 BAI925 240E ENTRY
1379565.589 BAI925 250E MAINROAD
1380065.589 BAI925 260E EXIT
1381065.589 BAJ932 260E ENTRY
1381565.589 BAJ932 270E MAINROAD
1382065.589 BAJ932 280E EXIT
1383065.589 BAK939 280E ENTRY
1383565.589 BAK939 290E MAINROAD
1384065.589 BAK939 300E EXIT
1385065.589 BAL946 300E ENTRY
1385565.589 BAL946 310E MAINROAD
1386065.589 BAL946 320E EXIT
1387065.589 BAM953 320E ENTRY
1387565.589 BAM953 330E MAINROAD
1388065.589 BAM953 340E EXIT
1389065.589 BAN960 340E ENTRY
1389565.589 BAN960 350E MAINROAD
1390065.589 BAN960 360E EXIT
1391065.589 BAO967 360E ENTRY
1391565.589 BAO967 370E MAINROAD
1392065.589 BAO967 380E EXIT
1393065.589 BAP974 0E ENTRY
1393565.589 BAP974 10E MAINROAD
1394065.589 BAP974 20E EXIT
1395065.589 BAQ981 20E ENTRY
1395565.589 BAQ981 30E MAINROAD
1396065.589 BAQ981 40E EXIT
1397065.589 BAR988 40E ENTRY
1397565.589 BAR988 50E MAINROAD
1398065.589 BAR988 60E EXIT
1399065.589 BAS995 60E ENTRY
1399565.589 BAS995 70E MAINROAD
1400065.589 BAS995 80E EXIT
1401065.589 BAT002 80E ENTRY
1401565.589 BAT002 90E MAINROAD
1402065.589 BAT002 100E EXIT
1403065.589 BAU009 100E ENTRY
1403565.589 BAU009 110E MAINROAD
1404065.589 BAU009 120E EXIT
1405065.589 BAV016 120E ENTRY
1405565.589 BAV016 130E MAINROAD
1406065.589 BAV016 140E EXIT
1407065.589 BAW023 140E ENTRY
1407565.589 BAW023 150E MAINROAD
1408065.589 BAW023 160E EXIT
1409065.589 BAX030 160E ENTRY
1409565.589 BAX030 170E MAINROAD
1410065.589 BAX030 180E EXIT
1411065.589 BAY037 180E ENTRY
1411565.589 BAY037 190E MAINROAD
1412065.589 BAY037 200E EXIT
1413065.589 BAZ044 200E ENTRY
1413565.589 BAZ044 210E MAINROAD
1414065.589 BAZ044 220E EXIT
1415065.589 BBA051 220E ENTRY
1415565.589 BBA051 230E MAINROAD
1416065.589 BBA051 240E EXIT
1417065.589 BBB058 240E ENTRY
1417565.589 BBB058 250E MAINROAD
1418065.589 BBB058 260E EXIT
1419065.589 BBC065 260E ENTRY
1419565.589 BBC065 270E MAINROAD
1420065.589 BBC065 280E EXIT
1421065.589 BBD072 280E ENTRY
1421565.589 BBD072 290E MAINROAD
1422065.589 BBD072 300E EXIT
1423065.589 BBE079 300E ENTRY
1423565.589 BBE079 310E MAINROAD
1424065.589 BBE079 320E EXIT
1425065.589 BBF086 320E ENTRY
1425565.589 BBF086 330E MAINROAD
1426065.589 BBF086 340E EXIT
1427065.589 BBG093 340E ENTRY
1427565.589 BBG093 350E MAINROAD
1428065.589 BBG093 360E EXIT
1429065.589 BBH100 360E ENTRY
1429565.589 BBH100 370E MAINROAD
1430065.589 BBH100 380E EXIT
1431065.589 BBI107 0E ENTRY
1431565.589 BBI107 10E MAINROAD
1432065.589 BBI107 20E EXIT
1433065.589 BBJ114 20E ENTRY
1433565.589 BBJ114 30E MAINROAD
1434065.589 BBJ114 40E EXIT
1435065.589 BBK121 40E ENTRY
1435565.589 BBK121 50E MAINROAD
1436065.589 BBK121 60E EXIT
1437065.589 BBL128 60E ENTRY
1437565.589 BBL128 70E MAINROAD
1438065.589 BBL128 80E EXIT
1439065.589 BBM135 80E ENTRY
1439565.589 BBM135 90E MAINROAD
1440065.589 BBM135 100E EXIT
1441065.589 BBN142 100E ENTRY
1441565.589 BBN142 110E MAINROAD
1442065.589 BBN142 120E EXIT
1443065.589 BBO149 120E ENTRY
1443565.589 BBO149 130E MAINROAD
1444065.589 BBO149 140E EXIT
1445065.589 BBP156 140E ENTRY
1445565.589 BBP156 150E MAINROAD
1446065.589 BBP156 160E EXIT
1447065.589 BBQ163 160E ENTRY
1447565.589 BBQ163 170E MAINROAD
1448065.589 BBQ163 180E EXIT
1449065.589 BBR170 180E ENTRY
1449565.589 BBR170 190E MAINROAD
1450065.589 BBR170 200E EXIT
1451065.589 BBS177 200E ENTRY
1451565.589 BBS177 210E MAINROAD
1452065.589 BBS177 220E EXIT
1453065.589 BBT184 220E ENTRY
1453565.589 BBT184 230E MAINROAD
1454065.589 BBT184 240E EXIT
1455065.589 BBU191 240E ENTRY
1455565.589 BBU191 250E MAINROAD
1456065.589 BBU191 260E EXIT
1457065.589 BBV198 260E ENTRY
1457565.589 BBV198 270E MAINROAD
1458065.589 BBV198 280E EXIT
1459065.589 BBW205 280E ENTRY
1459565.589 BBW205 290E MAINROAD
1460065.589 BBW205 300E EXIT
1461065.589 BBX212 300E ENTRY
1461565.589 BBX212 310E MAINROAD
1462065.589 BBX212 320E EXIT
1463065.589 BBY219 320E ENTRY
1463565.589 BBY219 330E MAINROAD
1464065.589 BBY219 340E EXIT
1465065.589 BBZ226 340E ENTRY
1465565.589 BBZ226 350E MAINROAD
1466065.589 BBZ226 360E EXIT
1467065.589 BCA233 360E ENTRY
1467565.589 BCA233 370E MAINROAD
1468065.589 BCA233 380E EXIT
1469065.589 BCB240 0E ENTRY
1469565.589 BCB240 10E MAINROAD
1470065.589 BCB240 20E EXIT
1471065.589 BCC247 20E ENTRY
1471565.589 BCC247 30E MAINROAD
1472065.589 BCC247 40E EXIT
1473065.589 BCD254 40E ENTRY
1473565.589 BCD254 50E MAINROAD
1474065.589 BCD254 60E EXIT
1475065.589 BCE261 60E ENTRY
1475565.589 BCE261 70E MAINROAD
1476065.589 BCE261 80E EXIT
1477065.589 BCF268 80E ENTRY
1477565.589 BCF268 90E MAINROAD
1478065.589 BCF268 100E EXIT
1479065.589 BCG275 100E ENTRY
1479565.589 BCG275 110E MAINROAD
1480065.589 BCG275 120E EXIT
1481065.589 BCH282 120E ENTRY
1481565.589 BCH282 130E MAINROAD
1482065.589 BCH282 140E EXIT
1483065.589 BCI289 140E ENTRY
1483565.589 BCI289 150E MAINROAD
1484065.589 BCI289 160E EXIT
1485065.589 BCJ296 160E ENTRY
1485565.589 BCJ296 170E MAINROAD
1486065.589 BCJ296 180E EXIT
1487065.589 BCK303 180E ENTRY
1487565.589 BCK303 190E MAINROAD
1488065.589 BCK303 200E EXIT
1489065.589 BCL310 200E ENTRY
1489565.589 BCL310 210E MAINROAD
1490065.589 BCL310 220E EXIT
1491065.589 BCM317 220E ENTRY
1491565.589 BCM317 230E MAINROAD
1492065.589 BCM317 240E EXIT
1493065.589 BCN324 240E ENTRY
1493565.589 BCN324 250E MAINROAD
1494065.589 BCN324 260E EXIT
1495065.589 BCO331 260E ENTRY
1495565.589 BCO331 270E MAINROAD
1496065.589 BCO331 280E EXIT
1497065.589 BCP338 280E ENTRY
1497565.589 BCP338 290E MAINROAD
1498065.589 BCP338 300E EXIT
1499065.589 BCQ345 300E ENTRY
1499565.589 BCQ345 310E MAINROAD
1500065.589 BCQ345 320E EXIT
1501065.589 BCR352 320E ENTRY
1501565.589 BCR352 330E MAINROAD
1502065.589 BCR352 340E EXIT
1503065.589 BCS359 340E ENTRY
1503565.589 BCS359 350E MAINROAD
1504065.589 BCS359 360E EXIT
1505065.589 BCT366 360E ENTRY
1505565.589 BCT366 370E MAINROAD
1506065.589 BCT366 380E EXIT
1507065.589 BCU373 0E ENTRY
1507565.589 BCU373 10E MAINROAD
1508065.589 BCU373 20E EXIT
1509065.589 BCV380 20E ENTRY
1509565.589 BCV380 30E MAINROAD
1510065.589 BCV380 40E EXIT
1511065.589 BCW387 40E ENTRY
1511565.589 BCW387 50E MAINROAD
1512065.589 BCW387 60E EXIT
1513065.589 BCX394 60E ENTRY
1513565.589 BCX394 70E MAINROAD
1514065.589 BCX394 80E EXIT
1515065.589 BCY401 80E ENTRY
1515565.589 BCY401 90E MAINROAD
1516065.589 BCY401 100E EXIT
1517065.589 BCZ408 100E ENTRY
1517565.589 BCZ408 110E MAINROAD
1518065.589 BCZ408 120E EXIT
1519065.589 BDA415 120E ENTRY
1519565.589 BDA415 130E MAINROAD
1520065.589 BDA415 140E EXIT
1521065.589 BDB422 140E ENTRY
1521565.589 BDB422 150E MAINROAD
1522065.589 BDB422 160E EXIT
1523065.589 BDC429 160E ENTRY
1523565.589 BDC429 170E MAINROAD
1524065.589 BDC429 180E EXIT
1525065.589 BDD436 180E ENTRY
1525565.589 BDD436 190E MAINROAD
1526065.589 BDD436 200E EXIT
1527065.589 BDE443 200E ENTRY
1527565.589 BDE443 210E MAINROAD
1528065.589 BDE443 220E EXIT
1529065.589 BDF450 220E ENTRY
1529565.589 BDF450 230E MAINROAD
1530065.589 BDF450 240E EXIT
1531065.589 BDG457 240E ENTRY
1531565.589 BDG457 250E MAINROAD
1532065.589 BDG457 260E EXIT
1533065.589 BDH464 260E ENTRY
1533565.589 BDH464 270E MAINROAD
1534065.589 BDH464 280E EXIT
1535065.589 BDI471 280E ENTRY
1535565.589 BDI471 290E MAINROAD
1536065.589 BDI471 300E EXIT
1537065.589 BDJ478 300E ENTRY
1537565.589 BDJ478 310E MAINROAD
1538065.589 BDJ478 320E EXIT
1539065.589 BDK485 320E ENTRY
1539565.589 BDK485 330E MAINROAD
1540065.589 BDK485 340E EXIT
1541065.589 BDL492 340E ENTRY
1541565.589 BDL492 350E MAINROAD
1542065.589 BDL492 360E EXIT
1543065.589 BDM499 360E ENTRY
1543565.589 BDM499 370E MAINROAD
1544065.589 BDM499 380E EXIT
1545065.589 BDN506 0E ENTRY
1545565.589 BDN506 10E MAINROAD
1546065.589 BDN506 20E EXIT
1547065.589 BDO513 20E ENTRY
1547565.589 BDO513 30E MAINROAD
1548065.589 BDO513 40E EXIT
1549065.589 BDP520 40E ENTRY
1549565.589 BDP520 50E MAINROAD
1550065.589 BDP520 60E EXIT
1551065.589 BDQ527 60E ENTRY
1551565.589 BDQ527 70E MAINROAD
1552065.589 BDQ527 80E EXIT
1553065.589 BDR534 80E ENTRY
1553565.589 BDR534 90E MAINROAD
1554065.589 BDR534 100E EXIT
1555065.589 BDS541 100E ENTRY
1555565.589 BDS541 110E MAINROAD
1556065.589 BDS541 120E EXIT
1557065.589 BDT548 120E ENTRY
1557565.589 BDT548 130E MAINROAD
1558065.589 BDT548 140E EXIT
1559065.589 BDU555 140E ENTRY
1559565.589 BDU555 150E MAINROAD
1560065.589 BDU555 160E EXIT
1561065.589 BDV562 160E ENTRY
1561565.589 BDV562 170E MAINROAD
1562065.589 BDV562 180E EXIT
1563065.589 BDW569 180E ENTRY
1563565.589 BDW569 190E MAINROAD
1564065.589 BDW569 200E EXIT
1565065.589 BDX576 200E ENTRY
1565565.589 BDX576 210E MAINROAD
1566065.589 BDX576 220E EXIT
1567065.589 BDY583 220E ENTRY
1567565.589 BDY583 230E MAINROAD
1568065.589 BDY583 240E EXIT
1569065.589 BDZ590 240E ENTRY
1569565.589 BDZ590 250E MAINROAD
1570065.589 BDZ590 260E EXIT
1571065.589 BEA597 260E ENTRY
1571565.589 BEA597 270E MAINROAD
1572065.589 BEA597 280E EXIT
1573065.589 BEB604 280E ENTRY
1573565.589 BEB604 290E MAINROAD
1574065.589 BEB604 300E EXIT
1575065.589 BEC611 300E ENTRY
1575565.589 BEC611 310E MAINROAD
1576065.589 BEC611 320E EXIT
1577065.589 BED618 320E ENTRY
1577565.589 BED618 330E MAINROAD
1578065.589 BED618 340E EXIT
1579065.589 BEE625 340E ENTRY
1579565.589 BEE625 350E MAINROAD
1580065.589 BEE625 360E EXIT
1581065.589 BEF632 360E ENTRY
1581565.589 BEF632 370E MAINROAD
1582065.589 BEF632 380E EXIT
1583065.589 BEG639 0E ENTRY
1583565.589 BEG639 10E MAINROAD
1584065.589 BEG639 20E EXIT
1585065.589 BEH646 20E ENTRY
1585565.589 BEH646 30E MAINROAD
1586065.589 BEH646 40E EXIT
1587065.589 BEI653 40E ENTRY
1587565.589 BEI653 50E MAINROAD
1588065.589 BEI653 60E EXIT
1589065.589 BEJ660 60E ENTRY
1589565.589 BEJ660 70E MAINROAD
1590065.589 BEJ660 80E EXIT
1591065.589 BEK667 80E ENTRY
1591565.589 BEK667 90E MAINROAD
1592065.589 BEK667 100E EXIT
1593065.589 BEL674 100E ENTRY
1593565.589 BEL674 110E MAINROAD
1594065.589 BEL674 120E EXIT
1595065.589 BEM681 120E ENTRY
1595565.589 BEM681 130E MAINROAD
1596065.589 BEM681 140E EXIT
1597065.589 BEN688 140E ENTRY
1597565.589 BEN688 150E MAINROAD
1598065.589 BEN688 160E EXIT
1599065.589 BEO695 160E ENTRY
1599565.589 BEO695 170E MAINROAD
1600065.589 BEO695 180E EXIT
1601065.589 BEP702 180E ENTRY
1601565.589 BEP702 190E MAINROAD
1602065.589 BEP702 200E EXIT
1603065.589 BEQ709 200E ENTRY
1603565.589 BEQ709 210E MAINROAD
1604065.589 BEQ709 220E EXIT
1605065.589 BER716 220E ENTRY
1605565.589 BER716 230E MAINROAD
1606065.589 BER716 240E EXIT
1607065.589 BES723 240E ENTRY
1607565.589 BES723 250E MAINROAD
1608065.589 BES723 260E EXIT
1609065.589 BET730 260E ENTRY
1609565.589 BET730 270E MAINROAD
1610065.589 BET730 280E EXIT
1611065.589 BEU737 280E ENTRY
1611565.589 BEU737 290E MAINROAD
1612065.589 BEU737 300E EXIT
1613065.589 BEV744 300E ENTRY
1613565.589 BEV744 310E MAINROAD
1614065.589 BEV744 320E EXIT
1615065.589 BEW751 320E ENTRY
1615565.589 BEW751 330E MAINROAD
1616065.589 BEW751 340E EXIT
1617065.589 BEX758 340E ENTRY
1617565.589 BEX758 350E MAINROAD
1618065.589 BEX758 360E EXIT
1619065.589 BEY765 360E ENTRY
1619565.589 BEY765 370E MAINROAD
1620065.589 BEY765 380E EXIT
1621065.589 BEZ772 0E ENTRY
1621565.589 BEZ772 10E MAINROAD
1622065.589 BEZ772 20E EXIT
1623065.589 BFA779 20E ENTRY
1623565.589 BFA779 30E MAINROAD
1624065.589 BFA779 40E EXIT
1625065.589 BFB786 40E ENTRY
1625565.589 BFB786 50E MAINROAD
1626065.589 BFB786 60E EXIT
1627065.589 BFC793 60E ENTRY
1627565.589 BFC793 70E MAINROAD
1628065.589 BFC793 80E EXIT
1629065.589 BFD800 80E ENTRY
1629565.589 BFD800 90E MAINROAD
1630065.589 BFD800 100E EXIT
1631065.589 BFE807 100E ENTRY
1631565.589 BFE807 110E MAINROAD
1632065.589 BFE807 120E EXIT
1633065.589 BFF814 120E ENTRY
1633565.589 BFF814 130E MAINROAD
1634065.589 BFF814 140E EXIT
1635065.589 BFG821 140E ENTRY
1635565.589 BFG821 150E MAINROAD
1636065.589 BFG821 160E EXIT
1637065.589 BFH828 160E ENTRY
1637565.589 BFH828 170E MAINROAD
1638065.589 BFH828 180E EXIT
1639065.589 BFI835 180E ENTRY
1639565.589 BFI835 190E MAINROAD
1640065.589 BFI835 200E EXIT
1641065.589 BFJ842 200E ENTRY
1641565.589 BFJ842 210E MAINROAD
1642065.589 BFJ842 220E EXIT
1643065.589 BFK849 220E ENTRY
1643565.589 BFK849 230E MAINROAD
1644065.589 BFK849 240E EXIT
1645065.589 BFL856 240E ENTRY
1645565.589 BFL856 250E MAINROAD
1646065.589 BFL856 260E EXIT
1647065.589 BFM863 260E ENTRY
1647565.589 BFM863 270E MAINROAD
1648065.589 BFM863 280E EXIT
1649065.589 BFN870 280E ENTRY
1649565.589 BFN870 290E MAINROAD
1650065.589 BFN870 300E EXIT
1651065.589 BFO877 300E ENTRY
1651565.589 BFO877 310E MAINROAD
1652065.589 BFO877 320E EXIT
1653065.589 BFP884 320E ENTRY
1653565.589 BFP884 330E MAINROAD
1654065.589 BFP884 340E EXIT
1655065.589 BFQ891 340E ENTRY
1655565.589 BFQ891 350E MAINROAD
1656065.589 BFQ891 360E EXIT
1657065.589 BFR898 360E ENTRY
1657565.589 BFR898 370E MAINROAD
1658065.589 BFR898 380E EXIT
1659065.589 BFS905 0E ENTRY
1659565.589 BFS905 10E MAINROAD
1660065.589 BFS905 20E EXIT
1661065.589 BFT912 20E ENTRY
1661565.589 BFT912 30E MAINROAD
1662065.589 BFT912 40E EXIT
1663065.589 BFU919 40E ENTRY
1663565.589 BFU919 50E MAINROAD
1664065.589 BFU919 60E EXIT
1665065.589 BFV926 60E ENTRY
1665565.589 BFV926 70E MAINROAD
1666065.589 BFV926 80E EXIT
1667065.589 BFW933 80E ENTRY
1667565.589 BFW933 90E MAINROAD
1668065.589 BFW933 100E EXIT
1669065.589 BFX940 100E ENTRY
1669565.589 BFX940 110E MAINROAD
1670065.589 BFX940 120E EXIT
1671065.589 BFY947 120E ENTRY
1671565.589 BFY947 130E MAINROAD
1672065.589 BFY947 140E EXIT
1673065.589 BFZ954 140E ENTRY
1673565.589 BFZ954 150E MAINROAD
1674065.589 BFZ954 160E EXIT
1675065.589 BGA961 160E ENTRY
1675565.589 BGA961 170E MAINROAD
1676065.589 BGA961 180E EXIT
1677065.589 BGB968 180E ENTRY
1677565.589 BGB968 190E MAINROAD
1678065.589 BGB968 200E EXIT
1679065.589 BGC975 200E ENTRY
1679565.589 BGC975 210E MAINROAD
1680065.589 BGC975 220E EXIT
1681065.589 BGD982 220E ENTRY
1681565.589 BGD982 230E MAINROAD
1682065.589 BGD982 240E EXIT
1683065.589 BGE989 240E ENTRY
1683565.589 BGE989 250E MAINROAD
1684065.589 BGE989 260E EXIT
1685065.589 BGF996 260E ENTRY
1685565.589 BGF996 270E MAINROAD
1686065.589 BGF996 280E EXIT
1687065.589 BGG003 280E ENTRY
1687565.589 BGG003 290E MAINROAD
1688065.589 BGG003 300E EXIT
1689065.589 BGH010 300E ENTRY
1689565.589 BGH010 310E MAINROAD
1690065.589 BGH010 320E EXIT
1691065.589 BGI017 320E ENTRY
1691565.589 BGI017 330E MAINROAD
1692065.589 BGI017 340E EXIT
1693065.589 BGJ024 340E ENTRY
1693565.589 BGJ024 350E MAINROAD
1694065.589 BGJ024 360E EXIT
1695065.589 BGK031 360E ENTRY
1695565.589 BGK031 370E MAINROAD
1696065.589 BGK031 380E EXIT
1697065.589 BGL038 0E ENTRY
1697565.589 BGL038 10E MAINROAD
1698065.589 BGL038 20E EXIT
1699065.589 BGM045 20E ENTRY
1699565.589 BGM045 30E MAINROAD
1700065.589 BGM045 40E EXIT
1701065.589 BGN052 40E ENTRY
1701565.589 BGN052 50E MAINROAD
1702065.589 BGN052 60E EXIT
1703065.589 BGO059 60E ENTRY
1703565.589 BGO059 70E MAINROAD
1704065.589 BGO059 80E EXIT
1705065.589 BGP066 80E ENTRY
1705565.589 BGP066 90E MAINROAD
1706065.589 BGP066 100E EXIT
1707065.589 BGQ073 100E ENTRY
1707565.589 BGQ073 110E MAINROAD
1708065.589 BGQ073 120E EXIT
1709065.589 BGR080 120E ENTRY
1709565.589 BGR080 130E MAINROAD
1710065.589 BGR080 140E EXIT
1711065.589 BGS087 140E ENTRY
1711565.589 BGS087 150E MAINROAD
1712065.589 BGS087 160E EXIT
1713065.589 BGT094 160E ENTRY
1713565.589 BGT094 170E MAINROAD
1714065.589 BGT094 180E EXIT
1715065.589 BGU101 180E ENTRY
1715565.589 BGU101 190E MAINROAD
1716065.589 BGU101 200E EXIT
1717065.589 BGV108 200E ENTRY
1717565.589 BGV108 210E MAINROAD
1718065.589 BGV108 220E EXIT
1719065.589 BGW115 220E ENTRY
1719565.589 BGW115 230E MAINROAD
1720065.589 BGW115 240E EXIT
1721065.589 BGX122 240E ENTRY
1721565.589 BGX122 250E MAINROAD
1722065.589 BGX122 260E EXIT
1723065.589 BGY129 260E ENTRY
1723565.589 BGY129 270E MAINROAD
1724065.589 BGY129 280E EXIT
1725065.589 BGZ136 280E ENTRY
1725565.589 BGZ136 290E MAINROAD
1726065.589 BGZ136 300E EXIT
1727065.589 BHA143 300E ENTRY
1727565.589 BHA143 310E MAINROAD
1728065.589 BHA143 320E EXIT
1729065.589 BHB150 320E ENTRY
1729565.589 BHB150 330E MAINROAD
1730065.589 BHB150 340E EXIT
1731065.589 BHC157 340E ENTRY
1731565.589 BHC157 350E MAINROAD
1732065.589 BHC157 360E EXIT
1733065.589 BHD164 360E ENTRY
1733565.589 BHD164 370E MAINROAD
1734065.589 BHD164 380E EXIT
1735065.589 BHE171 0E ENTRY
1735565.589 BHE171 10E MAINROAD
1736065.589 BHE171 20E EXIT
1737065.589 BHF178 20E ENTRY
1737565.589 BHF178 30E MAINROAD
1738065.589 BHF178 40E EXIT
1739065.589 BHG185 40E ENTRY
1739565.589 BHG185 50E MAINROAD
1740065.589 BHG185 60E EXIT
1741065.589 BHH192 60E ENTRY
1741565.589 BHH192 70E MAINROAD
1742065.589 BHH192 80E EXIT
1743065.589 BHI199 80E ENTRY
1743565.589 BHI199 90E MAINROAD
1744065.589 BHI199 100E EXIT
1745065.589 BHJ206 100E ENTRY
1745565.589 BHJ206 110E MAINROAD
1746065.589 BHJ206 120E EXIT
1747065.589 BHK213 120E ENTRY
1747565.589 BHK213 130E MAINROAD
1748065.589 BHK213 140E EXIT
1749065.589 BHL220 140E ENTRY
1749565.589 BHL220 150E MAINROAD
1750065.589 BHL220 160E EXIT
1751065.589 BHM227 160E ENTRY
1751565.589 BHM227 170E MAINROAD
1752065.589 BHM227 180E EXIT
1753065.589 BHN234 180E ENTRY
1753565.589 BHN234 190E MAINROAD
1754065.589 BHN234 200E EXIT
1755065.589 BHO241 200E ENTRY
1755565.589 BHO241 210E MAINROAD
1756065.589 BHO241 220E EXIT
1757065.589 BHP248 220E ENTRY
1757565.589 BHP248 230E MAINROAD
1758065.589 BHP248 240E EXIT
1759065.589 BHQ255 240E ENTRY
1759565.589 BHQ255 250E MAINROAD
1760065.589 BHQ255 260E EXIT
1761065.589 BHR262 260E ENTRY
1761565.589 BHR262 270E MAINROAD
1762065.589 BHR262 280E EXIT
1763065.589 BHS269 280E ENTRY
1763565.589 BHS269 290E MAINROAD
1764065.589 BHS269 300E EXIT
1765065.589 BHT276 300E ENTRY
1765565.589 BHT276 310E MAINROAD
1766065.589 BHT276 320E EXIT
1767065.589 BHU283 320E ENTRY
1767565.589 BHU283 330E MAINROAD
1768065.589 BHU283 340E EXIT
1769065.589 BHV290 340E ENTRY
1769565.589 BHV290 350E MAINROAD
1770065.589 BHV290 360E EXIT
1771065.589 BHW297 360E ENTRY
1771565.589 BHW297 370E MAINROAD
1772065.589 BHW297 380E EXIT
1773065.589 BHX304 0E ENTRY
1773565.589 BHX304 10E MAINROAD
1774065.589 BHX304 20E EXIT
1775065.589 BHY311 20E ENTRY
1775565.589 BHY311 30E MAINROAD
1776065.589 BHY311 40E EXIT
1777065.589 BHZ318 40E ENTRY
1777565.589 BHZ318 50E MAINROAD
1778065.589 BHZ318 60E EXIT
1779065.589 BIA325 60E ENTRY
1779565.589 BIA325 70E MAINROAD
1780065.589 BIA325 80E EXIT
1781065.589 BIB332 80E ENTRY
1781565.589 BIB332 90E MAINROAD
1782065.589 BIB332 100E EXIT
1783065.589 BIC339 100E ENTRY
1783565.589 BIC339 110E MAINROAD
1784065.589 BIC339 120E EXIT
1785065.589 BID346 120E ENTRY
1785565.589 BID346 130E MAINROAD
1786065.589 BID346 140E EXIT
1787065.589 BIE353 140E ENTRY
1787565.589 BIE353 150E MAINROAD
1788065.589 BIE353 160E EXIT
1789065.589 BIF360 160E ENTRY
1789565.589 BIF360 170E MAINROAD
1790065.589 BIF360 180E EXIT
1791065.589 BIG367 180E ENTRY
1791565.589 BIG367 190E MAINROAD
1792065.589 BIG367 200E EXIT
1793065.589 BIH374 200E ENTRY
1793565.589 BIH374 210E MAINROAD
1794065.589 BIH374 220E EXIT
1795065.589 BII381 220E ENTRY
1795565.589 BII381 230E MAINROAD
1796065.589 BII381 240E EXIT
1797065.589 BIJ388 240E ENTRY
1797565.589 BIJ388 250E MAINROAD
1798065.589 BIJ388 260E EXIT
1799065.589 BIK395 260E ENTRY
1799565.589 BIK395 270E MAINROAD
1800065.589 BIK395 280E EXIT
1801065.589 BIL402 280E ENTRY
1801565.589 BIL402 290E MAINROAD
1802065.589 BIL402 300E EXIT
1803065.589 BIM409 300E ENTRY
1803565.589 BIM409 310E MAINROAD
1804065.589 BIM409 320E EXIT
1805065.589 BIN416 320E ENTRY
1805565.589 BIN416 330E MAINROAD
1806065.589 BIN416 340E EXIT
1807065.589 BIO423 340E ENTRY
1807565.589 BIO423 350E MAINROAD
1808065.589 BIO423 360E EXIT
1809065.589 BIP430 360E ENTRY
1809565.589 BIP430 370E MAINROAD
1810065.589 BIP430 380E EXIT
1811065.589 BIQ437 0E ENTRY
1811565.589 BIQ437 10E MAINROAD
1812065.589 BIQ437 20E EXIT
1813065.589 BIR444 20E ENTRY
1813565.589 BIR444 30E MAINROAD
1814065.589 BIR444 40E EXIT
1815065.589 BIS451 40E ENTRY
1815565.589 BIS451 50E MAINROAD
1816065.589 BIS451 60E EXIT
1817065.589 BIT458 60E ENTRY
1817565.589 BIT458 70E MAINROAD
1818065.589 BIT458 80E EXIT
1819065.589 BIU465 80E ENTRY
1819565.589 BIU465 90E MAINROAD
1820065.589 BIU465 100E EXIT
1821065.589 BIV472 100E ENTRY
1821565.589 BIV472 110E MAINROAD
1822065.589 BIV472 120E EXIT
1823065.589 BIW479 120E ENTRY
1823565.589 BIW479 130E MAINROAD
1824065.589 BIW479 140E EXIT
1825065.589 BIX486 140E ENTRY
1825565.589 BIX486 150E MAINROAD
1826065.589 BIX486 160E EXIT
1827065.589 BIY493 160E ENTRY
1827565.589 BIY493 170E MAINROAD
1828065.589 BIY493 180E EXIT
1829065.589 BIZ500 180E ENTRY
1829565.589 BIZ500 190E MAINROAD
1830065.589 BIZ500 200E EXIT
1831065.589 BJA507 200E ENTRY
1831565.589 BJA507 210E MAINROAD
1832065.589 BJA507 220E EXIT
1833065.589 BJB514 220E ENTRY
1833565.589 BJB514 230E MAINROAD
1834065.589 BJB514 240E EXIT
1835065.589 BJC521 240E ENTRY
1835565.589 BJC521 250E MAINROAD
1836065.589 BJC521 260E EXIT
1837065.589 BJD528 260E ENTRY
1837565.589 BJD528 270E MAINROAD
1838065.589 BJD528 280E EXIT
1839065.589 BJE535 280E ENTRY
1839565.589 BJE535 290E MAINROAD
1840065.589 BJE535 300E EXIT
1841065.589 BJF542 300E ENTRY
1841565.589 BJF542 310E MAINROAD
1842065.589 BJF542 320E EXIT
1843065.589 BJG549 320E ENTRY
1843565.589 BJG549 330E MAINROAD
1844065.589 BJG549 340E EXIT
1845065.589 BJH556 340E ENTRY
1845565.589 BJH556 350E MAINROAD
1846065.589 BJH556 360E EXIT
1847065.589 BJI563 360E ENTRY
1847565.589 BJI563 370E MAINROAD
1848065.589 BJI563 380E EXIT
1849065.589 BJJ570 0E ENTRY
1849565.589 BJJ570 10E MAINROAD
1850065.589 BJJ570 20E EXIT
1851065.589 BJK577 20E ENTRY
1851565.589 BJK577 30E MAINROAD
1852065.589 BJK577 40E EXIT
1853065.589 BJL584 40E ENTRY
1853565.589 BJL584 50E MAINROAD
1854065.589 BJL584 60E EXIT
1855065.589 BJM591 60E ENTRY
1855565.589 BJM591 70E MAINROAD
1856065.589 BJM591 80E EXIT
1857065.589 BJN598 80E ENTRY
1857565.589 BJN598 90E MAINROAD
1858065.589 BJN598 100E EXIT
1859065.589 BJO605 100E ENTRY
1859565.589 BJO605 110E MAINROAD
1860065.589 BJO605 120E EXIT
1861065.589 BJP612 120E ENTRY
1861565.589 BJP612 130E MAINROAD
1862065.589 BJP612 140E EXIT
1863065.589 BJQ619 140E ENTRY
1863565.589 BJQ619 150E MAINROAD
1864065.589 BJQ619 160E EXIT
1865065.589 BJR626 160E ENTRY
1865565.589 BJR626 170E MAINROAD
1866065.589 BJR626 180E EXIT
1867065.589 BJS633 180E ENTRY
1867565.589 BJS633 190E MAINROAD
1868065.589 BJS633 200E EXIT
1869065.589 BJT640 200E ENTRY
1869565.589 BJT640 210E MAINROAD
1870065.589 BJT640 220E EXIT
1871065.589 BJU647 220E ENTRY
1871565.589 BJU647 230E MAINROAD
1872065.589 BJU647 240E EXIT
1873065.589 BJV654 240E ENTRY
1873565.589 BJV654 250E MAINROAD
1874065.589 BJV654 260E EXIT
1875065.589 BJW661 260E ENTRY
1875565.589 BJW661 270E MAINROAD
1876065.589 BJW661 280E EXIT
1877065.589 BJX668 280E ENTRY
1877565.589 BJX668 290E MAINROAD
1878065.589 BJX668 300E EXIT
1879065.589 BJY675 300E ENTRY
1879565.589 BJY675 310E MAINROAD
1880065.589 BJY675 320E EXIT
1881065.589 BJZ682 320E ENTRY
1881565.589 BJZ682 330E MAINROAD
1882065.589 BJZ682 340E EXIT
1883065.589 BKA689 340E ENTRY
1883565.589 BKA689 350E MAINROAD
1884065.589 BKA689 360E EXIT
1885065.589 BKB696 360E ENTRY
1885565.589 BKB696 370E MAINROAD
1886065.589 BKB696 380E EXIT
1887065.589 BKC703 0E ENTRY
1887565.589 BKC703 10E MAINROAD
1888065.589 BKC703 20E EXIT
1889065.589 BKD710 20E ENTRY
1889565.589 BKD710 30E MAINROAD
1890065.589 BKD710 40E EXIT
1891065.589 BKE717 40E ENTRY
1891565.589 BKE717 50E MAINROAD
1892065.589 BKE717 60E EXIT
1893065.589 BKF724 60E ENTRY
1893565.589 BKF724 70E MAINROAD
1894065.589 BKF724 80E EXIT
1895065.589 BKG731 80E ENTRY
1895565.589 BKG731 90E MAINROAD
1896065.589 BKG731 100E EXIT
1897065.589 BKH738 100E ENTRY
1897565.589 BKH738 110E MAINROAD
1898065.589 BKH738 120E EXIT
1899065.589 BKI745 120E ENTRY
1899565.589 BKI745 130E MAINROAD
1900065.589 BKI745 140E EXIT
1901065.589 BKJ752 140E ENTRY
1901565.589 BKJ752 150E MAINROAD
1902065.589 BKJ752 160E EXIT
1903065.589 BKK759 160E ENTRY
1903565.589 BKK759 170E MAINROAD
1904065.589 BKK759 180E EXIT
1905065.589 BKL766 180E ENTRY
1905565.589 BKL766 190E MAINROAD
1906065.589 BKL766 200E EXIT
1907065.589 BKM773 200E ENTRY
1907565.589 BKM773 210E MAINROAD
1908065.589 BKM773 220E EXIT
1909065.589 BKN780 220E ENTRY
1909565.589 BKN780 230E MAINROAD
1910065.589 BKN780 240E EXIT
1911065.589 BKO787 240E ENTRY
1911565.589 BKO787 250E MAINROAD
1912065.589 BKO787 260E EXIT
1913065.589 BKP794 260E ENTRY
1913565.589 BKP794 270E MAINROAD
1914065.589 BKP794 280E EXIT
1915065.589 BKQ801 280E ENTRY
1915565.589 BKQ801 290E MAINROAD
1916065.589 BKQ801 300E EXIT
1917065.589 BKR808 300E ENTRY
1917565.589 BKR808 310E MAINROAD
1918065.589 BKR808 320E EXIT
1919065.589 BKS815 320E ENTRY
1919565.589 BKS815 330E MAINROAD
1920065.589 BKS815 340E EXIT
1921065.589 BKT822 340E ENTRY
1921565.589 BKT822 350E MAINROAD
1922065.589 BKT822 360E EXIT
1923065.589 BKU829 360E ENTRY
1923565.589 BKU829 370E MAINROAD
1924065.589 BKU829 380E EXIT
1925065.589 BKV836 0E ENTRY
1925565.589 BKV836 10E MAINROAD
1926065.589 BKV836 20E EXIT
1927065.589 BKW843 20E ENTRY
1927565.589 BKW843 30E MAINROAD
1928065.589 BKW843 40E EXIT
1929065.589 BKX850 40E ENTRY
1929565.589 BKX850 50E MAINROAD
1930065.589 BKX850 60E EXIT
1931065.589 BKY857 60E ENTRY
1931565.589 BKY857 70E MAINROAD
1932065.589 BKY857 80E EXIT
1933065.589 BKZ864 80E ENTRY
1933565.589 BKZ864 90E MAINROAD
1934065.589 BKZ864 100E EXIT
1935065.589 BLA871 100E ENTRY
1935565.589 BLA871 110E MAINROAD
1936065.589 BLA871 120E EXIT
1937065.589 BLB878 120E ENTRY
1937565.589 BLB878 130E MAINROAD
1938065.589 BLB878 140E EXIT
1939065.589 BLC885 140E ENTRY
1939565.589 BLC885 150E MAINROAD
1940065.589 BLC885 160E EXIT
1941065.589 BLD892 160E ENTRY
1941565.589 BLD892 170E MAINROAD
1942065.589 BLD892 180E EXIT
1943065.589 BLE899 180E ENTRY
1943565.589 BLE899 190E MAINROAD
1944065.589 BLE899 200E EXIT
1945065.589 BLF906 200E ENTRY
1945565.589 BLF906 210E MAINROAD
1946065.589 BLF906 220E EXIT
1947065.589 BLG913 220E ENTRY
1947565.589 BLG913 230E MAINROAD
1948065.589 BLG913 240E EXIT
1949065.589 BLH920 240E ENTRY
1949565.589 BLH920 250E MAINROAD
1950065.589 BLH920 260E EXIT
1951065.589 BLI927 260E ENTRY
1951565.589 BLI927 270E MAINROAD
1952065.589 BLI927 280E EXIT
1953065.589 BLJ934 280E ENTRY
1953565.589 BLJ934 290E MAINROAD
1954065.589 BLJ934 300E EXIT
1955065.589 BLK941 300E ENTRY
1955565.589 BLK941 310E MAINROAD
1956065.589 BLK941 320E EXIT
1957065.589 BLL948 320E ENTRY
1957565.589 BLL948 330E MAINROAD
1958065.589 BLL948 340E EXIT
1959065.589 BLM955 340E ENTRY
1959565.589 BLM955 350E MAINROAD
1960065.589 BLM955 360E EXIT
1961065.589 BLN962 360E ENTRY
1961565.589 BLN962 370E MAINROAD
1962065.589 BLN962 380E EXIT
1963065.589 BLO969 0E ENTRY
1963565.589 BLO969 10E MAINROAD
1964065.589 BLO969 20E EXIT
1965065.589 BLP976 20E ENTRY
1965565.589 BLP976 30E MAINROAD
1966065.589 BLP976 40E EXIT
1967065.589 BLQ983 40E ENTRY
1967565.589 BLQ983 50E MAINROAD
1968065.589 BLQ983 60E EXIT
1969065.589 BLR990 60E ENTRY
1969565.589 BLR990 70E MAINROAD
1970065.589 BLR990 80E EXIT
1971065.589 BLS997 80E ENTRY
1971565.589 BLS997 90E MAINROAD
1972065.589 BLS997 100E EXIT
1973065.589 BLT004 100E ENTRY
1973565.589 BLT004 110E MAINROAD
1974065.589 BLT004 120E EXIT
1975065.589 BLU011 120E ENTRY
1975565.589 BLU011 130E MAINROAD
1976065.589 BLU011 140E EXIT
1977065.589 BLV018 140E ENTRY
1977565.589 BLV018 150E MAINROAD
1978065.589 BLV018 160E EXIT
1979065.589 BLW025 160E ENTRY
1979565.589 BLW025 170E MAINROAD
1980065.589 BLW025 180E EXIT
1981065.589 BLX032 180E ENTRY
1981565.589 BLX032 190E MAINROAD
1982065.589 BLX032 200E EXIT
1983065.589 BLY039 200E ENTRY
1983565.589 BLY039 210E MAINROAD
1984065.589 BLY039 220E EXIT
1985065.589 BLZ046 220E ENTRY
1985565.589 BLZ046 230E MAINROAD
1986065.589 BLZ046 240E EXIT
1987065.589 BMA053 240E ENTRY
1987565.589 BMA053 250E MAINROAD
1988065.589 BMA053 260E EXIT
1989065.589 BMB060 260E ENTRY
1989565.589 BMB060 270E MAINROAD
1990065.589 BMB060 280E EXIT
1991065.589 BMC067 280E ENTRY
1991565.589 BMC067 290E MAINROAD
1992065.589 BMC067 300E EXIT
1993065.589 BMD074 300E ENTRY
1993565.589 BMD074 310E MAINROAD
1994065.589 BMD074 320E EXIT
1995065.589 BME081 320E ENTRY
1995565.589 BME081 330E MAINROAD
1996065.589 BME081 340E EXIT
1997065.589 BMF088 340E ENTRY
1997565.589 BMF088 350E MAINROAD
1998065.589 BMF088 360E EXIT
1999065.589 BMG095 360E ENTRY
1999565.589 BMG095 370E MAINROAD
2000065.589 BMG095 380E EXIT
2001065.589 BMH102 0E ENTRY
2001565.589 BMH102 10E MAINROAD
2002065.589 BMH102 20E EXIT
2003065.589 BMI109 20E ENTRY
2003565.589 BMI109 30E MAINROAD
2004065.589 BMI109 40E EXIT
2005065.589 BMJ116 40E ENTRY
2005565.589 BMJ116 50E MAINROAD
2006065.589 BMJ116 60E EXIT
2007065.589 BMK123 60E ENTRY
2007565.589 BMK123 70E MAINROAD
2008065.589 BMK123 80E EXIT
2009065.589 BML130 80E ENTRY
2009565.589 BML130 90E MAINROAD
2010065.589 BML130 100E EXIT
2011065.589 BMM137 100E ENTRY
2011565.589 BMM137 110E MAINROAD
2012065.589 BMM137 120E EXIT
2013065.589 BMN144 120E ENTRY
2013565.589 BMN144 130E MAINROAD
2014065.589 BMN144 140E EXIT
2015065.589 BMO151 140E ENTRY
2015565.589 BMO151 150E MAINROAD
2016065.589 BMO151 160E EXIT
2017065.589 BMP158 160E ENTRY
2017565.589 BMP158 170E MAINROAD
2018065.589 BMP158 180E EXIT
2019065.589 BMQ165 180E ENTRY
2019565.589 BMQ165 190E MAINROAD
2020065.589 BMQ165 200E EXIT
2021065.589 BMR172 200E ENTRY
2021565.589 BMR172 210E MAINROAD
2022065.589 BMR172 220E EXIT
2023065.589 BMS179 220E ENTRY
2023565.589 BMS179 230E MAINROAD
2024065.589 BMS179 240E EXIT
2025065.589 BMT186 240E ENTRY
2025565.589 BMT186 250E MAINROAD
2026065.589 BMT186 260E EXIT
2027065.589 BMU193 260E ENTRY
2027565.589 BMU193 270E MAINROAD
2028065.589 BMU193 280E EXIT
2029065.589 BMV200 280E ENTRY
2029565.589 BMV200 290E MAINROAD
2030065.589 BMV200 300E EXIT
2031065.589 BMW207 300E ENTRY
2031565.589 BMW207 310E MAINROAD
2032065.589 BMW207 320E EXIT
2033065.589 BMX214 320E ENTRY
2033565.589 BMX214 330E MAINROAD
2034065.589 BMX214 340E EXIT
2035065.589 BMY221 340E ENTRY
2035565.589 BMY221 350E MAINROAD
2036065.589 BMY221 360E EXIT
2037065.589 BMZ228 360E ENTRY
2037565.589 BMZ228 370E MAINROAD
2038065.589 BMZ228 380E EXIT
2039065.589 BNA235 0E ENTRY
2039565.589 BNA235 10E MAINROAD
2040065.589 BNA235 20E EXIT
2041065.589 BNB242 20E ENTRY
2041565.589 BNB242 30E MAINROAD
2042065.589 BNB242 40E EXIT
2043065.589 BNC249 40E ENTRY
2043565.589 BNC249 50E MAINROAD
2044065.589 BNC249 60E EXIT
2045065.589 BND256 60E ENTRY
2045565.589 BND256 70E MAINROAD
2046065.589 BND256 80E EXIT
2047065.589 BNE263 80E ENTRY
2047565.589 BNE263 90E MAINROAD
2048065.589 BNE263 100E EXIT
2049065.589 BNF270 100E ENTRY
2049565.589 BNF270 110E MAINROAD
2050065.589 BNF270 120E EXIT
2051065.589 BNG277 120E ENTRY
2051565.589 BNG277 130E MAINROAD
2052065.589 BNG277 140E EXIT
2053065.589 BNH284 140E ENTRY
2053565.589 BNH284 150E MAINROAD
2054065.589 BNH284 160E EXIT
2055065.589 BNI291 160E ENTRY
2055565.589 BNI291 170E MAINROAD
2056065.589 BNI291 180E EXIT
2057065.589 BNJ298 180E ENTRY
2057565.589 BNJ298 190E MAINROAD
2058065.589 BNJ298 200E EXIT
2059065.589 BNK305 200E ENTRY
2059565.589 BNK305 210E MAINROAD
2060065.589 BNK305 220E EXIT
2061065.589 BNL312 220E ENTRY
2061565.589 BNL312 230E MAINROAD
2062065.589 BNL312 240E EXIT
2063065.589 BNM319 240E ENTRY
2063565.589 BNM319 250E MAINROAD
2064065.589 BNM319 260E EXIT
2065065.589 BNN326 260E ENTRY
2065565.589 BNN326 270E MAINROAD
2066065.589 BNN326 280E EXIT
2067065.589 BNO333 280E ENTRY
2067565.589 BNO333 290E MAINROAD
2068065.589 BNO333 300E EXIT
2069065.589 BNP340 300E ENTRY
2069565.589 BNP340 310E MAINROAD
2070065.589 BNP340 320E EXIT
2071065.589 BNQ347 320E ENTRY
2071565.589 BNQ347 330E MAINROAD
2072065.589 BNQ347 340E EXIT
2073065.589 BNR354 340E ENTRY
2073565.589 BNR354 350E MAINROAD
2074065.589 BNR354 360E EXIT
2075065.589 BNS361 360E ENTRY
2075565.589 BNS361 370E MAINROAD
2076065.589 BNS361 380E EXIT
2077065.589 BNT368 0E ENTRY
2077565.589 BNT368 10E MAINROAD
2078065.589 BNT368 20E EXIT
2079065.589 BNU375 20E ENTRY
2079565.589 BNU375 30E MAINROAD
2080065.589 BNU375 40E EXIT
2081065.589 BNV382 40E ENTRY
2081565.589 BNV382 50E MAINROAD
2082065.589 BNV382 60E EXIT
2083065.589 BNW389 60E ENTRY
2083565.589 BNW389 70E MAINROAD
2084065.589 BNW389 80E EXIT
2085065.589 BNX396 80E ENTRY
2085565.589 BNX396 90E MAINROAD
2086065.589 BNX396 100E EXIT
2087065.589 BNY403 100E ENTRY
2087565.589 BNY403 110E MAINROAD
2088065.589 BNY403 120E EXIT
2089065.589 BNZ410 120E ENTRY
2089565.589 BNZ410 130E MAINROAD
2090065.589 BNZ410 140E EXIT
2091065.589 BOA417 140E ENTRY
2091565.589 BOA417 150E MAINROAD
2092065.589 BOA417 160E EXIT
2093065.589 BOB424 160E ENTRY
2093565.589 BOB424 170E MAINROAD
2094065.589 BOB424 180E EXIT
2095065.589 BOC431 180E ENTRY
2095565.589 BOC431 190E MAINROAD
2096065.589 BOC431 200E EXIT
2097065.589 BOD438 200E ENTRY
2097565.589 BOD438 210E MAINROAD
2098065.589 BOD438 220E EXIT
2099065.589 BOE445 220E ENTRY
2099565.589 BOE445 230E MAINROAD
2100065.589 BOE445 240E EXIT
2101065.589 BOF452 240E ENTRY
2101565.589 BOF452 250E MAINROAD
2102065.589 BOF452 260E EXIT
2103065.589 BOG459 260E ENTRY
2103565.589 BOG459 270E MAINROAD
2104065.589 BOG459 280E EXIT
2105065.589 BOH466 280E ENTRY
2105565.589 BOH466 290E MAINROAD
2106065.589 BOH466 300E EXIT
2107065.589 BOI473 300E ENTRY
2107565.589 BOI473 310E MAINROAD
2108065.589 BOI473 320E EXIT
2109065.589 BOJ480 320E ENTRY
2109565.589 BOJ480 330E MAINROAD
2110065.589 BOJ480 340E EXIT
2111065.589 BOK487 340E ENTRY
2111565.589 BOK487 350E MAINROAD
2112065.589 BOK487 360E EXIT
2113065.589 BOL494 360E ENTRY
2113565.589 BOL494 370E MAINROAD
2114065.589 BOL494 380E EXIT
2115065.589 BOM501 0E ENTRY
2115565.589 BOM501 10E MAINROAD
2116065.589 BOM501 20E EXIT
2117065.589 BON508 20E ENTRY
2117565.589 BON508 30E MAINROAD
2118065.589 BON508 40E EXIT
2119065.589 BOO515 40E ENTRY
2119565.589 BOO515 50E MAINROAD
2120065.589 BOO515 60E EXIT
2121065.589 BOP522 60E ENTRY
2121565.589 BOP522 70E MAINROAD
2122065.589 BOP522 80E EXIT
2123065.589 BOQ529 80E ENTRY
2123565.589 BOQ529 90E MAINROAD
2124065.589 BOQ529 100E EXIT
2125065.589 BOR536 100E ENTRY
2125565.589 BOR536 110E MAINROAD
2126065.589 BOR536 120E EXIT
2127065.589 BOS543 120E ENTRY
2127565.589 BOS543 130E MAINROAD
2128065.589 BOS543 140E EXIT
2129065.589 BOT550 140E ENTRY
2129565.589 BOT550 150E MAINROAD
2130065.589 BOT550 160E EXIT
2131065.589 BOU557 160E ENTRY
2131565.589 BOU557 170E MAINROAD
2132065.589 BOU557 180E EXIT
2133065.589 BOV564 180E ENTRY
2133565.589 BOV564 190E MAINROAD
2134065.589 BOV564 200E EXIT
2135065.589 BOW571 200E ENTRY
2135565.589 BOW571 210E MAINROAD
2136065.589 BOW571 220E EXIT
2137065.589 BOX578 220E ENTRY
2137565.589 BOX578 230E MAINROAD
2138065.589 BOX578 240E EXIT
2139065.589 BOY585 240E ENTRY
2139565.589 BOY585 250E MAINROAD
2140065.589 BOY585 260E EXIT
2141065.589 BOZ592 260E ENTRY
2141565.589 BOZ592 270E MAINROAD
2142065.589 BOZ592 280E EXIT
2143065.589 BPA599 280E ENTRY
2143565.589 BPA599 290E MAINROAD
2144065.589 BPA599 300E EXIT
2145065.589 BPB606 300E ENTRY
2145565.589 BPB606 310E MAINROAD
2146065.589 BPB606 320E EXIT
2147065.589 BPC613 320E ENTRY
2147565.589 BPC613 330E MAINROAD
2148065.589 BPC613 340E EXIT
2149065.589 BPD620 340E ENTRY
2149565.589 BPD620 350E MAINROAD
2150065.589 BPD620 360E EXIT
2151065.589 BPE627 360E ENTRY
2151565.589 BPE627 370E MAINROAD
2152065.589 BPE627 380E EXIT
2153065.589 BPF634 0E ENTRY
2153565.589 BPF634 10E MAINROAD
2154065.589 BPF634 20E EXIT
2155065.589 BPG641 20E ENTRY
2155565.589 BPG641 30E MAINROAD
2156065.589 BPG641 40E EXIT
2157065.589 BPH648 40E ENTRY
2157565.589 BPH648 50E MAINROAD
2158065.589 BPH648 60E EXIT
2159065.589 BPI655 60E ENTRY
2159565.589 BPI655 70E MAINROAD
2160065.589 BPI655 80E EXIT
2161065.589 BPJ662 80E ENTRY
2161565.589 BPJ662 90E MAINROAD
2162065.589 BPJ662 100E EXIT
2163065.589 BPK669 100E ENTRY
2163565.589 BPK669 110E MAINROAD
2164065.589 BPK669 120E EXIT
2165065.589 BPL676 120E ENTRY
2165565.589 BPL676 130E MAINROAD
2166065.589 BPL676 140E EXIT
2167065.589 BPM683 140E ENTRY
2167565.589 BPM683 150E MAINROAD
2168065.589 BPM683 160E EXIT
2169065.589 BPN690 160E ENTRY
2169565.589 BPN690 170E MAINROAD
2170065.589 BPN690 180E EXIT
2171065.589 BPO697 180E ENTRY
2171565.589 BPO697 190E MAINROAD
2172065.589 BPO697 200E EXIT
2173065.589 BPP704 200E ENTRY
2173565.589 BPP704 210E MAINROAD
2174065.589 BPP704 220E EXIT
2175065.589 BPQ711 220E ENTRY
2175565.589 BPQ711 230E MAINROAD
2176065.589 BPQ711 240E EXIT
2177065.589 BPR718 240E ENTRY
2177565.589 BPR718 250E MAINROAD
2178065.589 BPR718 260E EXIT
2179065.589 BPS725 260E ENTRY
2179565.589 BPS725 270E MAINROAD
2180065.589 BPS725 280E EXIT
2181065.589 BPT732 280E ENTRY
2181565.589 BPT732 290E MAINROAD
2182065.589 BPT732 300E EXIT
2183065.589 BPU739 300E ENTRY
2183565.589 BPU739 310E MAINROAD
2184065.589 BPU739 320E EXIT
2185065.589 BPV746 320E ENTRY
2185565.589 BPV746 330E MAINROAD
2186065.589 BPV746 340E EXIT
2187065.589 BPW753 340E ENTRY
2187565.589 BPW753 350E MAINROAD
2188065.589 BPW753 360E EXIT
2189065.589 BPX760 360E ENTRY
2189565.589 BPX760 370E MAINROAD
2190065.589 BPX760 380E EXIT
2191065.589 BPY767 0E ENTRY
2191565.589 BPY767 10E MAINROAD
2192065.589 BPY767 20E EXIT
2193065.589 BPZ774 20E ENTRY
2193565.589 BPZ774 30E MAINROAD
2194065.589 BPZ774 40E EXIT
2195065.589 BQA781 40E ENTRY
2195565.589 BQA781 50E MAINROAD
2196065.589 BQA781 60E EXIT
2197065.589 BQB788 60E ENTRY
2197565.589 BQB788 70E MAINROAD
2198065.589 BQB788 80E EXIT
2199065.589 BQC795 80E ENTRY
2199565.589 BQC795 90E MAINROAD
2200065.589 BQC795 100E EXIT
2201065.589 BQD802 100E ENTRY
2201565.589 BQD802 110E MAINROAD
2202065.589 BQD802 120E EXIT
2203065.589 BQE809 120E ENTRY
2203565.589 BQE809 130E MAINROAD
2204065.589 BQE809 140E EXIT
2205065.589 BQF816 140E ENTRY
2205565.589 BQF816 150E MAINROAD
2206065.589 BQF816 160E EXIT
2207065.589 BQG823 160E ENTRY
2207565.589 BQG823 170E MAINROAD
2208065.589 BQG823 180E EXIT
2209065.589 BQH830 180E ENTRY
2209565.589 BQH830 190E MAINROAD
2210065.589 BQH830 200E EXIT
2211065.589 BQI837 200E ENTRY
2211565.589 BQI837 210E MAINROAD
2212065.589 BQI837 220E EXIT
2213065.589 BQJ844 220E ENTRY
2213565.589 BQJ844 230E MAINROAD
2214065.589 BQJ844 240E EXIT
2215065.589 BQK851 240E ENTRY
2215565.589 BQK851 250E MAINROAD
2216065.589 BQK851 260E EXIT
2217065.589 BQL858 260E ENTRY
2217565.589 BQL858 270E MAINROAD
2218065.589 BQL858 280E EXIT
2219065.589 BQM865 280E ENTRY
2219565.589 BQM865 290E MAINROAD
2220065.589 BQM865 300E EXIT
2221065.589 BQN872 300E ENTRY
2221565.589 BQN872 310E MAINROAD
2222065.589 BQN872 320E EXIT
2223065.589 BQO879 320E ENTRY
2223565.589 BQO879 330E MAINROAD
2224065.589 BQO879 340E EXIT
2225065.589 BQP886 340E ENTRY
2225565.589 BQP886 350E MAINROAD
2226065.589 BQP886 360E EXIT
2227065.589 BQQ893 360E ENTRY
2227565.589 BQQ893 370E MAINROAD
2228065.589 BQQ893 380E EXIT
2229065.589 BQR900 0E ENTRY
2229565.589 BQR900 10E MAINROAD
2230065.589 BQR900 20E EXIT
2231065.589 BQS907 20E ENTRY
2231565.589 BQS907 30E MAINROAD
2232065.589 BQS907 40E EXIT
2233065.589 BQT914 40E ENTRY
2233565.589 BQT914 50E MAINROAD
2234065.589 BQT914 60E EXIT
2235065.589 BQU921 60E ENTRY
2235565.589 BQU921 70E MAINROAD
2236065.589 BQU921 80E EXIT
2237065.589 BQV928 80E ENTRY
2237565.589 BQV928 90E MAINROAD
2238065.589 BQV928 100E EXIT
2239065.589 BQW935 100E ENTRY
2239565.589 BQW935 110E MAINROAD
2240065.589 BQW935 120E EXIT
2241065.589 BQX942 120E ENTRY
2241565.589 BQX942 130E MAINROAD
2242065.589 BQX942 140E EXIT
2243065.589 BQY949 140E ENTRY
2243565.589 BQY949 150E MAINROAD
2244065.589 BQY949 160E EXIT
2245065.589 BQZ956 160E ENTRY
2245565.589 BQZ956 170E MAINROAD
2246065.589 BQZ956 180E EXIT
2247065.589 BRA963 180E ENTRY
2247565.589 BRA963 190E MAINROAD
2248065.589 BRA963 200E EXIT
2249065.589 BRB970 200E ENTRY
2249565.589 BRB970 210E MAINROAD
2250065.589 BRB970 220E EXIT
2251065.589 BRC977 220E ENTRY
2251565.589 BRC977 230E MAINROAD
2252065.589 BRC977 240E EXIT
2253065.589 BRD984 240E ENTRY
2253565.589 BRD984 250E MAINROAD
2254065.589 BRD984 260E EXIT
2255065.589 BRE991 260E ENTRY
2255565.589 BRE991 270E MAINROAD
2256065.589 BRE991 280E EXIT
2257065.589 BRF998 280E ENTRY
2257565.589 BRF998 290E MAINROAD
2258065.589 BRF998 300E EXIT
2259065.589 BRG005 300E ENTRY
2259565.589 BRG005 310E MAINROAD
2260065.589 BRG005 320E EXIT
2261065.589 BRH012 320E ENTRY
2261565.589 BRH012 330E MAINROAD
2262065.589 BRH012 340E EXIT
2263065.589 BRI019 340E ENTRY
2263565.589 BRI019 350E MAINROAD
2264065.589 BRI019 360E EXIT
2265065.589 BRJ026 360E ENTRY
2265565.589 BRJ026 370E MAINROAD
2266065.589 BRJ026 380E EXIT
2267065.589 BRK033 0E ENTRY
2267565.589 BRK033 10E MAINROAD
2268065.589 BRK033 20E EXIT
2269065.589 BRL040 20E ENTRY
2269565.589 BRL040 30E MAINROAD
2270065.589 BRL040 40E EXIT
2271065.589 BRM047 40E ENTRY
2271565.589 BRM047 50E MAINROAD
2272065.589 BRM047 60E EXIT
2273065.589 BRN054 60E ENTRY
2273565.589 BRN054 70E MAINROAD
2274065.589 BRN054 80E EXIT
2275065.589 BRO061 80E ENTRY
2275565.589 BRO061 90E MAINROAD
2276065.589 BRO061 100E EXIT
2277065.589 BRP068 100E ENTRY
2277565.589 BRP068 110E MAINROAD
2278065.589 BRP068 120E EXIT
2279065.589 BRQ075 120E ENTRY
2279565.589 BRQ075 130E MAINROAD
2280065.589 BRQ075 140E EXIT
2281065.589 BRR082 140E ENTRY
2281565.589 BRR082 150E MAINROAD
2282065.589 BRR082 160E EXIT
2283065.589 BRS089 160E ENTRY
2283565.589 BRS089 170E MAINROAD
2284065.589 BRS089 180E EXIT
2285065.589 BRT096 180E ENTRY
2285565.589 BRT096 190E MAINROAD
2286065.589 BRT096 200E EXIT
2287065.589 BRU103 200E ENTRY
2287565.589 BRU103 210E MAINROAD
2288065.589 BRU103 220E EXIT
2289065.589 BRV110 220E ENTRY
2289565.589 BRV110 230E MAINROAD
2290065.589 BRV110 240E EXIT
2291065.589 BRW117 240E ENTRY
2291565.589 BRW117 250E MAINROAD
2292065.589 BRW117 260E EXIT
2293065.589 BRX124 260E ENTRY
2293565.589 BRX124 270E MAINROAD
2294065.589 BRX124 280E EXIT
2295065.589 BRY131 280E ENTRY
2295565.589 BRY131 290E MAINROAD
2296065.589 BRY131 300E EXIT
2297065.589 BRZ138 300E ENTRY
2297565.589 BRZ138 310E MAINROAD
2298065.589 BRZ138 320E EXIT
2299065.589 BSA145 320E ENTRY
2299565.589 BSA145 330E MAINROAD
2300065.589 BSA145 340E EXIT
2301065.589 BSB152 340E ENTRY
2301565.589 BSB152 350E MAINROAD
2302065.589 BSB152 360E EXIT
2303065.589 BSC159 360E ENTRY
2303565.589 BSC159 370E MAINROAD
2304065.589 BSC159 380E EXIT
2305065.589 BSD166 0E ENTRY
2305565.589 BSD166 10E MAINROAD
2306065.589 BSD166 20E EXIT
2307065.589 BSE173 20E ENTRY
2307565.589 BSE173 30E MAINROAD
2308065.589 BSE173 40E EXIT
2309065.589 BSF180 40E ENTRY
2309565.589 BSF180 50E MAINROAD
2310065.589 BSF180 60E EXIT
2311065.589 BSG187 60E ENTRY
2311565.589 BSG187 70E MAINROAD
2312065.589 BSG187 80E EXIT
2313065.589 BSH194 80E ENTRY
2313565.589 BSH194 90E MAINROAD
2314065.589 BSH194 100E EXIT
2315065.589 BSI201 100E ENTRY
2315565.589 BSI201 110E MAINROAD
2316065.589 BSI201 120E EXIT
2317065.589 BSJ208 120E ENTRY
2317565.589 BSJ208 130E MAINROAD
2318065.589 BSJ208 140E EXIT
2319065.589 BSK215 140E ENTRY
2319565.589 BSK215 150E MAINROAD
2320065.589 BSK215 160E EXIT
2321065.589 BSL222 160E ENTRY
2321565.589 BSL222 170E MAINROAD
2322065.589 BSL222 180E EXIT
2323065.589 BSM229 180E ENTRY
2323565.589 BSM229 190E MAINROAD
2324065.589 BSM229 200E EXIT
2325065.589 BSN236 200E ENTRY
2325565.589 BSN236 210E MAINROAD
2326065.589 BSN236 220E EXIT
2327065.589 BSO243 220E ENTRY
2327565.589 BSO243 230E MAINROAD
2328065.589 BSO243 240E EXIT
2329065.589 BSP250 240E ENTRY
2329565.589 BSP250 250E MAINROAD
2330065.589 BSP250 260E EXIT
2331065.589 BSQ257 260E ENTRY
2331565.589 BSQ257 270E MAINROAD
2332065.589 BSQ257 280E EXIT
2333065.589 BSR264 280E ENTRY
2333565.589 BSR264 290E MAINROAD
2334065.589 BSR264 300E EXIT
2335065.589 BSS271 300E ENTRY
2335565.589 BSS271 310E MAINROAD
2336065.589 BSS271 320E EXIT
2337065.589 BST278 320E ENTRY
2337565.589 BST278 330E MAINROAD
2338065.589 BST278 340E EXIT
2339065.589 BSU285 340E ENTRY
2339565.589 BSU285 350E MAINROAD
2340065.589 BSU285 360E EXIT
2341065.589 BSV292 360E ENTRY
2341565.589 BSV292 370E MAINROAD
2342065.589 BSV292 380E EXIT
2343065.589 BSW299 0E ENTRY
2343565.589 BSW299 10E MAINROAD
2344065.589 BSW299 20E EXIT
2345065.589 BSX306 20E ENTRY
2345565.589 BSX306 30E MAINROAD
2346065.589 BSX306 40E EXIT
2347065.589 BSY313 40E ENTRY
2347565.589 BSY313 50E MAINROAD
2348065.589 BSY313 60E EXIT
2349065.589 BSZ320 60E ENTRY
2349565.589 BSZ320 70E MAINROAD
2350065.589 BSZ320 80E EXIT
2351065.589 BTA327 80E ENTRY
2351565.589 BTA327 90E MAINROAD
2352065.589 BTA327 100E EXIT
2353065.589 BTB334 100E ENTRY
2353565.589 BTB334 110E MAINROAD
2354065.589 BTB334 120E EXIT
2355065.589 BTC341 120E ENTRY
2355565.589 BTC341 130E MAINROAD
2356065.589 BTC341 140E EXIT
2357065.589 BTD348 140E ENTRY
2357565.589 BTD348 150E MAINROAD
2358065.589 BTD348 160E EXIT
2359065.589 BTE355 160E ENTRY
2359565.589 BTE355 170E MAINROAD
2360065.589 BTE355 180E EXIT
2361065.589 BTF362 180E ENTRY
2361565.589 BTF362 190E MAINROAD
2362065.589 BTF362 200E EXIT
2363065.589 BTG369 200E ENTRY
2363565.589 BTG369 210E MAINROAD
2364065.589 BTG369 220E EXIT
2365065.589 BTH376 220E ENTRY
2365565.589 BTH376 230E MAINROAD
2366065.589 BTH376 240E EXIT
2367065.589 BTI383 240E ENTRY
2367565.589 BTI383 250E MAINROAD
2368065.589 BTI383 260E EXIT
2369065.589 BTJ390 260E ENTRY
2369565.589 BTJ390 270E MAINROAD
2370065.589 BTJ390 280E EXIT
2371065.589 BTK397 280E ENTRY
2371565.589 BTK397 290E MAINROAD
2372065.589 BTK397 300E EXIT
2373065.589 BTL404 300E ENTRY
2373565.589 BTL404 310E MAINROAD
2374065.589 BTL404 320E EXIT
2375065.589 BTM411 320E ENTRY
2375565.589 BTM411 330E MAINROAD
2376065.589 BTM411 340E EXIT
2377065.589 BTN418 340E ENTRY
2377565.589 BTN418 350E MAINROAD
2378065.589 BTN418 360E EXIT
2379065.589 BTO425 360E ENTRY
2379565.589 BTO425 370E MAINROAD
2380065.589 BTO425 380E EXIT
2381065.589 BTP432 0E ENTRY
2381565.589 BTP432 10E MAINROAD
2382065.589 BTP432 20E EXIT
2383065.589 BTQ439 20E ENTRY
2383565.589 BTQ439 30E MAINROAD
2384065.589 BTQ439 40E EXIT
2385065.589 BTR446 40E ENTRY
2385565.589 BTR446 50E MAINROAD
2386065.589 BTR446 60E EXIT
2387065.589 BTS453 60E ENTRY
2387565.589 BTS453 70E MAINROAD
2388065.589 BTS453 80E EXIT
2389065.589 BTT460 80E ENTRY
2389565.589 BTT460 90E MAINROAD
2390065.589 BTT460 100E EXIT
2391065.589 BTU467 100E ENTRY
2391565.589 BTU467 110E MAINROAD
2392065.589 BTU467 120E EXIT
2393065.589 BTV474 120E ENTRY
2393565.589 BTV474 130E MAINROAD
2394065.589 BTV474 140E EXIT
2395065.589 BTW481 140E ENTRY
2395565.589 BTW481 150E MAINROAD
2396065.589 BTW481 160E EXIT
2397065.589 BTX488 160E ENTRY
2397565.589 BTX488 170E MAINROAD
2398065.589 BTX488 180E EXIT
2399065.589 BTY495 180E ENTRY
2399565.589 BTY495 190E MAINROAD
2400065.589 BTY495 200E EXIT
2401065.589 BTZ502 200E ENTRY
2401565.589 BTZ502 210E MAINROAD
2402065.589 BTZ502 220E EXIT
2403065.589 BUA509 220E ENTRY
2403565.589 BUA509 230E MAINROAD
2404065.589 BUA509 240E EXIT
2405065.589 BUB516 240E ENTRY
2405565.589 BUB516 250E MAINROAD
2406065.589 BUB516 260E EXIT
2407065.589 BUC523 260E ENTRY
2407565.589 BUC523 270E MAINROAD
2408065.589 BUC523 280E EXIT
2409065.589 BUD530 280E ENTRY
2409565.589 BUD530 290E MAINROAD
2410065.589 BUD530 300E EXIT
2411065.589 BUE537 300E ENTRY
2411565.589 BUE537 310E MAINROAD
2412065.589 BUE537 320E EXIT
2413065.589 BUF544 320E ENTRY
2413565.589 BUF544 330E MAINROAD
2414065.589 BUF544 340E EXIT
2415065.589 BUG551 340E ENTRY
2415565.589 BUG551 350E MAINROAD
2416065.589 BUG551 360E EXIT
2417065.589 BUH558 360E ENTRY
2417565.589 BUH558 370E MAINROAD
2418065.589 BUH558 380E EXIT
2419065.589 BUI565 0E ENTRY
2419565.589 BUI565 10E MAINROAD
2420065.589 BUI565 20E EXIT
2421065.589 BUJ572 20E ENTRY
2421565.589 BUJ572 30E MAINROAD
2422065.589 BUJ572 40E EXIT
2423065.589 BUK579 40E ENTRY
2423565.589 BUK579 50E MAINROAD
2424065.589 BUK579 60E EXIT
2425065.589 BUL586 60E ENTRY
2425565.589 BUL586 70E MAINROAD
2426065.589 BUL586 80E EXIT
2427065.589 BUM593 80E ENTRY
2427565.589 BUM593 90E MAINROAD
2428065.589 BUM593 100E EXIT
2429065.589 BUN600 100E ENTRY
2429565.589 BUN600 110E MAINROAD
2430065.589 BUN600 120E EXIT
2431065.589 BUO607 120E ENTRY
2431565.589 BUO607 130E MAINROAD
2432065.589 BUO607 140E EXIT
2433065.589 BUP614 140E ENTRY
2433565.589 BUP614 150E MAINROAD
2434065.589 BUP614 160E EXIT
2435065.589 BUQ621 160E ENTRY
2435565.589 BUQ621 170E MAINROAD
2436065.589 BUQ621 180E EXIT
2437065.589 BUR628 180E ENTRY
2437565.589 BUR628 190E MAINROAD
2438065.589 BUR628 200E EXIT
2439065.589 BUS635 200E ENTRY
2439565.589 BUS635 210E MAINROAD
2440065.589 BUS635 220E EXIT
2441065.589 BUT642 220E ENTRY
2441565.589 BUT642 230E MAINROAD
2442065.589 BUT642 240E EXIT
2443065.589 BUU649 240E ENTRY
2443565.589 BUU649 250E MAINROAD
2444065.589 BUU649 260E EXIT
2445065.589 BUV656 260E ENTRY
2445565.589 BUV656 270E MAINROAD
2446065.589 BUV656 280E EXIT
2447065.589 BUW663 280E ENTRY
2447565.589 BUW663 290E MAINROAD
2448065.589 BUW663 300E EXIT
2449065.589 BUX670 300E ENTRY
2449565.589 BUX670 310E MAINROAD
2450065.589 BUX670 320E EXIT
2451065.589 BUY677 320E ENTRY
2451565.589 BUY677 330E MAINROAD
2452065.589 BUY677 340E EXIT
2453065.589 BUZ684 340E ENTRY
2453565.589 BUZ684 350E MAINROAD
2454065.589 BUZ684 360E EXIT
2455065.589 BVA691 360E ENTRY
2455565.589 BVA691 370E MAINROAD
2456065.589 BVA691 380E EXIT
2457065.589 BVB698 0E ENTRY
2457565.589 BVB698 10E MAINROAD
2458065.589 BVB698 20E EXIT
2459065.589 BVC705 20E ENTRY
2459565.589 BVC705 30E MAINROAD
2460065.589 BVC705 40E EXIT
2461065.589 BVD712 40E ENTRY
2461565.589 BVD712 50E MAINROAD
2462065.589 BVD712 60E EXIT
2463065.589 BVE719 60E ENTRY
2463565.589 BVE719 70E MAINROAD
2464065.589 BVE719 80E EXIT
2465065.589 BVF726 80E ENTRY
2465565.589 BVF726 90E MAINROAD
2466065.589 BVF726 100E EXIT
2467065.589 BVG733 100E ENTRY
2467565.589 BVG733 110E MAINROAD
2468065.589 BVG733 120E EXIT
2469065.589 BVH740 120E ENTRY
2469565.589 BVH740 130E MAINROAD
2470065.589 BVH740 140E EXIT
2471065.589 BVI747 140E ENTRY
2471565.589 BVI747 150E MAINROAD
2472065.589 BVI747 160E EXIT
2473065.589 BVJ754 160E ENTRY
2473565.589 BVJ754 170E MAINROAD
2474065.589 BVJ754 180E EXIT
2475065.589 BVK761 180E ENTRY
2475565.589 BVK761 190E MAINROAD
2476065.589 BVK761 200E EXIT
2477065.589 BVL768 200E ENTRY
2477565.589 BVL768 210E MAINROAD
2478065.589 BVL768 220E EXIT
2479065.589 BVM775 220E ENTRY
2479565.589 BVM775 230E MAINROAD
2480065.589 BVM775 240E EXIT
2481065.589 BVN782 240E ENTRY
2481565.589 BVN782 250E MAINROAD
2482065.589 BVN782 260E EXIT
2483065.589 BVO789 260E ENTRY
2483565.589 BVO789 270E MAINROAD
2484065.589 BVO789 280E EXIT
2485065.589 BVP796 280E ENTRY
2485565.589 BVP796 290E MAINROAD
2486065.589 BVP796 300E EXIT
2487065.589 BVQ803 300E ENTRY
2487565.589 BVQ803 310E MAINROAD
2488065.589 BVQ803 320E EXIT
2489065.589 BVR810 320E ENTRY
2489565.589 BVR810 330E MAINROAD
2490065.589 BVR810 340E EXIT
2491065.589 BVS817 340E ENTRY
2491565.589 BVS817 350E MAINROAD
2492065.589 BVS817 360E EXIT
2493065.589 BVT824 360E ENTRY
2493565.589 BVT824 370E MAINROAD
2494065.589 BVT824 380E EXIT
2495065.589 BVU831 0E ENTRY
2495565.589 BVU831 10E MAINROAD
2496065.589 BVU831 20E EXIT
2497065.589 BVV838 20E ENTRY
2497565.589 BVV838 30E MAINROAD
2498065.589 BVV838 40E EXIT
2499065.589 BVW845 40E ENTRY
2499565.589 BVW845 50E MAINROAD
2500065.589 BVW845 60E EXIT
2501065.589 BVX852 60E ENTRY
2501565.589 BVX852 70E MAINROAD
2502065.589 BVX852 80E EXIT
2503065.589 BVY859 80E ENTRY
2503565.589 BVY859 90E MAINROAD
2504065.589 BVY859 100E EXIT
2505065.589 BVZ866 100E ENTRY
2505565.589 BVZ866 110E MAINROAD
2506065.589 BVZ866 120E EXIT
2507065.589 BWA873 120E ENTRY
2507565.589 BWA873 130E MAINROAD
2508065.589 BWA873 140E EXIT
2509065.589 BWB880 140E ENTRY
2509565.589 BWB880 150E MAINROAD
2510065.589 BWB880 160E EXIT
2511065.589 BWC887 160E ENTRY
2511565.589 BWC887 170E MAINROAD
2512065.589 BWC887 180E EXIT
2513065.589 BWD894 180E ENTRY
2513565.589 BWD894 190E MAINROAD
2514065.589 BWD894 200E EXIT
2515065.589 BWE901 200E ENTRY
2515565.589 BWE901 210E MAINROAD
2516065.589 BWE901 220E EXIT
2517065.589 BWF908 220E ENTRY
2517565.589 BWF908 230E MAINROAD
2518065.589 BWF908 240E EXIT
2519065.589 BWG915 240E ENTRY
2519565.589 BWG915 250E MAINROAD
2520065.589 BWG915 260E EXIT
2521065.589 BWH922 260E ENTRY
2521565.589 BWH922 270E MAINROAD
2522065.589 BWH922 280E EXIT
2523065.589 BWI929 280E ENTRY
2523565.589 BWI929 290E MAINROAD
2524065.589 BWI929 300E EXIT
2525065.589 BWJ936 300E ENTRY
2525565.589 BWJ936 310E MAINROAD
2526065.589 BWJ936 320E EXIT
2527065.589 BWK943 320E ENTRY
2527565.589 BWK943 330E MAINROAD
2528065.589 BWK943 340E EXIT
2529065.589 BWL950 340E ENTRY
2529565.589 BWL950 350E MAINROAD
2530065.589 BWL950 360E EXIT
2531065.589 BWM957 360E ENTRY
2531565.589 BWM957 370E MAINROAD
2532065.589 BWM957 380E EXIT
2533065.589 BWN964 0E ENTRY
2533565.589 BWN964 10E MAINROAD
2534065.589 BWN964 20E EXIT
2535065.589 BWO971 20E ENTRY
2535565.589 BWO971 30E MAINROAD
2536065.589 BWO971 40E EXIT
2537065.589 BWP978 40E ENTRY
2537565.589 BWP978 50E MAINROAD
2538065.589 BWP978 60E EXIT
2539065.589 BWQ985 60E ENTRY
2539565.589 BWQ985 70E MAINROAD
2540065.589 BWQ985 80E EXIT
2541065.589 BWR992 80E ENTRY
2541565.589 BWR992 90E MAINROAD
2542065.589 BWR992 100E EXIT
2543065.589 BWS999 100E ENTRY
2543565.589 BWS999 110E MAINROAD
2544065.589 BWS999 120E EXIT
2545065.589 BWT006 120E ENTRY
2545565.589 BWT006 130E MAINROAD
2546065.589 BWT006 140E EXIT
2547065.589 BWU013 140E ENTRY
2547565.589 BWU013 150E MAINROAD
2548065.589 BWU013 160E EXIT
2549065.589 BWV020 160E ENTRY
2549565.589 BWV020 170E MAINROAD
2550065.589 BWV020 180E EXIT
2551065.589 BWW027 180E ENTRY
2551565.589 BWW027 190E MAINROAD
2552065.589 BWW027 200E EXIT
2553065.589 BWX034 200E ENTRY
2553565.589 BWX034 210E MAINROAD
2554065.589 BWX034 220E EXIT
2555065.589 BWY041 220E ENTRY
2555565.589 BWY041 230E MAINROAD
2556065.589 BWY041 240E EXIT
2557065.589 BWZ048 240E ENTRY
2557565.589 BWZ048 250E MAINROAD
2558065.589 BWZ048 260E EXIT
2559065.589 BXA055 260E ENTRY
2559565.589 BXA055 270E MAINROAD
2560065.589 BXA055 280E EXIT
2561065.589 BXB062 280E ENTRY
2561565.589 BXB062 290E MAINROAD
2562065.589 BXB062 300E EXIT
2563065.589 BXC069 300E ENTRY
2563565.589 BXC069 310E MAINROAD
2564065.589 BXC069 320E EXIT
2565065.589 BXD076 320E ENTRY
2565565.589 BXD076 330E MAINROAD
2566065.589 BXD076 340E EXIT
2567065.589 BXE083 340E ENTRY
2567565.589 BXE083 350E MAINROAD
2568065.589 BXE083 360E EXIT
2569065.589 BXF090 360E ENTRY
2569565.589 BXF090 370E MAINROAD
2570065.589 BXF090 380E EXIT
2571065.589 BXG097 0E ENTRY
2571565.589 BXG097 10E MAINROAD
2572065.589 BXG097 20E EXIT
2573065.589 BXH104 20E ENTRY
2573565.589 BXH104 30E MAINROAD
2574065.589 BXH104 40E EXIT
2575065.589 BXI111 40E ENTRY
2575565.589 BXI111 50E MAINROAD
2576065.589 BXI111 60E EXIT
2577065.589 BXJ118 60E ENTRY
2577565.589 BXJ118 70E MAINROAD
2578065.589 BXJ118 80E EXIT
2579065.589 BXK125 80E ENTRY
2579565.589 BXK125 90E MAINROAD
2580065.589 BXK125 100E EXIT
2581065.589 BXL132 100E ENTRY
2581565.589 BXL132 110E MAINROAD
2582065.589 BXL132 120E EXIT
2583065.589 BXM139 120E ENTRY
2583565.589 BXM139 130E MAINROAD
2584065.589 BXM139 140E EXIT
2585065.589 BXN146 140E ENTRY
2585565.589 BXN146 150E MAINROAD
2586065.589 BXN146 160E EXIT
2587065.589 BXO153 160E ENTRY
2587565.589 BXO153 170E MAINROAD
2588065.589 BXO153 180E EXIT
2589065.589 BXP160 180E ENTRY
2589565.589 BXP160 190E MAINROAD
2590065.589 BXP160 200E EXIT
2591065.589 BXQ167 200E ENTRY
2591565.589 BXQ167 210E MAINROAD
2592065.589 BXQ167 220E EXIT
2593065.589 BXR174 220E ENTRY
2593565.589 BXR174 230E MAINROAD
2594065.589 BXR174 240E EXIT
2595065.589 BXS181 240E ENTRY
2595565.589 BXS181 250E MAINROAD
2596065.589 BXS181 260E EXIT
2597065.589 BXT188 260E ENTRY
2597565.589 BXT188 270E MAINROAD
2598065.589 BXT188 280E EXIT
2599065.589 BXU195 280E ENTRY
2599565.589 BXU195 290E MAINROAD
2600065.589 BXU195 300E EXIT
2601065.589 BXV202 300E ENTRY
2601565.589 BXV202 310E MAINROAD
2602065.589 BXV202 320E EXIT
2603065.589 BXW209 320E ENTRY
2603565.589 BXW209 330E MAINROAD
2604065.589 BXW209 340E EXIT
2605065.589 BXX216 340E ENTRY
2605565.589 BXX216 350E MAINROAD
2606065.589 BXX216 360E EXIT
2607065.589 BXY223 360E ENTRY
2607565.589 BXY223 370E MAINROAD
2608065.589 BXY223 380E EXIT
2609065.589 BXZ230 0E ENTRY
2609565.589 BXZ230 10E MAINROAD
2610065.589 BXZ230 20E EXIT
2611065.589 BYA237 20E ENTRY
2611565.589 BYA237 30E MAINROAD
2612065.589 BYA237 40E EXIT
2613065.589 BYB244 40E ENTRY
2613565.589 BYB244 50E MAINROAD
2614065.589 BYB244 60E EXIT
2615065.589 BYC251 60E ENTRY
2615565.589 BYC251 70E MAINROAD
2616065.589 BYC251 80E EXIT
2617065.589 BYD258 80E ENTRY
2617565.589 BYD258 90E MAINROAD
2618065.589 BYD258 100E EXIT
2619065.589 BYE265 100E ENTRY
2619565.589 BYE265 110E MAINROAD
2620065.589 BYE265 120E EXIT
2621065.589 BYF272 120E ENTRY
2621565.589 BYF272 130E MAINROAD
2622065.589 BYF272 140E EXIT
2623065.589 BYG279 140E ENTRY
2623565.589 BYG279 150E MAINROAD
2624065.589 BYG279 160E EXIT
2625065.589 BYH286 160E ENTRY
2625565.589 BYH286 170E MAINROAD
2626065.589 BYH286 180E EXIT
2627065.589 BYI293 180E ENTRY
2627565.589 BYI293 190E MAINROAD
2628065.589 BYI293 200E EXIT
2629065.589 BYJ300 200E ENTRY
2629565.589 BYJ300 210E MAINROAD
2630065.589 BYJ300 220E EXIT
2631065.589 BYK307 220E ENTRY
2631565.589 BYK307 230E MAINROAD
2632065.589 BYK307 240E EXIT
2633065.589 BYL314 240E ENTRY
2633565.589 BYL314 250E MAINROAD
2634065.589 BYL314 260E EXIT
2635065.589 BYM321 260E ENTRY
2635565.589 BYM321 270E MAINROAD
2636065.589 BYM321 280E EXIT
2637065.589 BYN328 280E ENTRY
2637565.589 BYN328 290E MAINROAD
2638065.589 BYN328 300E EXIT
2639065.589 BYO335 300E ENTRY
2639565.589 BYO335 310E MAINROAD
2640065.589 BYO335 320E EXIT
2641065.589 BYP342 320E ENTRY
2641565.589 BYP342 330E MAINROAD
2642065.589 BYP342 340E EXIT
2643065.589 BYQ349 340E ENTRY
2643565.589 BYQ349 350E MAINROAD
2644065.589 BYQ349 360E EXIT
2645065.589 BYR356 360E ENTRY
2645565.589 BYR356 370E MAINROAD
2646065.589 BYR356 380E EXIT
2647065.589 BYS363 0E ENTRY
2647565.589 BYS363 10E MAINROAD
2648065.589 BYS363 20E EXIT
2649065.589 BYT370 20E ENTRY
2649565.589 BYT370 30E MAINROAD
2650065.589 BYT370 40E EXIT
2651065.589 BYU377 40E ENTRY
2651565.589 BYU377 50E MAINROAD
2652065.589 BYU377 60E EXIT
2653065.589 BYV384 60E ENTRY
2653565.589 BYV384 70E MAINROAD
2654065.589 BYV384 80E EXIT
2655065.589 BYW391 80E ENTRY
2655565.589 BYW391 90E MAINROAD
2656065.589 BYW391 100E EXIT
2657065.589 BYX398 100E ENTRY
2657565.589 BYX398 110E MAINROAD
2658065.589 BYX398 120E EXIT
2659065.589 BYY405 120E ENTRY
2659565.589 BYY405 130E MAINROAD
2660065.589 BYY405 140E EXIT
2661065.589 BYZ412 140E ENTRY
2661565.589 BYZ412 150E MAINROAD
2662065.589 BYZ412 160E EXIT
2663065.589 BZA419 160E ENTRY
2663565.589 BZA419 170E MAINROAD
2664065.589 BZA419 180E EXIT
2665065.589 BZB426 180E ENTRY
2665565.589 BZB426 190E MAINROAD
2666065.589 BZB426 200E EXIT
2667065.589 BZC433 200E ENTRY
2667565.589 BZC433 210E MAINROAD
2668065.589 BZC433 220E EXIT
2669065.589 BZD440 220E ENTRY
2669565.589 BZD440 230E MAINROAD
2670065.589 BZD440 240E EXIT
2671065.589 BZE447 240E ENTRY
2671565.589 BZE447 250E MAINROAD
2672065.589 BZE447 260E EXIT
2673065.589 BZF454 260E ENTRY
2673565.589 BZF454 270E MAINROAD
2674065.589 BZF454 280E EXIT
2675065.589 BZG461 280E ENTRY
2675565.589 BZG461 290E MAINROAD
2676065.589 BZG461 300E EXIT
2677065.589 BZH468 300E ENTRY
2677565.589 BZH468 310E MAINROAD
2678065.589 BZH468 320E EXIT
2679065.589 BZI475 320E ENTRY
2679565.589 BZI475 330E MAINROAD
2680065.589 BZI475 340E EXIT
2681065.589 BZJ482 340E ENTRY
2681565.589 BZJ482 350E MAINROAD
2682065.589 BZJ482 360E EXIT
2683065.589 BZK489 360E ENTRY
2683565.589 BZK489 370E MAINROAD
2684065.589 BZK489 380E EXIT
2685065.589 BZL496 0E ENTRY
2685565.589 BZL496 10E MAINROAD
2686065.589 BZL496 20E EXIT
2687065.589 BZM503 20E ENTRY
2687565.589 BZM503 30E MAINROAD
2688065.589 BZM503 40E EXIT
2689065.589 BZN510 40E ENTRY
2689565.589 BZN510 50E MAINROAD
2690065.589 BZN510 60E EXIT
2691065.589 BZO517 60E ENTRY
2691565.589 BZO517 70E MAINROAD
2692065.589 BZO517 80E EXIT
2693065.589 BZP524 80E ENTRY
2693565.589 BZP524 90E MAINROAD
2694065.589 BZP524 100E EXIT
2695065.589 BZQ531 100E ENTRY
2695565.589 BZQ531 110E MAINROAD
2696065.589 BZQ531 120E EXIT
2697065.589 BZR538 120E ENTRY
2697565.589 BZR538 130E MAINROAD
2698065.589 BZR538 140E EXIT
2699065.589 BZS545 140E ENTRY
2699565.589 BZS545 150E MAINROAD
2700065.589 BZS545 160E EXIT
2701065.589 BZT552 160E ENTRY
2701565.589 BZT552 170E MAINROAD
2702065.589 BZT552 180E EXIT
2703065.589 BZU559 180E ENTRY
2703565.589 BZU559 190E MAINROAD
2704065.589 BZU559 200E EXIT
2705065.589 BZV566 200E ENTRY
2705565.589 BZV566 210E MAINROAD
2706065.589 BZV566 220E EXIT
2707065.589 BZW573 220E ENTRY
2707565.589 BZW573 230E MAINROAD
2708065.589 BZW573 240E EXIT
2709065.589 BZX580 240E ENTRY
2709565.589 BZX580 250E MAINROAD
2710065.589 BZX580 260E EXIT
2711065.589 BZY587 260E ENTRY
2711565.589 BZY587 270E MAINROAD
2712065.589 BZY587 280E EXIT
2713065.589 BZZ594 280E ENTRY
2713565.589 BZZ594 290E MAINROAD
2714065.589 BZZ594 300E EXIT
2715065.589 CAA601 300E ENTRY
2715565.589 CAA601 310E MAINROAD
2716065.589 CAA601 320E EXIT
2717065.589 CAB608 320E ENTRY
2717565.589 CAB608 330E MAINROAD
2718065.589 CAB608 340E EXIT
2719065.589 CAC615 340E ENTRY
2719565.589 CAC615 350E MAINROAD
2720065.589 CAC615 360E EXIT
2721065.589 CAD622 360E ENTRY
2721565.589 CAD622 370E MAINROAD
2722065.589 CAD622 380E EXIT
2723065.589 CAE629 0E ENTRY
2723565.589 CAE629 10E MAINROAD
2724065.589 CAE629 20E EXIT
2725065.589 CAF636 20E ENTRY
2725565.589 CAF636 30E MAINROAD
2726065.589 CAF636 40E EXIT
2727065.589 CAG643 40E ENTRY
2727565.589 CAG643 50E MAINROAD
2728065.589 CAG643 60E EXIT
2729065.589 CAH650 60E ENTRY
2729565.589 CAH650 70E MAINROAD
2730065.589 CAH650 80E EXIT
2731065.589 CAI657 80E ENTRY
2731565.589 CAI657 90E MAINROAD
2732065.589 CAI657 100E EXIT
2733065.589 CAJ664 100E ENTRY
2733565.589 CAJ664 110E MAINROAD
2734065.589 CAJ664 120E EXIT
2735065.589 CAK671 120E ENTRY
2735565.589 CAK671 130E MAINROAD
2736065.589 CAK671 140E EXIT
2737065.589 CAL678 140E ENTRY
2737565.589 CAL678 150E MAINROAD
2738065.589 CAL678 160E EXIT
2739065.589 CAM685 160E ENTRY
2739565.589 CAM685 170E MAINROAD
2740065.589 CAM685 180E EXIT
2741065.589 CAN692 180E ENTRY
2741565.589 CAN692 190E MAINROAD
2742065.589 CAN692 200E EXIT
2743065.589 CAO699 200E ENTRY
2743565.589 CAO699 210E MAINROAD
2744065.589 CAO699 220E EXIT
2745065.589 CAP706 220E ENTRY
2745565.589 CAP706 230E MAINROAD
2746065.589 CAP706 240E EXIT
2747065.589 CAQ713 240E ENTRY
2747565.589 CAQ713 250E MAINROAD
2748065.589 CAQ713 260E EXIT
2749065.589 CAR720 260E ENTRY
2749565.589 CAR720 270E MAINROAD
2750065.589 CAR720 280E EXIT
2751065.589 CAS727 280E ENTRY
2751565.589 CAS727 290E MAINROAD
2752065.589 CAS727 300E EXIT
2753065.589 CAT734 300E ENTRY
2753565.589 CAT734 310E MAINROAD
2754065.589 CAT734 320E EXIT
2755065.589 CAU741 320E ENTRY
2755565.589 CAU741 330E MAINROAD
2756065.589 CAU741 340E EXIT
2757065.589 CAV748 340E ENTRY
2757565.589 CAV748 350E MAINROAD
2758065.589 CAV748 360E EXIT
2759065.589 CAW755 360E ENTRY
2759565.589 CAW755 370E MAINROAD
2760065.589 CAW755 380E EXIT
2761065.589 CAX762 0E ENTRY
2761565.589 CAX762 10E MAINROAD
2762065.589 CAX762 20E EXIT
2763065.589 CAY769 20E ENTRY
2763565.589 CAY769 30E MAINROAD
2764065.589 CAY769 40E EXIT
2765065.589 CAZ776 40E ENTRY
2765565.589 CAZ776 50E MAINROAD
2766065.589 CAZ776 60E EXIT
2767065.589 CBA783 60E ENTRY
2767565.589 CBA783 70E MAINROAD
2768065.589 CBA783 80E EXIT
2769065.589 CBB790 80E ENTRY
2769565.589 CBB790 90E MAINROAD
2770065.589 CBB790 100E EXIT
2771065.589 CBC797 100E ENTRY
2771565.589 CBC797 110E MAINROAD
2772065.589 CBC797 120E EXIT
2773065.589 CBD804 120E ENTRY
2773565.589 CBD804 130E MAINROAD
2774065.589 CBD804 140E EXIT
2775065.589 CBE811 140E ENTRY
2775565.589 CBE811 150E MAINROAD
2776065.589 CBE811 160E EXIT
2777065.589 CBF818 160E ENTRY
2777565.589 CBF818 170E MAINROAD
2778065.589 CBF818 180E EXIT
2779065.589 CBG825 180E ENTRY
2779565.589 CBG825 190E MAINROAD
2780065.589 CBG825 200E EXIT
2781065.589 CBH832 200E ENTRY
2781565.589 CBH832 210E MAINROAD
2782065.589 CBH832 220E EXIT
2783065.589 CBI839 220E ENTRY
2783565.589 CBI839 230E MAINROAD
2784065.589 CBI839 240E EXIT
2785065.589 CBJ846 240E ENTRY
2785565.589 CBJ846 250E MAINROAD
2786065.589 CBJ846 260E EXIT
2787065.589 CBK853 260E ENTRY
2787565.589 CBK853 270E MAINROAD
2788065.589 CBK853 280E EXIT
2789065.589 CBL860 280E ENTRY
2789565.589 CBL860 290E MAINROAD
2790065.589 CBL860 300E EXIT
2791065.589 CBM867 300E ENTRY
2791565.589 CBM867 310E MAINROAD
2792065.589 CBM867 320E EXIT
2793065.589 CBN874 320E ENTRY
2793565.589 CBN874 330E MAINROAD
2794065.589 CBN874 340E EXIT
2795065.589 CBO881 340E ENTRY
2795565.589 CBO881 350E MAINROAD
2796065.589 CBO881 360E EXIT
2797065.589 CBP888 360E ENTRY
2797565.589 CBP888 370E MAINROAD
2798065.589 CBP888 380E EXIT
2799065.589 CBQ895 0E ENTRY
2799565.589 CBQ895 10E MAINROAD
2800065.589 CBQ895 20E EXIT
2801065.589 CBR902 20E ENTRY
2801565.589 CBR902 30E MAINROAD
2802065.589 CBR902 40E EXIT
2803065.589 CBS909 40E ENTRY
2803565.589 CBS909 50E MAINROAD
2804065.589 CBS909 60E EXIT
2805065.589 CBT916 60E ENTRY
2805565.589 CBT916 70E MAINROAD
2806065.589 CBT916 80E EXIT
2807065.589 CBU923 80E ENTRY
2807565.589 CBU923 90E MAINROAD
2808065.589 CBU923 100E EXIT
2809065.589 CBV930 100E ENTRY
2809565.589 CBV930 110E MAINROAD
2810065.589 CBV930 120E EXIT
2811065.589 CBW937 120E ENTRY
2811565.589 CBW937 130E MAINROAD
2812065.589 CBW937 140E EXIT
2813065.589 CBX944 140E ENTRY
2813565.589 CBX944 150E MAINROAD
2814065.589 CBX944 160E EXIT
2815065.589 CBY951 160E ENTRY
2815565.589 CBY951 170E MAINROAD
2816065.589 CBY951 180E EXIT
2817065.589 CBZ958 180E ENTRY
2817565.589 CBZ958 190E MAINROAD
2818065.589 CBZ958 200E EXIT
2819065.589 CCA965 200E ENTRY
2819565.589 CCA965 210E MAINROAD
2820065.589 CCA965 220E EXIT
2821065.589 CCB972 220E ENTRY
2821565.589 CCB972 230E MAINROAD
2822065.589 CCB972 240E EXIT
2823065.589 CCC979 240E ENTRY
2823565.589 CCC979 250E MAINROAD
2824065.589 CCC979 260E EXIT
2825065.589 CCD986 260E ENTRY
2825565.589 CCD986 270E MAINROAD
2826065.589 CCD986 280E EXIT
2827065.589 CCE993 280E ENTRY
2827565.589 CCE993 290E MAINROAD
2828065.589 CCE993 300E EXIT
2829065.589 CCF000 300E ENTRY
2829565.589 CCF000 310E MAINROAD
2830065.589 CCF000 320E EXIT
2831065.589 CCG007 320E ENTRY
2831565.589 CCG007 330E MAINROAD
2832065.589 CCG007 340E EXIT
2833065.589 CCH014 340E ENTRY
2833565.589 CCH014 350E MAINROAD
2834065.589 CCH014 360E EXIT
2835065.589 CCI021 360E ENTRY
2835565.589 CCI021 370E MAINROAD
2836065.589 CCI021 380E EXIT
2837065.589 CCJ028 0E ENTRY
2837565.589 CCJ028 10E MAINROAD
2838065.589 CCJ028 20E EXIT
2839065.589 CCK035 20E ENTRY
2839565.589 CCK035 30E MAINROAD
2840065.589 CCK035 40E EXIT
2841065.589 CCL042 40E ENTRY
2841565.589 CCL042 50E MAINROAD
2842065.589 CCL042 60E EXIT
2843065.589 CCM049 60E ENTRY
2843565.589 CCM049 70E MAINROAD
2844065.589 CCM049 80E EXIT
2845065.589 CCN056 80E ENTRY
2845565.589 CCN056 90E MAINROAD
2846065.589 CCN056 100E EXIT
2847065.589 CCO063 100E ENTRY
2847565.589 CCO063 110E MAINROAD
2848065.589 CCO063 120E EXIT
2849065.589 CCP070 120E ENTRY
2849565.589 CCP070 130E MAINROAD
2850065.589 CCP070 140E EXIT
2851065.589 CCQ077 140E ENTRY
2851565.589 CCQ077 150E MAINROAD
2852065.589 CCQ077 160E EXIT
2853065.589 CCR084 160E ENTRY
2853565.589 CCR084 170E MAINROAD
2854065.589 CCR084 180E EXIT
2855065.589 CCS091 180E ENTRY
2855565.589 CCS091 190E MAINROAD
2856065.589 CCS091 200E EXIT
2857065.589 CCT098 200E ENTRY
2857565.589 CCT098 210E MAINROAD
2858065.589 CCT098 220E EXIT
2859065.589 CCU105 220E ENTRY
2859565.589 CCU105 230E MAINROAD
2860065.589 CCU105 240E EXIT
2861065.589 CCV112 240E ENTRY
2861565.589 CCV112 250E MAINROAD
2862065.589 CCV112 260E EXIT
2863065.589 CCW119 260E ENTRY
2863565.589 CCW119 270E MAINROAD
2864065.589 CCW119 280E EXIT
2865065.589 CCX126 280E ENTRY
2865565.589 CCX126 290E MAINROAD
2866065.589 CCX126 300E EXIT
2867065.589 CCY133 300E ENTRY
2867565.589 CCY133 310E MAINROAD
2868065.589 CCY133 320E EXIT
2869065.589 CCZ140 320E ENTRY
2869565.589 CCZ140 330E MAINROAD
2870065.589 CCZ140 340E EXIT
2871065.589 CDA147 340E ENTRY
2871565.589 CDA147 350E MAINROAD
2872065.589 CDA147 360E EXIT
2873065.589 CDB154 360E ENTRY
2873565.589 CDB154 370E MAINROAD
2874065.589 CDB154 380E EXIT
2875065.589 CDC161 0E ENTRY
2875565.589 CDC161 10E MAINROAD
2876065.589 CDC161 20E EXIT
2877065.589 CDD168 20E ENTRY
2877565.589 CDD168 30E MAINROAD
2878065.589 CDD168 40E EXIT
2879065.589 CDE175 40E ENTRY
2879565.589 CDE175 50E MAINROAD
2880065.589 CDE175 60E EXIT
2881065.589 CDF182 60E ENTRY
2881565.589 CDF182 70E MAINROAD
2882065.589 CDF182 80E EXIT
2883065.589 CDG189 80E ENTRY
2883565.589 CDG189 90E MAINROAD
2884065.589 CDG189 100E EXIT
2885065.589 CDH196 100E ENTRY
2885565.589 CDH196 110E MAINROAD
2886065.589 CDH196 120E EXIT
2887065.589 CDI203 120E ENTRY
2887565.589 CDI203 130E MAINROAD
2888065.589 CDI203 140E EXIT
2889065.589 CDJ210 140E ENTRY
2889565.589 CDJ210 150E MAINROAD
2890065.589 CDJ210 160E EXIT
2891065.589 CDK217 160E ENTRY
2891565.589 CDK217 170E MAINROAD
2892065.589 CDK217 180E EXIT
2893065.589 CDL224 180E ENTRY
2893565.589 CDL224 190E MAINROAD
2894065.589 CDL224 200E EXIT
2895065.589 CDM231 200E ENTRY
2895565.589 CDM231 210E MAINROAD
2896065.589 CDM231 220E EXIT
2897065.589 CDN238 220E ENTRY
2897565.589 CDN238 230E MAINROAD
2898065.589 CDN238 240E EXIT
2899065.589 CDO245 240E ENTRY
2899565.589 CDO245 250E MAINROAD
2900065.589 CDO245 260E EXIT
2901065.589 CDP252 260E ENTRY
2901565.589 CDP252 270E MAINROAD
2902065.589 CDP252 280E EXIT
2903065.589 CDQ259 280E ENTRY
2903565.589 CDQ259 290E MAINROAD
2904065.589 CDQ259 300E EXIT
2905065.589 CDR266 300E ENTRY
2905565.589 CDR266 310E MAINROAD
2906065.589 CDR266 320E EXIT
2907065.589 CDS273 320E ENTRY
2907565.589 CDS273 330E MAINROAD
2908065.589 CDS273 340E EXIT
2909065.589 CDT280 340E ENTRY
2909565.589 CDT280 350E MAINROAD
2910065.589 CDT280 360E EXIT
2911065.589 CDU287 360E ENTRY
2911565.589 CDU287 370E MAINROAD
2912065.589 CDU287 380E EXIT
2913065.589 CDV294 0E ENTRY
2913565.589 CDV294 10E MAINROAD
2914065.589 CDV294 20E EXIT
2915065.589 CDW301 20E ENTRY
2915565.589 CDW301 30E MAINROAD
2916065.589 CDW301 40E EXIT
2917065.589 CDX308 40E ENTRY
2917565.589 CDX308 50E MAINROAD
2918065.589 CDX308 60E EXIT
2919065.589 CDY315 60E ENTRY
2919565.589 CDY315 70E MAINROAD
2920065.589 CDY315 80E EXIT
2921065.589 CDZ322 80E ENTRY
2921565.589 CDZ322 90E MAINROAD
2922065.589 CDZ322 100E EXIT
2923065.589 CEA329 100E ENTRY
2923565.589 CEA329 110E MAINROAD
2924065.589 CEA329 120E EXIT
2925065.589 CEB336 120E ENTRY
2925565.589 CEB336 130E MAINROAD
2926065.589 CEB336 140E EXIT
2927065.589 CEC343 140E ENTRY
2927565.589 CEC343 150E MAINROAD
2928065.589 CEC343 160E EXIT
2929065.589 CED350 160E ENTRY
2929565.589 CED350 170E MAINROAD
2930065.589 CED350 180E EXIT
2931065.589 CEE357 180E ENTRY
2931565.589 CEE357 190E MAINROAD
2932065.589 CEE357 200E EXIT
2933065.589 CEF364 200E ENTRY
2933565.589 CEF364 210E MAINROAD
2934065.589 CEF364 220E EXIT
2935065.589 CEG371 220E ENTRY
2935565.589 CEG371 230E MAINROAD
2936065.589 CEG371 240E EXIT
2937065.589 CEH378 240E ENTRY
2937565.589 CEH378 250E MAINROAD
2938065.589 CEH378 260E EXIT
2939065.589 CEI385 260E ENTRY
2939565.589 CEI385 270E MAINROAD
2940065.589 CEI385 280E EXIT
2941065.589 CEJ392 280E ENTRY
2941565.589 CEJ392 290E MAINROAD
2942065.589 CEJ392 300E EXIT
2943065.589 CEK399 300E ENTRY
2943565.589 CEK399 310E MAINROAD
2944065.589 CEK399 320E EXIT
2945065.589 CEL406 320E ENTRY
2945565.589 CEL406 330E MAINROAD
2946065.589 CEL406 340E EXIT
2947065.589 CEM413 340E ENTRY
2947565.589 CEM413 350E MAINROAD
2948065.589 CEM413 360E EXIT
2949065.589 CEN420 360E ENTRY
2949565.589 CEN420 370E MAINROAD
2950065.589 CEN420 380E EXIT
2951065.589 CEO427 0E ENTRY
2951565.589 CEO427 10E MAINROAD
2952065.589 CEO427 20E EXIT
2953065.589 CEP434 20E ENTRY
2953565.589 CEP434 30E MAINROAD
2954065.589 CEP434 40E EXIT
2955065.589 CEQ441 40E ENTRY
2955565.589 CEQ441 50E MAINROAD
2956065.589 CEQ441 60E EXIT
2957065.589 CER448 60E ENTRY
2957565.589 CER448 70E MAINROAD
2958065.589 CER448 80E EXIT
2959065.589 CES455 80E ENTRY
2959565.589 CES455 90E MAINROAD
2960065.589 CES455 100E EXIT
2961065.589 CET462 100E ENTRY
2961565.589 CET462 110E MAINROAD
2962065.589 CET462 120E EXIT
2963065.589 CEU469 120E ENTRY
2963565.589 CEU469 130E MAINROAD
2964065.589 CEU469 140E EXIT
2965065.589 CEV476 140E ENTRY
2965565.589 CEV476 150E MAINROAD
2966065.589 CEV476 160E EXIT
2967065.589 CEW483 160E ENTRY
2967565.589 CEW483 170E MAINROAD
2968065.589 CEW483 180E EXIT
2969065.589 CEX490 180E ENTRY
2969565.589 CEX490 190E MAINROAD
2970065.589 CEX490 200E EXIT
2971065.589 CEY497 200E ENTRY
2971565.589 CEY497 210E MAINROAD
2972065.589 CEY497 220E EXIT
2973065.589 CEZ504 220E ENTRY
2973565.589 CEZ504 230E MAINROAD
2974065.589 CEZ504 240E EXIT
2975065.589 CFA511 240E ENTRY
2975565.589 CFA511 250E MAINROAD
2976065.589 CFA511 260E EXIT
2977065.589 CFB518 260E ENTRY
2977565.589 CFB518 270E MAINROAD
2978065.589 CFB518 280E EXIT
2979065.589 CFC525 280E ENTRY
2979565.589 CFC525 290E MAINROAD
2980065.589 CFC525 300E EXIT
2981065.589 CFD532 300E ENTRY
2981565.589 CFD532 310E MAINROAD
2982065.589 CFD532 320E EXIT
2983065.589 CFE539 320E ENTRY
2983565.589 CFE539 330E MAINROAD
2984065.589 CFE539 340E EXIT
2985065.589 CFF546 340E ENTRY
2985565.589 CFF546 350E MAINROAD
2986065.589 CFF546 360E EXIT
2987065.589 CFG553 360E ENTRY
2987565.589 CFG553 370E MAINROAD
2988065.589 CFG553 380E EXIT
2989065.589 CFH560 0E ENTRY
2989565.589 CFH560 10E MAINROAD
2990065.589 CFH560 20E EXIT
2991065.589 CFI567 20E ENTRY
2991565.589 CFI567 30E MAINROAD
2992065.589 CFI567 40E EXIT
2993065.589 CFJ574 40E ENTRY
2993565.589 CFJ574 50E MAINROAD
2994065.589 CFJ574 60E EXIT
2995065.589 CFK581 60E ENTRY
2995565.589 CFK581 70E MAINROAD
2996065.589 CFK581 80E EXIT
2997065.589 CFL588 80E ENTRY
2997565.589 CFL588 90E MAINROAD
2998065.589 CFL588 100E EXIT
2999065.589 CFM595 100E ENTRY
2999565.589 CFM595 110E MAINROAD
3000065.589 CFM595 120E EXIT
3001065.589 CFN602 120E ENTRY
3001565.589 CFN602 130E MAINROAD
3002065.589 CFN602 140E EXIT
3003065.589 CFO609 140E ENTRY
3003565.589 CFO609 150E MAINROAD
3004065.589 CFO609 160E EXIT
3005065.589 CFP616 160E ENTRY
3005565.589 CFP616 170E MAINROAD
3006065.589 CFP616 180E EXIT
3007065.589 CFQ623 180E ENTRY
3007565.589 CFQ623 190E MAINROAD
3008065.589 CFQ623 200E EXIT
3009065.589 CFR630 200E ENTRY
3009565.589 CFR630 210E MAINROAD
3010065.589 CFR630 220E EXIT
3011065.589 CFS637 220E ENTRY
3011565.589 CFS637 230E MAINROAD
3012065.589 CFS637 240E EXIT
3013065.589 CFT644 240E ENTRY
3013565.589 CFT644 250E MAINROAD
3014065.589 CFT644 260E EXIT
3015065.589 CFU651 260E ENTRY
3015565.589 CFU651 270E MAINROAD
3016065.589 CFU651 280E EXIT
3017065.589 CFV658 280E ENTRY
3017565.589 CFV658 290E MAINROAD
3018065.589 CFV658 300E EXIT
3019065.589 CFW665 300E ENTRY
3019565.589 CFW665 310E MAINROAD
3020065.589 CFW665 320E EXIT
3021065.589 CFX672 320E ENTRY
3021565.589 CFX672 330E MAINROAD
3022065.589 CFX672 340E EXIT
3023065.589 CFY679 340E ENTRY
3023565.589 CFY679 350E MAINROAD
3024065.589 CFY679 360E EXIT
3025065.589 CFZ686 360E ENTRY
3025565.589 CFZ686 370E MAINROAD
3026065.589 CFZ686 380E EXIT
3027065.589 CGA693 0E ENTRY
3027565.589 CGA693 10E MAINROAD
3028065.589 CGA693 20E EXIT
3029065.589 CGB700 20E ENTRY
3029565.589 CGB700 30E MAINROAD
3030065.589 CGB700 40E EXIT
3031065.589 CGC707 40E ENTRY
3031565.589 CGC707 50E MAINROAD
3032065.589 CGC707 60E EXIT
3033065.589 CGD714 60E ENTRY
3033565.589 CGD714 70E MAINROAD
3034065.589 CGD714 80E EXIT
3035065.589 CGE721 80E ENTRY
3035565.589 CGE721 90E MAINROAD
3036065.589 CGE721 100E EXIT
3037065.589 CGF728 100E ENTRY
3037565.589 CGF728 110E MAINROAD
3038065.589 CGF728 120E EXIT
3039065.589 CGG735 120E ENTRY
3039565.589 CGG735 130E MAINROAD
3040065.589 CGG735 140E EXIT
3041065.589 CGH742 140E ENTRY
3041565.589 CGH742 150E MAINROAD
3042065.589 CGH742 160E EXIT
3043065.589 CGI749 160E ENTRY
3043565.589 CGI749 170E MAINROAD
3044065.589 CGI749 180E EXIT
3045065.589 CGJ756 180E ENTRY
3045565.589 CGJ756 190E MAINROAD
3046065.589 CGJ756 200E EXIT
3047065.589 CGK763 200E ENTRY
3047565.589 CGK763 210E MAINROAD
3048065.589 CGK763 220E EXIT
3049065.589 CGL770 220E ENTRY
3049565.589 CGL770 230E MAINROAD
3050065.589 CGL770 240E EXIT
3051065.589 CGM777 240E ENTRY
3051565.589 CGM777 250E MAINROAD
3052065.589 CGM777 260E EXIT
3053065.589 CGN784 260E ENTRY
3053565.589 CGN784 270E MAINROAD
3054065.589 CGN784 280E EXIT
3055065.589 CGO791 280E ENTRY
3055565.589 CGO791 290E MAINROAD
3056065.589 CGO791 300E EXIT
3057065.589 CGP798 300E ENTRY
3057565.589 CGP798 310E MAINROAD
3058065.589 CGP798 320E EXIT
3059065.589 CGQ805 320E ENTRY
3059565.589 CGQ805 330E MAINROAD
3060065.589 CGQ805 340E EXIT
3061065.589 CGR812 340E ENTRY
3061565.589 CGR812 350E MAINROAD
3062065.589 CGR812 360E EXIT
3063065.589 CGS819 360E ENTRY
3063565.589 CGS819 370E MAINROAD
3064065.589 CGS819 380E EXIT
3065065.589 CGT826 0E ENTRY
3065565.589 CGT826 10E MAINROAD
3066065.589 CGT826 20E EXIT
3067065.589 CGU833 20E ENTRY
3067565.589 CGU833 30E MAINROAD
3068065.589 CGU833 40E EXIT
3069065.589 CGV840 40E ENTRY
3069565.589 CGV840 50E MAINROAD
3070065.589 CGV840 60E EXIT
3071065.589 CGW847 60E ENTRY
3071565.589 CGW847 70E MAINROAD
3072065.589 CGW847 80E EXIT
3073065.589 CGX854 80E ENTRY
3073565.589 CGX854 90E MAINROAD
3074065.589 CGX854 100E EXIT
3075065.589 CGY861 100E ENTRY
3075565.589 CGY861 110E MAINROAD
3076065.589 CGY861 120E EXIT
3077065.589 CGZ868 120E ENTRY
3077565.589 CGZ868 130E MAINROAD
3078065.589 CGZ868 140E EXIT
3079065.589 CHA875 140E ENTRY
3079565.589 CHA875 150E MAINROAD
3080065.589 CHA875 160E EXIT
3081065.589 CHB882 160E ENTRY
3081565.589 CHB882 170E MAINROAD
3082065.589 CHB882 180E EXIT
3083065.589 CHC889 180E ENTRY
3083565.589 CHC889 190E MAINROAD
3084065.589 CHC889 200E EXIT
3085065.589 CHD896 200E ENTRY
3085565.589 CHD896 210E MAINROAD
3086065.589 CHD896 220E EXIT
3087065.589 CHE903 220E ENTRY
3087565.589 CHE903 230E MAINROAD
3088065.589 CHE903 240E EXIT
3089065.589 CHF910 240E ENTRY
3089565.589 CHF910 250E MAINROAD
3090065.589 CHF910 260E EXIT
3091065.589 CHG917 260E ENTRY
3091565.589 CHG917 270E MAINROAD
3092065.589 CHG917 280E EXIT
3093065.589 CHH924 280E ENTRY
3093565.589 CHH924 290E MAINROAD
3094065.589 CHH924 300E EXIT
3095065.589 CHI931 300E ENTRY
3095565.589 CHI931 310E MAINROAD
3096065.589 CHI931 320E EXIT
3097065.589 CHJ938 320E ENTRY
3097565.589 CHJ938 330E MAINROAD
3098065.589 CHJ938 340E EXIT
3099065.589 CHK945 340E ENTRY
3099565.589 CHK945 350E MAINROAD
3100065.589 CHK945 360E EXIT
3101065.589 CHL952 360E ENTRY
3101565.589 CHL952 370E MAINROAD
3102065.589 CHL952 380E EXIT
3103065.589 CHM959 0E ENTRY
3103565.589 CHM959 10E MAINROAD
3104065.589 CHM959 20E EXIT
3105065.589 CHN966 20E ENTRY
3105565.589 CHN966 30E MAINROAD
3106065.589 CHN966 40E EXIT
3107065.589 CHO973 40E ENTRY
3107565.589 CHO973 50E MAINROAD
3108065.589 CHO973 60E EXIT
3109065.589 CHP980 60E ENTRY
3109565.589 CHP980 70E MAINROAD
3110065.589 CHP980 80E EXIT
3111065.589 CHQ987 80E ENTRY
3111565.589 CHQ987 90E MAINROAD
3112065.589 CHQ987 100E EXIT
3113065.589 CHR994 100E ENTRY
3113565.589 CHR994 110E MAINROAD
3114065.589 CHR994 120E EXIT
3115065.589 CHS001 120E ENTRY
3115565.589 CHS001 130E MAINROAD
3116065.589 CHS001 140E EXIT
3117065.589 CHT008 140E ENTRY
3117565.589 CHT008 150E MAINROAD
3118065.589 CHT008 160E EXIT
3119065.589 CHU015 160E ENTRY
3119565.589 CHU015 170E MAINROAD
3120065.589 CHU015 180E EXIT
3121065.589 CHV022 180E ENTRY
3121565.589 CHV022 190E MAINROAD
3122065.589 CHV022 200E EXIT
3123065.589 CHW029 200E ENTRY
3123565.589 CHW029 210E MAINROAD
3124065.589 CHW029 220E EXIT
3125065.589 CHX036 220E ENTRY
3125565.589 CHX036 230E MAINROAD
3126065.589 CHX036 240E EXIT
3127065.589 CHY043 240E ENTRY
3127565.589 CHY043 250E MAINROAD
3128065.589 CHY043 260E EXIT
3129065.589 CHZ050 260E ENTRY
3129565.589 CHZ050 270E MAINROAD
3130065.589 CHZ050 280E EXIT
3131065.589 CIA057 280E ENTRY
3131565.589 CIA057 290E MAINROAD
3132065.589 CIA057 300E EXIT
3133065.589 CIB064 300E ENTRY
3133565.589 CIB064 310E MAINROAD
3134065.589 CIB064 320E EXIT
3135065.589 CIC071 320E ENTRY
3135565.589 CIC071 330E MAINROAD
3136065.589 CIC071 340E EXIT
3137065.589 CID078 340E ENTRY
3137565.589 CID078 350E MAINROAD
3138065.589 CID078 360E EXIT
3139065.589 CIE085 360E ENTRY
3139565.589 CIE085 370E MAINROAD
3140065.589 CIE085 380E EXIT
3141065.589 CIF092 0E ENTRY
3141565.589 CIF092 10E MAINROAD
3142065.589 CIF092 20E EXIT
3143065.589 CIG099 20E ENTRY
3143565.589 CIG099 30E MAINROAD
3144065.589 CIG099 40E EXIT
3145065.589 CIH106 40E ENTRY
3145565.589 CIH106 50E MAINROAD
3146065.589 CIH106 60E EXIT
3147065.589 CII113 60E ENTRY
3147565.589 CII113 70E MAINROAD
3148065.589 CII113 80E EXIT
3149065.589 CIJ120 80E ENTRY
3149565.589 CIJ120 90E MAINROAD
3150065.589 CIJ120 100E EXIT
3151065.589 CIK127 100E ENTRY
3151565.589 CIK127 110E MAINROAD
3152065.589 CIK127 120E EXIT
3153065.589 CIL134 120E ENTRY
3153565.589 CIL134 130E MAINROAD
3154065.589 CIL134 140E EXIT
3155065.589 CIM141 140E ENTRY
3155565.589 CIM141 150E MAINROAD
3156065.589 CIM141 160E EXIT
3157065.589 CIN148 160E ENTRY
3157565.589 CIN148 170E MAINROAD
3158065.589 CIN148 180E EXIT
3159065.589 CIO155 180E ENTRY
3159565.589 CIO155 190E MAINROAD
3160065.589 CIO155 200E EXIT
3161065.589 CIP162 200E ENTRY
3161565.589 CIP162 210E MAINROAD
3162065.589 CIP162 220E EXIT
3163065.589 CIQ169 220E ENTRY
3163565.589 CIQ169 230E MAINROAD
3164065.589 CIQ169 240E EXIT
3165065.589 CIR176 240E ENTRY
3165565.589 CIR176 250E MAINROAD
3166065.589 CIR176 260E EXIT
3167065.589 CIS183 260E ENTRY
3167565.589 CIS183 270E MAINROAD
3168065.589 CIS183 280E EXIT
3169065.589 CIT190 280E ENTRY
3169565.589 CIT190 290E MAINROAD
3170065.589 CIT190 300E EXIT
3171065.589 CIU197 300E ENTRY
3171565.589 CIU197 310E MAINROAD
3172065.589 CIU197 320E EXIT
3173065.589 CIV204 320E ENTRY
3173565.589 CIV204 330E MAINROAD
3174065.589 CIV204 340E EXIT
3175065.589 CIW211 340E ENTRY
3175565.589 CIW211 350E MAINROAD
3176065.589 CIW211 360E EXIT
3177065.589 CIX218 360E ENTRY
3177565.589 CIX218 370E MAINROAD
3178065.589 CIX218 380E EXIT
3179065.589 CIY225 0E ENTRY
3179565.589 CIY225 10E MAINROAD
3180065.589 CIY225 20E EXIT
3181065.589 CIZ232 20E ENTRY
3181565.589 CIZ232 30E MAINROAD
3182065.589 CIZ232 40E EXIT
3183065.589 CJA239 40E ENTRY
3183565.589 CJA239 50E MAINROAD
3184065.589 CJA239 60E EXIT
3185065.589 CJB246 60E ENTRY
3185565.589 CJB246 70E MAINROAD
3186065.589 CJB246 80E EXIT
3187065.589 CJC253 80E ENTRY
3187565.589 CJC253 90E MAINROAD
3188065.589 CJC253 100E EXIT
3189065.589 CJD260 100E ENTRY
3189565.589 CJD260 110E MAINROAD
3190065.589 CJD260 120E EXIT
3191065.589 CJE267 120E ENTRY
3191565.589 CJE267 130E MAINROAD
3192065.589 CJE267 140E EXIT
3193065.589 CJF274 140E ENTRY
3193565.589 CJF274 150E MAINROAD
3194065.589 CJF274 160E EXIT
3195065.589 CJG281 160E ENTRY
3195565.589 CJG281 170E MAINROAD
3196065.589 CJG281 180E EXIT
3197065.589 CJH288 180E ENTRY
3197565.589 CJH288 190E MAINROAD
3198065.589 CJH288 200E EXIT
3199065.589 CJI295 200E ENTRY
3199565.589 CJI295 210E MAINROAD
3200065.589 CJI295 220E EXIT
3201065.589 CJJ302 220E ENTRY
3201565.589 CJJ302 230E MAINROAD
3202065.589 CJJ302 240E EXIT
3203065.589 CJK309 240E ENTRY
3203565.589 CJK309 250E MAINROAD
3204065.589 CJK309 260E EXIT
3205065.589 CJL316 260E ENTRY
3205565.589 CJL316 270E MAINROAD
3206065.589 CJL316 280E EXIT
3207065.589 CJM323 280E ENTRY
3207565.589 CJM323 290E MAINROAD
3208065.589 CJM323 300E EXIT
3209065.589 CJN330 300E ENTRY
3209565.589 CJN330 310E MAINROAD
3210065.589 CJN330 320E EXIT
3211065.589 CJO337 320E ENTRY
3211565.589 CJO337 330E MAINROAD
3212065.589 CJO337 340E EXIT
3213065.589 CJP344 340E ENTRY
3213565.589 CJP344 350E MAINROAD
3214065.589 CJP344 360E EXIT
3215065.589 CJQ351 360E ENTRY
3215565.589 CJQ351 370E MAINROAD
3216065.589 CJQ351 380E EXIT
3217065.589 CJR358 0E ENTRY
3217565.589 CJR358 10E MAINROAD
3218065.589 CJR358 20E EXIT
3219065.589 CJS365 20E ENTRY
3219565.589 CJS365 30E MAINROAD
3220065.589 CJS365 40E EXIT
3221065.589 CJT372 40E ENTRY
3221565.589 CJT372 50E MAINROAD
3222065.589 CJT372 60E EXIT
3223065.589 CJU379 60E ENTRY
3223565.589 CJU379 70E MAINROAD
3224065.589 CJU379 80E EXIT
3225065.589 CJV386 80E ENTRY
3225565.589 CJV386 90E MAINROAD
3226065.589 CJV386 100E EXIT
3227065.589 CJW393 100E ENTRY
3227565.589 CJW393 110E MAINROAD
3228065.589 CJW393 120E EXIT
3229065.589 CJX400 120E ENTRY
3229565.589 CJX400 130E MAINROAD
3230065.589 CJX400 140E EXIT
3231065.589 CJY407 140E ENTRY
3231565.589 CJY407 150E MAINROAD
3232065.589 CJY407 160E EXIT
3233065.589 CJZ414 160E ENTRY
3233565.589 CJZ414 170E MAINROAD
3234065.589 CJZ414 180E EXIT
3235065.589 CKA421 180E ENTRY
3235565.589 CKA421 190E MAINROAD
3236065.589 CKA421 200E EXIT
3237065.589 CKB428 200E ENTRY
3237565.589 CKB428 210E MAINROAD
3238065.589 CKB428 220E EXIT
3239065.589 CKC435 220E ENTRY
3239565.589 CKC435 230E MAINROAD
3240065.589 CKC435 240E EXIT
3241065.589 CKD442 240E ENTRY
3241565.589 CKD442 250E MAINROAD
3242065.589 CKD442 260E EXIT
3243065.589 CKE449 260E ENTRY
3243565.589 CKE449 270E MAINROAD
3244065.589 CKE449 280E EXIT
3245065.589 CKF456 280E ENTRY
3245565.589 CKF456 290E MAINROAD
3246065.589 CKF456 300E EXIT
3247065.589 CKG463 300E ENTRY
3247565.589 CKG463 310E MAINROAD
3248065.589 CKG463 320E EXIT
3249065.589 CKH470 320E ENTRY
3249565.589 CKH470 330E MAINROAD
3250065.589 CKH470 340E EXIT
3251065.589 CKI477 340E ENTRY
3251565.589 CKI477 350E MAINROAD
3252065.589 CKI477 360E EXIT
3253065.589 CKJ484 360E ENTRY
3253565.589 CKJ484 370E MAINROAD
3254065.589 CKJ484 380E EXIT
3255065.589 CKK491 0E ENTRY
3255565.589 CKK491 10E MAINROAD
3256065.589 CKK491 20E EXIT
3257065.589 CKL498 20E ENTRY
3257565.589 CKL498 30E MAINROAD
3258065.589 CKL498 40E EXIT
3259065.589 CKM505 40E ENTRY
3259565.589 CKM505 50E MAINROAD
3260065.589 CKM505 60E EXIT
3261065.589 CKN512 60E ENTRY
3261565.589 CKN512 70E MAINROAD
3262065.589 CKN512 80E EXIT
3263065.589 CKO519 80E ENTRY
3263565.589 CKO519 90E MAINROAD
3264065.589 CKO519 100E EXIT
3265065.589 CKP526 100E ENTRY
3265565.589 CKP526 110E MAINROAD
3266065.589 CKP526 120E EXIT
3267065.589 CKQ533 120E ENTRY
3267565.589 CKQ533 130E MAINROAD
3268065.589 CKQ533 140E EXIT
3269065.589 CKR540 140E ENTRY
3269565.589 CKR540 150E MAINROAD
3270065.589 CKR540 160E EXIT
3271065.589 CKS547 160E ENTRY
3271565.589 CKS547 170E MAINROAD
3272065.589 CKS547 180E EXIT
3273065.589 CKT554 180E ENTRY
3273565.589 CKT554 190E MAINROAD
3274065.589 CKT554 200E EXIT
3275065.589 CKU561 200E ENTRY
3275565.589 CKU561 210E MAINROAD
3276065.589 CKU561 220E EXIT
3277065.589 CKV568 220E ENTRY
3277565.589 CKV568 230E MAINROAD
3278065.589 CKV568 240E EXIT
3279065.589 CKW575 240E ENTRY
3279565.589 CKW575 250E MAINROAD
3280065.589 CKW575 260E EXIT
3281065.589 CKX582 260E ENTRY
3281565.589 CKX582 270E MAINROAD
3282065.589 CKX582 280E EXIT
3283065.589 CKY589 280E ENTRY
3283565.589 CKY589 290E MAINROAD
3284065.589 CKY589 300E EXIT
3285065.589 CKZ596 300E ENTRY
3285565.589 CKZ596 310E MAINROAD
3286065.589 CKZ596 320E EXIT
3287065.589 CLA603 320E ENTRY
3287565.589 CLA603 330E MAINROAD
3288065.589 CLA603 340E EXIT
3289065.589 CLB610 340E ENTRY
3289565.589 CLB610 350E MAINROAD
3290065.589 CLB610 360E EXIT
3291065.589 CLC617 360E ENTRY
3291565.589 CLC617 370E MAINROAD
3292065.589 CLC617 380E EXIT
3293065.589 CLD624 0E ENTRY
3293565.589 CLD624 10E MAINROAD
3294065.589 CLD624 20E EXIT
3295065.589 CLE631 20E ENTRY
3295565.589 CLE631 30E MAINROAD
3296065.589 CLE631 40E EXIT
3297065.589 CLF638 40E ENTRY
3297565.589 CLF638 50E MAINROAD
3298065.589 CLF638 60E EXIT
3299065.589 CLG645 60E ENTRY
3299565.589 CLG645 70E MAINROAD
3300065.589 CLG645 80E EXIT
3301065.589 CLH652 80E ENTRY
3301565.589 CLH652 90E MAINROAD
3302065.589 CLH652 100E EXIT
3303065.589 CLI659 100E ENTRY
3303565.589 CLI659 110E MAINROAD
3304065.589 CLI659 120E EXIT
3305065.589 CLJ666 120E ENTRY
3305565.589 CLJ666 130E MAINROAD
3306065.589 CLJ666 140E EXIT
3307065.589 CLK673 140E ENTRY
3307565.589 CLK673 150E MAINROAD
3308065.589 CLK673 160E EXIT
3309065.589 CLL680 160E ENTRY
3309565.589 CLL680 170E MAINROAD
3310065.589 CLL680 180E EXIT
3311065.589 CLM687 180E ENTRY
3311565.589 CLM687 190E MAINROAD
3312065.589 CLM687 200E EXIT
3313065.589 CLN694 200E ENTRY
3313565.589 CLN694 210E MAINROAD
3314065.589 CLN694 220E EXIT
3315065.589 CLO701 220E ENTRY
3315565.589 CLO701 230E MAINROAD
3316065.589 CLO701 240E EXIT
3317065.589 CLP708 240E ENTRY
3317565.589 CLP708 250E MAINROAD
3318065.589 CLP708 260E EXIT
3319065.589 CLQ715 260E ENTRY
3319565.589 CLQ715 270E MAINROAD
3320065.589 CLQ715 280E EXIT
3321065.589 CLR722 280E ENTRY
3321565.589 CLR722 290E MAINROAD
3322065.589 CLR722 300E EXIT
3323065.589 CLS729 300E ENTRY
3323565.589 CLS729 310E MAINROAD
3324065.589 CLS729 320E EXIT
3325065.589 CLT736 320E ENTRY
3325565.589 CLT736 330E MAINROAD
3326065.589 CLT736 340E EXIT
3327065.589 CLU743 340E ENTRY
3327565.589 CLU743 350E MAINROAD
3328065.589 CLU743 360E EXIT
3329065.589 CLV750 360E ENTRY
3329565.589 CLV750 370E MAINROAD
3330065.589 CLV750 380E EXIT
3331065.589 CLW757 0E ENTRY
3331565.589 CLW757 10E MAINROAD
3332065.589 CLW757 20E EXIT
3333065.589 CLX764 20E ENTRY
3333565.589 CLX764 30E MAINROAD
3334065.589 CLX764 40E EXIT
3335065.589 CLY771 40E ENTRY
3335565.589 CLY771 50E MAINROAD
3336065.589 CLY771 60E EXIT
3337065.589 CLZ778 60E ENTRY
3337565.589 CLZ778 70E MAINROAD
3338065.589 CLZ778 80E EXIT
3339065.589 CMA785 80E ENTRY
3339565.589 CMA785 90E MAINROAD
3340065.589 CMA785 100E EXIT
3341065.589 CMB792 100E ENTRY
3341565.589 CMB792 110E MAINROAD
3342065.589 CMB792 120E EXIT
3343065.589 CMC799 120E ENTRY
3343565.589 CMC799 130E MAINROAD
3344065.589 CMC799 140E EXIT
3345065.589 CMD806 140E ENTRY
3345565.589 CMD806 150E MAINROAD
3346065.589 CMD806 160E EXIT
3347065.589 CME813 160E ENTRY
3347565.589 CME813 170E MAINROAD
3348065.589 CME813 180E EXIT
3349065.589 CMF820 180E ENTRY
3349565.589 CMF820 190E MAINROAD
3350065.589 CMF820 200E EXIT
3351065.589 CMG827 200E ENTRY
3351565.589 CMG827 210E MAINROAD
3352065.589 CMG827 220E EXIT
3353065.589 CMH834 220E ENTRY
3353565.589 CMH834 230E MAINROAD
3354065.589 CMH834 240E EXIT
3355065.589 CMI841 240E ENTRY
3355565.589 CMI841 250E MAINROAD
3356065.589 CMI841 260E EXIT
3357065.589 CMJ848 260E ENTRY
3357565.589 CMJ848 270E MAINROAD
3358065.589 CMJ848 280E EXIT
3359065.589 CMK855 280E ENTRY
3359565.589 CMK855 290E MAINROAD
3360065.589 CMK855 300E EXIT
3361065.589 CML862 300E ENTRY
3361565.589 CML862 310E MAINROAD
3362065.589 CML862 320E EXIT
3363065.589 CMM869 320E ENTRY
3363565.589 CMM869 330E MAINROAD
3364065.589 CMM869 340E EXIT
3365065.589 CMN876 340E ENTRY
3365565.589 CMN876 350E MAINROAD
3366065.589 CMN876 360E EXIT
3367065.589 CMO883 360E ENTRY
3367565.589 CMO883 370E MAINROAD
3368065.589 CMO883 380E EXIT
3369065.589 CMP890 0E ENTRY
3369565.589 CMP890 10E MAINROAD
3370065.589 CMP890 20E EXIT
3371065.589 CMQ897 20E ENTRY
3371565.589 CMQ897 30E MAINROAD
3372065.589 CMQ897 40E EXIT
3373065.589 CMR904 40E ENTRY
3373565.589 CMR904 50E MAINROAD
3374065.589 CMR904 60E EXIT
3375065.589 CMS911 60E ENTRY
3375565.589 CMS911 70E MAINROAD
3376065.589 CMS911 80E EXIT
3377065.589 CMT918 80E ENTRY
3377565.589 CMT918 90E MAINROAD
3378065.589 CMT918 100E EXIT
3379065.589 CMU925 100E ENTRY
3379565.589 CMU925 110E MAINROAD
3380065.589 CMU925 120E EXIT
3381065.589 CMV932 120E ENTRY
3381565.589 CMV932 130E MAINROAD
3382065.589 CMV932 140E EXIT
3383065.589 CMW939 140E ENTRY
3383565.589 CMW939 150E MAINROAD
3384065.589 CMW939 160E EXIT
3385065.589 CMX946 160E ENTRY
3385565.589 CMX946 170E MAINROAD
3386065.589 CMX946 180E EXIT
3387065.589 CMY953 180E ENTRY
3387565.589 CMY953 190E MAINROAD
3388065.589 CMY953 200E EXIT
3389065.589 CMZ960 200E ENTRY
3389565.589 CMZ960 210E MAINROAD
3390065.589 CMZ960 220E EXIT
3391065.589 CNA967 220E ENTRY
3391565.589 CNA967 230E MAINROAD
3392065.589 CNA967 240E EXIT
3393065.589 CNB974 240E ENTRY
3393565.589 CNB974 250E MAINROAD
3394065.589 CNB974 260E EXIT
3395065.589 CNC981 260E ENTRY
3395565.589 CNC981 270E MAINROAD
3396065.589 CNC981 280E EXIT
3397065.589 CND988 280E ENTRY
3397565.589 CND988 290E MAINROAD
3398065.589 CND988 300E EXIT
3399065.589 CNE995 300E ENTRY
3399565.589 CNE995 310E MAINROAD
3400065.589 CNE995 320E EXIT
3401065.589 CNF002 320E ENTRY
3401565.589 CNF002 330E MAINROAD
3402065.589 CNF002 340E EXIT
3403065.589 CNG009 340E ENTRY
3403565.589 CNG009 350E MAINROAD
3404065.589 CNG009 360E EXIT
3405065.589 CNH016 360E ENTRY
3405565.589 CNH016 370E MAINROAD
3406065.589 CNH016 380E EXIT
3407065.589 CNI023 0E ENTRY
3407565.589 CNI023 10E MAINROAD
3408065.589 CNI023 20E EXIT
3409065.589 CNJ030 20E ENTRY
3409565.589 CNJ030 30E MAINROAD
3410065.589 CNJ030 40E EXIT
3411065.589 CNK037 40E ENTRY
3411565.589 CNK037 50E MAINROAD
3412065.589 CNK037 60E EXIT
3413065.589 CNL044 60E ENTRY
3413565.589 CNL044 70E MAINROAD
3414065.589 CNL044 80E EXIT
3415065.589 CNM051 80E ENTRY
3415565.589 CNM051 90E MAINROAD
3416065.589 CNM051 100E EXIT
3417065.589 CNN058 100E ENTRY
3417565.589 CNN058 110E MAINROAD
3418065.589 CNN058 120E EXIT
3419065.589 CNO065 120E ENTRY
3419565.589 CNO065 130E MAINROAD
3420065.589 CNO065 140E EXIT
3421065.589 CNP072 140E ENTRY
3421565.589 CNP072 150E MAINROAD
3422065.589 CNP072 160E EXIT
3423065.589 CNQ079 160E ENTRY
3423565.589 CNQ079 170E MAINROAD
3424065.589 CNQ079 180E EXIT
3425065.589 CNR086 180E ENTRY
3425565.589 CNR086 190E MAINROAD
3426065.589 CNR086 200E EXIT
3427065.589 CNS093 200E ENTRY
3427565.589 CNS093 210E MAINROAD
3428065.589 CNS093 220E EXIT
3429065.589 CNT100 220E ENTRY
3429565.589 CNT100 230E MAINROAD
3430065.589 CNT100 240E EXIT
3431065.589 CNU107 240E ENTRY
3431565.589 CNU107 250E MAINROAD
3432065.589 CNU107 260E EXIT
3433065.589 CNV114 260E ENTRY
3433565.589 CNV114 270E MAINROAD
3434065.589 CNV114 280E EXIT
3435065.589 CNW121 280E ENTRY
3435565.589 CNW121 290E MAINROAD
3436065.589 CNW121 300E EXIT
3437065.589 CNX128 300E ENTRY
3437565.589 CNX128 310E MAINROAD
3438065.589 CNX128 320E EXIT
3439065.589 CNY135 320E ENTRY
3439565.589 CNY135 330E MAINROAD
3440065.589 CNY135 340E EXIT
3441065.589 CNZ142 340E ENTRY
3441565.589 CNZ142 350E MAINROAD
3442065.589 CNZ142 360E EXIT
3443065.589 COA149 360E ENTRY
3443565.589 COA149 370E MAINROAD
3444065.589 COA149 380E EXIT
3445065.589 COB156 0E ENTRY
3445565.589 COB156 10E MAINROAD
3446065.589 COB156 20E EXIT
3447065.589 COC163 20E ENTRY
3447565.589 COC163 30E MAINROAD
3448065.589 COC163 40E EXIT
3449065.589 COD170 40E ENTRY
3449565.589 COD170 50E MAINROAD
3450065.589 COD170 60E EXIT
3451065.589 COE177 60E ENTRY
3451565.589 COE177 70E MAINROAD
3452065.589 COE177 80E EXIT
3453065.589 COF184 80E ENTRY
3453565.589 COF184 90E MAINROAD
3454065.589 COF184 100E EXIT
3455065.589 COG191 100E ENTRY
3455565.589 COG191 110E MAINROAD
3456065.589 COG191 120E EXIT
3457065.589 COH198 120E ENTRY
3457565.589 COH198 130E MAINROAD
3458065.589 COH198 140E EXIT
3459065.589 COI205 140E ENTRY
3459565.589 COI205 150E MAINROAD
3460065.589 COI205 160E EXIT
3461065.589 COJ212 160E ENTRY
3461565.589 COJ212 170E MAINROAD
3462065.589 COJ212 180E EXIT
3463065.589 COK219 180E ENTRY
3463565.589 COK219 190E MAINROAD
3464065.589 COK219 200E EXIT
3465065.589 COL226 200E ENTRY
3465565.589 COL226 210E MAINROAD
3466065.589 COL226 220E EXIT
3467065.589 COM233 220E ENTRY
3467565.589 COM233 230E MAINROAD
3468065.589 COM233 240E EXIT
3469065.589 CON240 240E ENTRY
3469565.589 CON240 250E MAINROAD
3470065.589 CON240 260E EXIT
3471065.589 COO247 260E ENTRY
3471565.589 COO247 270E MAINROAD
3472065.589 COO247 280E EXIT
3473065.589 COP254 280E ENTRY
3473565.589 COP254 290E MAINROAD
3474065.589 COP254 300E EXIT
3475065.589 COQ261 300E ENTRY
3475565.589 COQ261 310E MAINROAD
3476065.589 COQ261 320E EXIT
3477065.589 COR268 320E ENTRY
3477565.589 COR268 330E MAINROAD
3478065.589 COR268 340E EXIT
3479065.589 COS275 340E ENTRY
3479565.589 COS275 350E MAINROAD
3480065.589 COS275 360E EXIT
3481065.589 COT282 360E ENTRY
3481565.589 COT282 370E MAINROAD
3482065.589 COT282 380E EXIT
3483065.589 COU289 0E ENTRY
3483565.589 COU289 10E MAINROAD
3484065.589 COU289 20E EXIT
3485065.589 COV296 20E ENTRY
3485565.589 COV296 30E MAINROAD
3486065.589 COV296 40E EXIT
3487065.589 COW303 40E ENTRY
3487565.589 COW303 50E MAINROAD
3488065.589 COW303 60E EXIT
3489065.589 COX310 60E ENTRY
3489565.589 COX310 70E MAINROAD
3490065.589 COX310 80E EXIT
3491065.589 COY317 80E ENTRY
3491565.589 COY317 90E MAINROAD
3492065.589 COY317 100E EXIT
3493065.589 COZ324 100E ENTRY
3493565.589 COZ324 110E MAINROAD
3494065.589 COZ324 120E EXIT
3495065.589 CPA331 120E ENTRY
3495565.589 CPA331 130E MAINROAD
3496065.589 CPA331 140E EXIT
3497065.589 CPB338 140E ENTRY
3497565.589 CPB338 150E MAINROAD
3498065.589 CPB338 160E EXIT
3499065.589 CPC345 160E ENTRY
3499565.589 CPC345 170E MAINROAD
3500065.589 CPC345 180E EXIT
3501065.589 CPD352 180E ENTRY
3501565.589 CPD352 190E MAINROAD
3502065.589 CPD352 200E EXIT
3503065.589 CPE359 200E ENTRY
3503565.589 CPE359 210E MAINROAD
3504065.589 CPE359 220E EXIT
3505065.589 CPF366 220E ENTRY
3505565.589 CPF366 230E MAINROAD
3506065.589 CPF366 240E EXIT
3507065.589 CPG373 240E ENTRY
3507565.589 CPG373 250E MAINROAD
3508065.589 CPG373 260E EXIT
3509065.589 CPH380 260E ENTRY
3509565.589 CPH380 270E MAINROAD
3510065.589 CPH380 280E EXIT
3511065.589 CPI387 280E ENTRY
3511565.589 CPI387 290E MAINROAD
3512065.589 CPI387 300E EXIT
3513065.589 CPJ394 300E ENTRY
3513565.589 CPJ394 310E MAINROAD
3514065.589 CPJ394 320E EXIT
3515065.589 CPK401 320E ENTRY
3515565.589 CPK401 330E MAINROAD
3516065.589 CPK401 340E EXIT
3517065.589 CPL408 340E ENTRY
3517565.589 CPL408 350E MAINROAD
3518065.589 CPL408 360E EXIT
3519065.589 CPM415 360E ENTRY
3519565.589 CPM415 370E MAINROAD
3520065.589 CPM415 380E EXIT
3521065.589 CPN422 0E ENTRY
3521565.589 CPN422 10E MAINROAD
3522065.589 CPN422 20E EXIT
3523065.589 CPO429 20E ENTRY
3523565.589 CPO429 30E MAINROAD
3524065.589 CPO429 40E EXIT
3525065.589 CPP436 40E ENTRY
3525565.589 CPP436 50E MAINROAD
3526065.589 CPP436 60E EXIT
3527065.589 CPQ443 60E ENTRY
3527565.589 CPQ443 70E MAINROAD
3528065.589 CPQ443 80E EXIT
3529065.589 CPR450 80E ENTRY
3529565.589 CPR450 90E MAINROAD
3530065.589 CPR450 100E EXIT
3531065.589 CPS457 100E ENTRY
3531565.589 CPS457 110E MAINROAD
3532065.589 CPS457 120E EXIT
3533065.589 CPT464 120E ENTRY
3533565.589 CPT464 130E MAINROAD
3534065.589 CPT464 140E EXIT
3535065.589 CPU471 140E ENTRY
3535565.589 CPU471 150E MAINROAD
3536065.589 CPU471 160E EXIT
3537065.589 CPV478 160E ENTRY
3537565.589 CPV478 170E MAINROAD
3538065.589 CPV478 180E EXIT
3539065.589 CPW485 180E ENTRY
3539565.589 CPW485 190E MAINROAD
3540065.589 CPW485 200E EXIT
3541065.589 CPX492 200E ENTRY
3541565.589 CPX492 210E MAINROAD
3542065.589 CPX492 220E EXIT
3543065.589 CPY499 220E ENTRY
3543565.589 CPY499 230E MAINROAD
3544065.589 CPY499 240E EXIT
3545065.589 CPZ506 240E ENTRY
3545565.589 CPZ506 250E MAINROAD
3546065.589 CPZ506 260E EXIT
3547065.589 CQA513 260E ENTRY
3547565.589 CQA513 270E MAINROAD
3548065.589 CQA513 280E EXIT
3549065.589 CQB520 280E ENTRY
3549565.589 CQB520 290E MAINROAD
3550065.589 CQB520 300E EXIT
3551065.589 CQC527 300E ENTRY
3551565.589 CQC527 310E MAINROAD
3552065.589 CQC527 320E EXIT
3553065.589 CQD534 320E ENTRY
3553565.589 CQD534 330E MAINROAD
3554065.589 CQD534 340E EXIT
3555065.589 CQE541 340E ENTRY
3555565.589 CQE541 350E MAINROAD
3556065.589 CQE541 360E EXIT
3557065.589 CQF548 360E ENTRY
3557565.589 CQF548 370E MAINROAD
3558065.589 CQF548 380E EXIT
3559065.589 CQG555 0E ENTRY
3559565.589 CQG555 10E MAINROAD
3560065.589 CQG555 20E EXIT
3561065.589 CQH562 20E ENTRY
3561565.589 CQH562 30E MAINROAD
3562065.589 CQH562 40E EXIT
3563065.589 CQI569 40E ENTRY
3563565.589 CQI569 50E MAINROAD
3564065.589 CQI569 60E EXIT
3565065.589 CQJ576 60E ENTRY
3565565.589 CQJ576 70E MAINROAD
3566065.589 CQJ576 80E EXIT
3567065.589 CQK583 80E ENTRY
3567565.589 CQK583 90E MAINROAD
3568065.589 CQK583 100E EXIT
3569065.589 CQL590 100E ENTRY
3569565.589 CQL590 110E MAINROAD
3570065.589 CQL590 120E EXIT
3571065.589 CQM597 120E ENTRY
3571565.589 CQM597 130E MAINROAD
3572065.589 CQM597 140E EXIT
3573065.589 CQN604 140E ENTRY
3573565.589 CQN604 150E MAINROAD
3574065.589 CQN604 160E EXIT
3575065.589 CQO611 160E ENTRY
3575565.589 CQO611 170E MAINROAD
3576065.589 CQO611 180E EXIT
3577065.589 CQP618 180E ENTRY
3577565.589 CQP618 190E MAINROAD
3578065.589 CQP618 200E EXIT
3579065.589 CQQ625 200E ENTRY
3579565.589 CQQ625 210E MAINROAD
3580065.589 CQQ625 220E EXIT
3581065.589 CQR632 220E ENTRY
3581565.589 CQR632 230E MAINROAD
3582065.589 CQR632 240E EXIT
3583065.589 CQS639 240E ENTRY
3583565.589 CQS639 250E MAINROAD
3584065.589 CQS639 260E EXIT
3585065.589 CQT646 260E ENTRY
3585565.589 CQT646 270E MAINROAD
3586065.589 CQT646 280E EXIT
3587065.589 CQU653 280E ENTRY
3587565.589 CQU653 290E MAINROAD
3588065.589 CQU653 300E EXIT
3589065.589 CQV660 300E ENTRY
3589565.589 CQV660 310E MAINROAD
3590065.589 CQV660 320E EXIT
3591065.589 CQW667 320E ENTRY
3591565.589 CQW667 330E MAINROAD
3592065.589 CQW667 340E EXIT
3593065.589 CQX674 340E ENTRY
3593565.589 CQX674 350E MAINROAD
3594065.589 CQX674 360E EXIT
3595065.589 CQY681 360E ENTRY
3595565.589 CQY681 370E MAINROAD
3596065.589 CQY681 380E EXIT
3597065.589 CQZ688 0E ENTRY
3597565.589 CQZ688 10E MAINROAD
3598065.589 CQZ688 20E EXIT
3599065.589 CRA695 20E ENTRY
3599565.589 CRA695 30E MAINROAD
3600065.589 CRA695 40E EXIT
3601065.589 CRB702 40E ENTRY
3601565.589 CRB702 50E MAINROAD
3602065.589 CRB702 60E EXIT
3603065.589 CRC709 60E ENTRY
3603565.589 CRC709 70E MAINROAD
3604065.589 CRC709 80E EXIT
3605065.589 CRD716 80E ENTRY
3605565.589 CRD716 90E MAINROAD
3606065.589 CRD716 100E EXIT
3607065.589 CRE723 100E ENTRY
3607565.589 CRE723 110E MAINROAD
3608065.589 CRE723 120E EXIT
3609065.589 CRF730 120E ENTRY
3609565.589 CRF730 130E MAINROAD
3610065.589 CRF730 140E EXIT
3611065.589 CRG737 140E ENTRY
3611565.589 CRG737 150E MAINROAD
3612065.589 CRG737 160E EXIT
3613065.589 CRH744 160E ENTRY
3613565.589 CRH744 170E MAINROAD
3614065.589 CRH744 180E EXIT
3615065.589 CRI751 180E ENTRY
3615565.589 CRI751 190E MAINROAD
3616065.589 CRI751 200E EXIT
3617065.589 CRJ758 200E ENTRY
3617565.589 CRJ758 210E MAINROAD
3618065.589 CRJ758 220E EXIT
3619065.589 CRK765 220E ENTRY
3619565.589 CRK765 230E MAINROAD
3620065.589 CRK765 240E EXIT
3621065.589 CRL772 240E ENTRY
3621565.589 CRL772 250E MAINROAD
3622065.589 CRL772 260E EXIT
3623065.589 CRM779 260E ENTRY
3623565.589 CRM779 270E MAINROAD
3624065.589 CRM779 280E EXIT
3625065.589 CRN786 280E ENTRY
3625565.589 CRN786 290E MAINROAD
3626065.589 CRN786 300E EXIT
3627065.589 CRO793 300E ENTRY
3627565.589 CRO793 310E MAINROAD
3628065.589 CRO793 320E EXIT
3629065.589 CRP800 320E ENTRY
3629565.589 CRP800 330E MAINROAD
3630065.589 CRP800 340E EXIT
3631065.589 CRQ807 340E ENTRY
3631565.589 CRQ807 350E MAINROAD
3632065.589 CRQ807 360E EXIT
3633065.589 CRR814 360E ENTRY
3633565.589 CRR814 370E MAINROAD
3634065.589 CRR814 380E EXIT
3635065.589 CRS821 0E ENTRY
3635565.589 CRS821 10E MAINROAD
3636065.589 CRS821 20E EXIT
3637065.589 CRT828 20E ENTRY
3637565.589 CRT828 30E MAINROAD
3638065.589 CRT828 40E EXIT
3639065.589 CRU835 40E ENTRY
3639565.589 CRU835 50E MAINROAD
3640065.589 CRU835 60E EXIT
3641065.589 CRV842 60E ENTRY
3641565.589 CRV842 70E MAINROAD
3642065.589 CRV842 80E EXIT
3643065.589 CRW849 80E ENTRY
3643565.589 CRW849 90E MAINROAD
3644065.589 CRW849 100E EXIT
3645065.589 CRX856 100E ENTRY
3645565.589 CRX856 110E MAINROAD
3646065.589 CRX856 120E EXIT
3647065.589 CRY863 120E ENTRY
3647565.589 CRY863 130E MAINROAD
3648065.589 CRY863 140E EXIT
3649065.589 CRZ870 140E ENTRY
3649565.589 CRZ870 150E MAINROAD
3650065.589 CRZ870 160E EXIT
3651065.589 CSA877 160E ENTRY
3651565.589 CSA877 170E MAINROAD
3652065.589 CSA877 180E EXIT
3653065.589 CSB884 180E ENTRY
3653565.589 CSB884 190E MAINROAD
3654065.589 CSB884 200E EXIT
3655065.589 CSC891 200E ENTRY
3655565.589 CSC891 210E MAINROAD
3656065.589 CSC891 220E EXIT
3657065.589 CSD898 220E ENTRY
3657565.589 CSD898 230E MAINROAD
3658065.589 CSD898 240E EXIT
3659065.589 CSE905 240E ENTRY
3659565.589 CSE905 250E MAINROAD
3660065.589 CSE905 260E EXIT
3661065.589 CSF912 260E ENTRY
3661565.589 CSF912 270E MAINROAD
3662065.589 CSF912 280E EXIT
3663065.589 CSG919 280E ENTRY
3663565.589 CSG919 290E MAINROAD
3664065.589 CSG919 300E EXIT
3665065.589 CSH926 300E ENTRY
3665565.589 CSH926 310E MAINROAD
3666065.589 CSH926 320E EXIT
3667065.589 CSI933 320E ENTRY
3667565.589 CSI933 330E MAINROAD
3668065.589 CSI933 340E EXIT
3669065.589 CSJ940 340E ENTRY
3669565.589 CSJ940 350E MAINROAD
3670065.589 CSJ940 360E EXIT
3671065.589 CSK947 360E ENTRY
3671565.589 CSK947 370E MAINROAD
3672065.589 CSK947 380E EXIT
3673065.589 CSL954 0E ENTRY
3673565.589 CSL954 10E MAINROAD
3674065.589 CSL954 20E EXIT
3675065.589 CSM961 20E ENTRY
3675565.589 CSM961 30E MAINROAD
3676065.589 CSM961 40E EXIT
3677065.589 CSN968 40E ENTRY
3677565.589 CSN968 50E MAINROAD
3678065.589 CSN968 60E EXIT
3679065.589 CSO975 60E ENTRY
3679565.589 CSO975 70E MAINROAD
3680065.589 CSO975 80E EXIT
3681065.589 CSP982 80E ENTRY
3681565.589 CSP982 90E MAINROAD
3682065.589 CSP982 100E EXIT
3683065.589 CSQ989 100E ENTRY
3683565.589 CSQ989 110E MAINROAD
3684065.589 CSQ989 120E EXIT
3685065.589 CSR996 120E ENTRY
3685565.589 CSR996 130E MAINROAD
3686065.589 CSR996 140E EXIT
3687065.589 CSS003 140E ENTRY
3687565.589 CSS003 150E MAINROAD
3688065.589 CSS003 160E EXIT
3689065.589 CST010 160E ENTRY
3689565.589 CST010 170E MAINROAD
3690065.589 CST010 180E EXIT
3691065.589 CSU017 180E ENTRY
3691565.589 CSU017 190E MAINROAD
3692065.589 CSU017 200E EXIT
3693065.589 CSV024 200E ENTRY
3693565.589 CSV024 210E MAINROAD
3694065.589 CSV024 220E EXIT
3695065.589 CSW031 220E ENTRY
3695565.589 CSW031 230E MAINROAD
3696065.589 CSW031 240E EXIT
3697065.589 CSX038 240E ENTRY
3697565.589 CSX038 250E MAINROAD
3698065.589 CSX038 260E EXIT
3699065.589 CSY045 260E ENTRY
3699565.589 CSY045 270E MAINROAD
3700065.589 CSY045 280E EXIT
3701065.589 CSZ052 280E ENTRY
3701565.589 CSZ052 290E MAINROAD
3702065.589 CSZ052 300E EXIT
3703065.589 CTA059 300E ENTRY
3703565.589 CTA059 310E MAINROAD
3704065.589 CTA059 320E EXIT
3705065.589 CTB066 320E ENTRY
3705565.589 CTB066 330E MAINROAD
3706065.589 CTB066 340E EXIT
3707065.589 CTC073 340E ENTRY
3707565.589 CTC073 350E MAINROAD
3708065.589 CTC073 360E EXIT
3709065.589 CTD080 360E ENTRY
3709565.589 CTD080 370E MAINROAD
3710065.589 CTD080 380E EXIT
3711065.589 CTE087 0E ENTRY
3711565.589 CTE087 10E MAINROAD
3712065.589 CTE087 20E EXIT
3713065.589 CTF094 20E ENTRY
3713565.589 CTF094 30E MAINROAD
3714065.589 CTF094 40E EXIT
3715065.589 CTG101 40E ENTRY
3715565.589 CTG101 50E MAINROAD
3716065.589 CTG101 60E EXIT
3717065.589 CTH108 60E ENTRY
3717565.589 CTH108 70E MAINROAD
3718065.589 CTH108 80E EXIT
3719065.589 CTI115 80E ENTRY
3719565.589 CTI115 90E MAINROAD
3720065.589 CTI115 100E EXIT
3721065.589 CTJ122 100E ENTRY
3721565.589 CTJ122 110E MAINROAD
3722065.589 CTJ122 120E EXIT
3723065.589 CTK129 120E ENTRY
3723565.589 CTK129 130E MAINROAD
3724065.589 CTK129 140E EXIT
3725065.589 CTL136 140E ENTRY
3725565.589 CTL136 150E MAINROAD
3726065.589 CTL136 160E EXIT
3727065.589 CTM143 160E ENTRY
3727565.589 CTM143 170E MAINROAD
3728065.589 CTM143 180E EXIT
3729065.589 CTN150 180E ENTRY
3729565.589 CTN150 190E MAINROAD
3730065.589 CTN150 200E EXIT
3731065.589 CTO157 200E ENTRY
3731565.589 CTO157 210E MAINROAD
3732065.589 CTO157 220E EXIT
3733065.589 CTP164 220E ENTRY
3733565.589 CTP164 230E MAINROAD
3734065.589 CTP164 240E EXIT
3735065.589 CTQ171 240E ENTRY
3735565.589 CTQ171 250E MAINROAD
3736065.589 CTQ171 260E EXIT
3737065.589 CTR178 260E ENTRY
3737565.589 CTR178 270E MAINROAD
3738065.589 CTR178 280E EXIT
3739065.589 CTS185 280E ENTRY
3739565.589 CTS185 290E MAINROAD
3740065.589 CTS185 300E EXIT
3741065.589 CTT192 300E ENTRY
3741565.589 CTT192 310E MAINROAD
3742065.589 CTT192 320E EXIT
3743065.589 CTU199 320E ENTRY
3743565.589 CTU199 330E MAINROAD
3744065.589 CTU199 340E EXIT
3745065.589 CTV206 340E ENTRY
3745565.589 CTV206 350E MAINROAD
3746065.589 CTV206 360E EXIT
3747065.589 CTW213 360E ENTRY
3747565.589 CTW213 370E MAINROAD
3748065.589 CTW213 380E EXIT
3749065.589 CTX220 0E ENTRY
3749565.589 CTX220 10E MAINROAD
3750065.589 CTX220 20E EXIT
3751065.589 CTY227 20E ENTRY
3751565.589 CTY227 30E MAINROAD
3752065.589 CTY227 40E EXIT
3753065.589 CTZ234 40E ENTRY
3753565.589 CTZ234 50E MAINROAD
3754065.589 CTZ234 60E EXIT
3755065.589 CUA241 60E ENTRY
3755565.589 CUA241 70E MAINROAD
3756065.589 CUA241 80E EXIT
3757065.589 CUB248 80E ENTRY
3757565.589 CUB248 90E MAINROAD
3758065.589 CUB248 100E EXIT
3759065.589 CUC255 100E ENTRY
3759565.589 CUC255 110E MAINROAD
3760065.589 CUC255 120E EXIT
3761065.589 CUD262 120E ENTRY
3761565.589 CUD262 130E MAINROAD
3762065.589 CUD262 140E EXIT
3763065.589 CUE269 140E ENTRY
3763565.589 CUE269 150E MAINROAD
3764065.589 CUE269 160E EXIT
3765065.589 CUF276 160E ENTRY
3765565.589 CUF276 170E MAINROAD
3766065.589 CUF276 180E EXIT
3767065.589 CUG283 180E ENTRY
3767565.589 CUG283 190E MAINROAD
3768065.589 CUG283 200E EXIT
3769065.589 CUH290 200E ENTRY
3769565.589 CUH290 210E MAINROAD
3770065.589 CUH290 220E EXIT
3771065.589 CUI297 220E ENTRY
3771565.589 CUI297 230E MAINROAD
3772065.589 CUI297 240E EXIT
3773065.589 CUJ304 240E ENTRY
3773565.589 CUJ304 250E MAINROAD
3774065.589 CUJ304 260E EXIT
3775065.589 CUK311 260E ENTRY
3775565.589 CUK311 270E MAINROAD
3776065.589 CUK311 280E EXIT
3777065.589 CUL318 280E ENTRY
3777565.589 CUL318 290E MAINROAD
3778065.589 CUL318 300E EXIT
3779065.589 CUM325 300E ENTRY
3779565.589 CUM325 310E MAINROAD
3780065.589 CUM325 320E EXIT
3781065.589 CUN332 320E ENTRY
3781565.589 CUN332 330E MAINROAD
3782065.589 CUN332 340E EXIT
3783065.589 CUO339 340E ENTRY
3783565.589 CUO339 350E MAINROAD
3784065.589 CUO339 360E EXIT
3785065.589 CUP346 360E ENTRY
3785565.589 CUP346 370E MAINROAD
3786065.589 CUP346 380E EXIT
3787065.589 CUQ353 0E ENTRY
3787565.589 CUQ353 10E MAINROAD
3788065.589 CUQ353 20E EXIT
3789065.589 CUR360 20E ENTRY
3789565.589 CUR360 30E MAINROAD
3790065.589 CUR360 40E EXIT
3791065.589 CUS367 40E ENTRY
3791565.589 CUS367 50E MAINROAD
3792065.589 CUS367 60E EXIT
3793065.589 CUT374 60E ENTRY
3793565.589 CUT374 70E MAINROAD
3794065.589 CUT374 80E EXIT
3795065.589 CUU381 80E ENTRY
3795565.589 CUU381 90E MAINROAD
3796065.589 CUU381 100E EXIT
3797065.589 CUV388 100E ENTRY
3797565.589 CUV388 110E MAINROAD
3798065.589 CUV388 120E EXIT
3799065.589 CUW395 120E ENTRY
3799565.589 CUW395 130E MAINROAD
3800065.589 CUW395 140E EXIT
3801065.589 CUX402 140E ENTRY
3801565.589 CUX402 150E MAINROAD
3802065.589 CUX402 160E EXIT
3803065.589 CUY409 160E ENTRY
3803565.589 CUY409 170E MAINROAD
3804065.589 CUY409 180E EXIT
3805065.589 CUZ416 180E ENTRY
3805565.589 CUZ416 190E MAINROAD
3806065.589 CUZ416 200E EXIT
3807065.589 CVA423 200E ENTRY
3807565.589 CVA423 210E MAINROAD
3808065.589 CVA423 220E EXIT
3809065.589 CVB430 220E ENTRY
3809565.589 CVB430 230E MAINROAD
3810065.589 CVB430 240E EXIT
3811065.589 CVC437 240E ENTRY
3811565.589 CVC437 250E MAINROAD
3812065.589 CVC437 260E EXIT
3813065.589 CVD444 260E ENTRY
3813565.589 CVD444 270E MAINROAD
3814065.589 CVD444 280E EXIT
3815065.589 CVE451 280E ENTRY
3815565.589 CVE451 290E MAINROAD
3816065.589 CVE451 300E EXIT
3817065.589 CVF458 300E ENTRY
3817565.589 CVF458 310E MAINROAD
3818065.589 CVF458 320E EXIT
3819065.589 CVG465 320E ENTRY
3819565.589 CVG465 330E MAINROAD
3820065.589 CVG465 340E EXIT
3821065.589 CVH472 340E ENTRY
3821565.589 CVH472 350E MAINROAD
3822065.589 CVH472 360E EXIT
3823065.589 CVI479 360E ENTRY
3823565.589 CVI479 370E MAINROAD
3824065.589 CVI479 380E EXIT
3825065.589 CVJ486 0E ENTRY
3825565.589 CVJ486 10E MAINROAD
3826065.589 CVJ486 20E EXIT
3827065.589 CVK493 20E ENTRY
3827565.589 CVK493 30E MAINROAD
3828065.589 CVK493 40E EXIT
3829065.589 CVL500 40E ENTRY
3829565.589 CVL500 50E MAINROAD
3830065.589 CVL500 60E EXIT
3831065.589 CVM507 60E ENTRY
3831565.589 CVM507 70E MAINROAD
3832065.589 CVM507 80E EXIT
3833065.589 CVN514 80E ENTRY
3833565.589 CVN514 90E MAINROAD
3834065.589 CVN514 100E EXIT
3835065.589 CVO521 100E ENTRY
3835565.589 CVO521 110E MAINROAD
3836065.589 CVO521 120E EXIT
3837065.589 CVP528 120E ENTRY
3837565.589 CVP528 130E MAINROAD
3838065.589 CVP528 140E EXIT
3839065.589 CVQ535 140E ENTRY
3839565.589 CVQ535 150E MAINROAD
3840065.589 CVQ535 160E EXIT
3841065.589 CVR542 160E ENTRY
3841565.589 CVR542 170E MAINROAD
3842065.589 CVR542 180E EXIT
3843065.589 CVS549 180E ENTRY
3843565.589 CVS549 190E MAINROAD
3844065.589 CVS549 200E EXIT
3845065.589 CVT556 200E ENTRY
3845565.589 CVT556 210E MAINROAD
3846065.589 CVT556 220E EXIT
3847065.589 CVU563 220E ENTRY
3847565.589 CVU563 230E MAINROAD
3848065.589 CVU563 240E EXIT
3849065.589 CVV570 240E ENTRY
3849565.589 CVV570 250E MAINROAD
3850065.589 CVV570 260E EXIT
3851065.589 CVW577 260E ENTRY
3851565.589 CVW577 270E MAINROAD
3852065.589 CVW577 280E EXIT
3853065.589 CVX584 280E ENTRY
3853565.589 CVX584 290E MAINROAD
3854065.589 CVX584 300E EXIT
3855065.589 CVY591 300E ENTRY
3855565.589 CVY591 310E MAINROAD
3856065.589 CVY591 320E EXIT
3857065.589 CVZ598 320E ENTRY
3857565.589 CVZ598 330E MAINROAD
3858065.589 CVZ598 340E EXIT
3859065.589 CWA605 340E ENTRY
3859565.589 CWA605 350E MAINROAD
3860065.589 CWA605 360E EXIT
3861065.589 CWB612 360E ENTRY
3861565.589 CWB612 370E MAINROAD
3862065.589 CWB612 380E EXIT
3863065.589 CWC619 0E ENTRY
3863565.589 CWC619 10E MAINROAD
3864065.589 CWC619 20E EXIT
3865065.589 CWD626 20E ENTRY
3865565.589 CWD626 30E MAINROAD
3866065.589 CWD626 40E EXIT
3867065.589 CWE633 40E ENTRY
3867565.589 CWE633 50E MAINROAD
3868065.589 CWE633 60E EXIT
3869065.589 CWF640 60E ENTRY
3869565.589 CWF640 70E MAINROAD
3870065.589 CWF640 80E EXIT
3871065.589 CWG647 80E ENTRY
3871565.589 CWG647 90E MAINROAD
3872065.589 CWG647 100E EXIT
3873065.589 CWH654 100E ENTRY
3873565.589 CWH654 110E MAINROAD
3874065.589 CWH654 120E EXIT
3875065.589 CWI661 120E ENTRY
3875565.589 CWI661 130E MAINROAD
3876065.589 CWI661 140E EXIT
3877065.589 CWJ668 140E ENTRY
3877565.589 CWJ668 150E MAINROAD
3878065.589 CWJ668 160E EXIT
3879065.589 CWK675 160E ENTRY
3879565.589 CWK675 170E MAINROAD
3880065.589 CWK675 180E EXIT
3881065.589 CWL682 180E ENTRY
3881565.589 CWL682 190E MAINROAD
3882065.589 CWL682 200E EXIT
3883065.589 CWM689 200E ENTRY
3883565.589 CWM689 210E MAINROAD
3884065.589 CWM689 220E EXIT
3885065.589 CWN696 220E ENTRY
3885565.589 CWN696 230E MAINROAD
3886065.589 CWN696 240E EXIT
3887065.589 CWO703 240E ENTRY
3887565.589 CWO703 250E MAINROAD
3888065.589 CWO703 260E EXIT
3889065.589 CWP710 260E ENTRY
3889565.589 CWP710 270E MAINROAD
3890065.589 CWP710 280E EXIT
3891065.589 CWQ717 280E ENTRY
3891565.589 CWQ717 290E MAINROAD
3892065.589 CWQ717 300E EXIT
3893065.589 CWR724 300E ENTRY
3893565.589 CWR724 310E MAINROAD
3894065.589 CWR724 320E EXIT
3895065.589 CWS731 320E ENTRY
3895565.589 CWS731 330E MAINROAD
3896065.589 CWS731 340E EXIT
3897065.589 CWT738 340E ENTRY
3897565.589 CWT738 350E MAINROAD
3898065.589 CWT738 360E EXIT
3899065.589 CWU745 360E ENTRY
3899565.589 CWU745 370E MAINROAD
3900065.589 CWU745 380E EXIT
3901065.589 CWV752 0E ENTRY
3901565.589 CWV752 10E MAINROAD
3902065.589 CWV752 20E EXIT
3903065.589 CWW759 20E ENTRY
3903565.589 CWW759 30E MAINROAD
3904065.589 CWW759 40E EXIT
3905065.589 CWX766 40E ENTRY
3905565.589 CWX766 50E MAINROAD
3906065.589 CWX766 60E EXIT
3907065.589 CWY773 60E ENTRY
3907565.589 CWY773 70E MAINROAD
3908065.589 CWY773 80E EXIT
3909065.589 CWZ780 80E ENTRY
3909565.589 CWZ780 90E MAINROAD
3910065.589 CWZ780 100E EXIT
3911065.589 CXA787 100E ENTRY
3911565.589 CXA787 110E MAINROAD
3912065.589 CXA787 120E EXIT
3913065.589 CXB794 120E ENTRY
3913565.589 CXB794 130E MAINROAD
3914065.589 CXB794 140E EXIT
3915065.589 CXC801 140E ENTRY
3915565.589 CXC801 150E MAINROAD
3916065.589 CXC801 160E EXIT
3917065.589 CXD808 160E ENTRY
3917565.589 CXD808 170E MAINROAD
3918065.589 CXD808 180E EXIT
3919065.589 CXE815 180E ENTRY
3919565.589 CXE815 190E MAINROAD
3920065.589 CXE815 200E EXIT
3921065.589 CXF822 200E ENTRY
3921565.589 CXF822 210E MAINROAD
3922065.589 CXF822 220E EXIT
3923065.589 CXG829 220E ENTRY
3923565.589 CXG829 230E MAINROAD
3924065.589 CXG829 240E EXIT
3925065.589 CXH836 240E ENTRY
3925565.589 CXH836 250E MAINROAD
3926065.589 CXH836 260E EXIT
3927065.589 CXI843 260E ENTRY
3927565.589 CXI843 270E MAINROAD
3928065.589 CXI843 280E EXIT
3929065.589 CXJ850 280E ENTRY
3929565.589 CXJ850 290E MAINROAD
3930065.589 CXJ850 300E EXIT
3931065.589 CXK857 300E ENTRY
3931565.589 CXK857 310E MAINROAD
3932065.589 CXK857 320E EXIT
3933065.589 CXL864 320E ENTRY
3933565.589 CXL864 330E MAINROAD
3934065.589 CXL864 340E EXIT
3935065.589 CXM871 340E ENTRY
3935565.589 CXM871 350E MAINROAD
3936065.589 CXM871 360E EXIT
3937065.589 CXN878 360E ENTRY
3937565.589 CXN878 370E MAINROAD
3938065.589 CXN878 380E EXIT
3939065.589 CXO885 0E ENTRY
3939565.589 CXO885 10E MAINROAD
3940065.589 CXO885 20E EXIT
3941065.589 CXP892 20E ENTRY
3941565.589 CXP892 30E MAINROAD
3942065.589 CXP892 40E EXIT
3943065.589 CXQ899 40E ENTRY
3943565.589 CXQ899 50E MAINROAD
3944065.589 CXQ899 60E EXIT
3945065.589 CXR906 60E ENTRY
3945565.589 CXR906 70E MAINROAD
3946065.589 CXR906 80E EXIT
3947065.589 CXS913 80E ENTRY
3947565.589 CXS913 90E MAINROAD
3948065.589 CXS913 100E EXIT
3949065.589 CXT920 100E ENTRY
3949565.589 CXT920 110E MAINROAD
3950065.589 CXT920 120E EXIT
3951065.589 CXU927 120E ENTRY
3951565.589 CXU927 130E MAINROAD
3952065.589 CXU927 140E EXIT
3953065.589 CXV934 140E ENTRY
3953565.589 CXV934 150E MAINROAD
3954065.589 CXV934 160E EXIT
3955065.589 CXW941 160E ENTRY
3955565.589 CXW941 170E MAINROAD
3956065.589 CXW941 180E EXIT
3957065.589 CXX948 180E ENTRY
3957565.589 CXX948 190E MAINROAD
3958065.589 CXX948 200E EXIT
3959065.589 CXY955 200E ENTRY
3959565.589 CXY955 210E MAINROAD
3960065.589 CXY955 220E EXIT
3961065.589 CXZ962 220E ENTRY
3961565.589 CXZ962 230E MAINROAD
3962065.589 CXZ962 240E EXIT
3963065.589 CYA969 240E ENTRY
3963565.589 CYA969 250E MAINROAD
3964065.589 CYA969 260E EXIT
3965065.589 CYB976 260E ENTRY
3965565.589 CYB976 270E MAINROAD
3966065.589 CYB976 280E EXIT
3967065.589 CYC983 280E ENTRY
3967565.589 CYC983 290E MAINROAD
3968065.589 CYC983 300E EXIT
3969065.589 CYD990 300E ENTRY
3969565.589 CYD990 310E MAINROAD
3970065.589 CYD990 320E EXIT
3971065.589 CYE997 320E ENTRY
3971565.589 CYE997 330E MAINROAD
3972065.589 CYE997 340E EXIT
3973065.589 CYF004 340E ENTRY
3973565.589 CYF004 350E MAINROAD
3974065.589 CYF004 360E EXIT
3975065.589 CYG011 360E ENTRY
3975565.589 CYG011 370E MAINROAD
3976065.589 CYG011 380E EXIT
3977065.589 CYH018 0E ENTRY
3977565.589 CYH018 10E MAINROAD
3978065.589 CYH018 20E EXIT
3979065.589 CYI025 20E ENTRY
3979565.589 CYI025 30E MAINROAD
3980065.589 CYI025 40E EXIT
3981065.589 CYJ032 40E ENTRY
3981565.589 CYJ032 50E MAINROAD
3982065.589 CYJ032 60E EXIT
3983065.589 CYK039 60E ENTRY
3983565.589 CYK039 70E MAINROAD
3984065.589 CYK039 80E EXIT
3985065.589 CYL046 80E ENTRY
3985565.589 CYL046 90E MAINROAD
3986065.589 CYL046 100E EXIT
3987065.589 CYM053 100E ENTRY
3987565.589 CYM053 110E MAINROAD
3988065.589 CYM053 120E EXIT
3989065.589 CYN060 120E ENTRY
3989565.589 CYN060 130E MAINROAD
3990065.589 CYN060 140E EXIT
3991065.589 CYO067 140E ENTRY
3991565.589 CYO067 150E MAINROAD
3992065.589 CYO067 160E EXIT
3993065.589 CYP074 160E ENTRY
3993565.589 CYP074 170E MAINROAD
3994065.589 CYP074 180E EXIT
3995065.589 CYQ081 180E ENTRY
3995565.589 CYQ081 190E MAINROAD
3996065.589 CYQ081 200E EXIT
3997065.589 CYR088 200E ENTRY
3997565.589 CYR088 210E MAINROAD
3998065.589 CYR088 220E EXIT
3999065.589 CYS095 220E ENTRY
3999565.589 CYS095 230E MAINROAD
4000065.589 CYS095 240E EXIT
4001065.589 CYT102 240E ENTRY
4001565.589 CYT102 250E MAINROAD
4002065.589 CYT102 260E EXIT
4003065.589 CYU109 260E ENTRY
4003565.589 CYU109 270E MAINROAD
4004065.589 CYU109 280E EXIT
4005065.589 CYV116 280E ENTRY
4005565.589 CYV116 290E MAINROAD
4006065.589 CYV116 300E EXIT
4007065.589 CYW123 300E ENTRY
4007565.589 CYW123 310E MAINROAD
4008065.589 CYW123 320E EXIT
4009065.589 CYX130 320E ENTRY
4009565.589 CYX130 330E MAINROAD
4010065.589 CYX130 340E EXIT
4011065.589 CYY137 340E ENTRY
4011565.589 CYY137 350E MAINROAD
4012065.589 CYY137 360E EXIT
4013065.589 CYZ144 360E ENTRY
4013565.589 CYZ144 370E MAINROAD
4014065.589 CYZ144 380E EXIT
4015065.589 CZA151 0E ENTRY
4015565.589 CZA151 10E MAINROAD
4016065.589 CZA151 20E EXIT
4017065.589 CZB158 20E ENTRY
4017565.589 CZB158 30E MAINROAD
4018065.589 CZB158 40E EXIT
4019065.589 CZC165 40E ENTRY
4019565.589 CZC165 50E MAINROAD
4020065.589 CZC165 60E EXIT
4021065.589 CZD172 60E ENTRY
4021565.589 CZD172 70E MAINROAD
4022065.589 CZD172 80E EXIT
4023065.589 CZE179 80E ENTRY
4023565.589 CZE179 90E MAINROAD
4024065.589 CZE179 100E EXIT
4025065.589 CZF186 100E ENTRY
4025565.589 CZF186 110E MAINROAD
4026065.589 CZF186 120E EXIT
4027065.589 CZG193 120E ENTRY
4027565.589 CZG193 130E MAINROAD
4028065.589 CZG193 140E EXIT
4029065.589 CZH200 140E ENTRY
4029565.589 CZH200 150E MAINROAD
4030065.589 CZH200 160E EXIT
4031065.589 CZI207 160E ENTRY
4031565.589 CZI207 170E MAINROAD
4032065.589 CZI207 180E EXIT
4033065.589 CZJ214 180E ENTRY
4033565.589 CZJ214 190E MAINROAD
4034065.589 CZJ214 200E EXIT
4035065.589 CZK221 200E ENTRY
4035565.589 CZK221 210E MAINROAD
4036065.589 CZK221 220E EXIT
4037065.589 CZL228 220E ENTRY
4037565.589 CZL228 230E MAINROAD
4038065.589 CZL228 240E EXIT
4039065.589 CZM235 240E ENTRY
4039565.589 CZM235 250E MAINROAD
4040065.589 CZM235 260E EXIT
4041065.589 CZN242 260E ENTRY
4041565.589 CZN242 270E MAINROAD
4042065.589 CZN242 280E EXIT
4043065.589 CZO249 280E ENTRY
4043565.589 CZO249 290E MAINROAD
4044065.589 CZO249 300E EXIT
4045065.589 CZP256 300E ENTRY
4045565.589 CZP256 310E MAINROAD
4046065.589 CZP256 320E EXIT
4047065.589 CZQ263 320E ENTRY
4047565.589 CZQ263 330E MAINROAD
4048065.589 CZQ263 340E EXIT
4049065.589 CZR270 340E ENTRY
4049565.589 CZR270 350E MAINROAD
4050065.589 CZR270 360E EXIT
4051065.589 CZS277 360E ENTRY
4051565.589 CZS277 370E MAINROAD
4052065.589 CZS277 380E EXIT
4053065.589 CZT284 0E ENTRY
4053565.589 CZT284 10E MAINROAD
4054065.589 CZT284 20E EXIT
4055065.589 CZU291 20E ENTRY
4055565.589 CZU291 30E MAINROAD
4056065.589 CZU291 40E EXIT
4057065.589 CZV298 40E ENTRY
4057565.589 CZV298 50E MAINROAD
4058065.589 CZV298 60E EXIT
4059065.589 CZW305 60E ENTRY
4059565.589 CZW305 70E MAINROAD
4060065.589 CZW305 80E EXIT
4061065.589 CZX312 80E ENTRY
4061565.589 CZX312 90E MAINROAD
4062065.589 CZX312 100E EXIT
4063065.589 CZY319 100E ENTRY
4063565.589 CZY319 110E MAINROAD
4064065.589 CZY319 120E EXIT
4065065.589 CZZ326 120E ENTRY
4065565.589 CZZ326 130E MAINROAD
4066065.589 CZZ326 140E EXIT
4067065.589 DAA333 140E ENTRY
4067565.589 DAA333 150E MAINROAD
4068065.589 DAA333 160E EXIT
4069065.589 DAB340 160E ENTRY
4069565.589 DAB340 170E MAINROAD
4070065.589 DAB340 180E EXIT
4071065.589 DAC347 180E ENTRY
4071565.589 DAC347 190E MAINROAD
4072065.589 DAC347 200E EXIT
4073065.589 DAD354 200E ENTRY
4073565.589 DAD354 210E MAINROAD
4074065.589 DAD354 220E EXIT
4075065.589 DAE361 220E ENTRY
4075565.589 DAE361 230E MAINROAD
4076065.589 DAE361 240E EXIT
4077065.589 DAF368 240E ENTRY
4077565.589 DAF368 250E MAINROAD
4078065.589 DAF368 260E EXIT
4079065.589 DAG375 260E ENTRY
4079565.589 DAG375 270E MAINROAD
4080065.589 DAG375 280E EXIT
4081065.589 DAH382 280E ENTRY
4081565.589 DAH382 290E MAINROAD
4082065.589 DAH382 300E EXIT
4083065.589 DAI389 300E ENTRY
4083565.589 DAI389 310E MAINROAD
4084065.589 DAI389 320E EXIT
4085065.589 DAJ396 320E ENTRY
4085565.589 DAJ396 330E MAINROAD
4086065.589 DAJ396 340E EXIT
4087065.589 DAK403 340E ENTRY
4087565.589 DAK403 350E MAINROAD
4088065.589 DAK403 360E EXIT
4089065.589 DAL410 360E ENTRY
4089565.589 DAL410 370E MAINROAD
4090065.589 DAL410 380E EXIT
4091065.589 DAM417 0E ENTRY
4091565.589 DAM417 10E MAINROAD
4092065.589 DAM417 20E EXIT
4093065.589 DAN424 20E ENTRY
4093565.589 DAN424 30E MAINROAD
4094065.589 DAN424 40E EXIT
4095065.589 DAO431 40E ENTRY
4095565.589 DAO431 50E MAINROAD
4096065.589 DAO431 60E EXIT
4097065.589 DAP438 60E ENTRY
4097565.589 DAP438 70E MAINROAD
4098065.589 DAP438 80E EXIT
4099065.589 DAQ445 80E ENTRY
4099565.589 DAQ445 90E MAINROAD
4100065.589 DAQ445 100E EXIT
4101065.589 DAR452 100E ENTRY
4101565.589 DAR452 110E MAINROAD
4102065.589 DAR452 120E EXIT
4103065.589 DAS459 120E ENTRY
4103565.589 DAS459 130E MAINROAD
4104065.589 DAS459 140E EXIT
4105065.589 DAT466 140E ENTRY
4105565.589 DAT466 150E MAINROAD
4106065.589 DAT466 160E EXIT
4107065.589 DAU473 160E ENTRY
4107565.589 DAU473 170E MAINROAD
4108065.589 DAU473 180E EXIT
4109065.589 DAV480 180E ENTRY
4109565.589 DAV480 190E MAINROAD
4110065.589 DAV480 200E EXIT
4111065.589 DAW487 200E ENTRY
4111565.589 DAW487 210E MAINROAD
4112065.589 DAW487 220E EXIT
4113065.589 DAX494 220E ENTRY
4113565.589 DAX494 230E MAINROAD
4114065.589 DAX494 240E EXIT
4115065.589 DAY501 240E ENTRY
4115565.589 DAY501 250E MAINROAD
4116065.589 DAY501 260E EXIT
4117065.589 DAZ508 260E ENTRY
4117565.589 DAZ508 270E MAINROAD
4118065.589 DAZ508 280E EXIT
4119065.589 DBA515 280E ENTRY
4119565.589 DBA515 290E MAINROAD
4120065.589 DBA515 300E EXIT
4121065.589 DBB522 300E ENTRY
4121565.589 DBB522 310E MAINROAD
4122065.589 DBB522 320E EXIT
4123065.589 DBC529 320E ENTRY
4123565.589 DBC529 330E MAINROAD
4124065.589 DBC529 340E EXIT
4125065.589 DBD536 340E ENTRY
4125565.589 DBD536 350E MAINROAD
4126065.589 DBD536 360E EXIT
4127065.589 DBE543 360E ENTRY
4127565.589 DBE543 370E MAINROAD
4128065.589 DBE543 380E EXIT
4129065.589 DBF550 0E ENTRY
4129565.589 DBF550 10E MAINROAD
4130065.589 DBF550 20E EXIT
4131065.589 DBG557 20E ENTRY
4131565.589 DBG557 30E MAINROAD
4132065.589 DBG557 40E EXIT
4133065.589 DBH564 40E ENTRY
4133565.589 DBH564 50E MAINROAD
4134065.589 DBH564 60E EXIT
4135065.589 DBI571 60E ENTRY
4135565.589 DBI571 70E MAINROAD
4136065.589 DBI571 80E EXIT
4137065.589 DBJ578 80E ENTRY
4137565.589 DBJ578 90E MAINROAD
4138065.589 DBJ578 100E EXIT
4139065.589 DBK585 100E ENTRY
4139565.589 DBK585 110E MAINROAD
4140065.589 DBK585 120E EXIT
4141065.589 DBL592 120E ENTRY
4141565.589 DBL592 130E MAINROAD
4142065.589 DBL592 140E EXIT
4143065.589 DBM599 140E ENTRY
4143565.589 DBM599 150E MAINROAD
4144065.589 DBM599 160E EXIT
4145065.589 DBN606 160E ENTRY
4145565.589 DBN606 170E MAINROAD
4146065.589 DBN606 180E EXIT
4147065.589 DBO613 180E ENTRY
4147565.589 DBO613 190E MAINROAD
4148065.589 DBO613 200E EXIT
4149065.589 DBP620 200E ENTRY
4149565.589 DBP620 210E MAINROAD
4150065.589 DBP620 220E EXIT
4151065.589 DBQ627 220E ENTRY
4151565.589 DBQ627 230E MAINROAD
4152065.589 DBQ627 240E EXIT
4153065.589 DBR634 240E ENTRY
4153565.589 DBR634 250E MAINROAD
4154065.589 DBR634 260E EXIT
4155065.589 DBS641 260E ENTRY
4155565.589 DBS641 270E MAINROAD
4156065.589 DBS641 280E EXIT
4157065.589 DBT648 280E ENTRY
4157565.589 DBT648 290E MAINROAD
4158065.589 DBT648 300E EXIT
4159065.589 DBU655 300E ENTRY
4159565.589 DBU655 310E MAINROAD
4160065.589 DBU655 320E EXIT
4161065.589 DBV662 320E ENTRY
4161565.589 DBV662 330E MAINROAD
4162065.589 DBV662 340E EXIT
4163065.589 DBW669 340E ENTRY
4163565.589 DBW669 350E MAINROAD
4164065.589 DBW669 360E EXIT
4165065.589 DBX676 360E ENTRY
4165565.589 DBX676 370E MAINROAD
4166065.589 DBX676 380E EXIT
4167065.589 DBY683 0E ENTRY
4167565.589 DBY683 10E MAINROAD
4168065.589 DBY683 20E EXIT
4169065.589 DBZ690 20E ENTRY
4169565.589 DBZ690 30E MAINROAD
4170065.589 DBZ690 40E EXIT
4171065.589 DCA697 40E ENTRY
4171565.589 DCA697 50E MAINROAD
4172065.589 DCA697 60E EXIT
4173065.589 DCB704 60E ENTRY
4173565.589 DCB704 70E MAINROAD
4174065.589 DCB704 80E EXIT
4175065.589 DCC711 80E ENTRY
4175565.589 DCC711 90E MAINROAD
4176065.589 DCC711 100E EXIT
4177065.589 DCD718 100E ENTRY
4177565.589 DCD718 110E MAINROAD
4178065.589 DCD718 120E EXIT
4179065.589 DCE725 120E ENTRY
4179565.589 DCE725 130E MAINROAD
4180065.589 DCE725 140E EXIT
4181065.589 DCF732 140E ENTRY
4181565.589 DCF732 150E MAINROAD
4182065.589 DCF732 160E EXIT
4183065.589 DCG739 160E ENTRY
4183565.589 DCG739 170E MAINROAD
4184065.589 DCG739 180E EXIT
4185065.589 DCH746 180E ENTRY
4185565.589 DCH746 190E MAINROAD
4186065.589 DCH746 200E EXIT
4187065.589 DCI753 200E ENTRY
4187565.589 DCI753 210E MAINROAD
4188065.589 DCI753 220E EXIT
4189065.589 DCJ760 220E ENTRY
4189565.589 DCJ760 230E MAINROAD
4190065.589 DCJ760 240E EXIT
4191065.589 DCK767 240E ENTRY
4191565.589 DCK767 250E MAINROAD
4192065.589 DCK767 260E EXIT
4193065.589 DCL774 260E ENTRY
4193565.589 DCL774 270E MAINROAD
4194065.589 DCL774 280E EXIT
4195065.589 DCM781 280E ENTRY
4195565.589 DCM781 290E MAINROAD
4196065.589 DCM781 300E EXIT
4197065.589 DCN788 300E ENTRY
4197565.589 DCN788 310E MAINROAD
4198065.589 DCN788 320E EXIT
4199065.589 DCO795 320E ENTRY
4199565.589 DCO795 330E MAINROAD
4200065.589 DCO795 340E EXIT
4201065.589 DCP802 340E ENTRY
4201565.589 DCP802 350E MAINROAD
4202065.589 DCP802 360E EXIT
4203065.589 DCQ809 360E ENTRY
4203565.589 DCQ809 370E MAINROAD
4204065.589 DCQ809 380E EXIT
4205065.589 DCR816 0E ENTRY
4205565.589 DCR816 10E MAINROAD
4206065.589 DCR816 20E EXIT
4207065.589 DCS823 20E ENTRY
4207565.589 DCS823 30E MAINROAD
4208065.589 DCS823 40E EXIT
4209065.589 DCT830 40E ENTRY
4209565.589 DCT830 50E MAINROAD
4210065.589 DCT830 60E EXIT
4211065.589 DCU837 60E ENTRY
4211565.589 DCU837 70E MAINROAD
4212065.589 DCU837 80E EXIT
4213065.589 DCV844 80E ENTRY
4213565.589 DCV844 90E MAINROAD
4214065.589 DCV844 100E EXIT
4215065.589 DCW851 100E ENTRY
4215565.589 DCW851 110E MAINROAD
4216065.589 DCW851 120E EXIT
4217065.589 DCX858 120E ENTRY
4217565.589 DCX858 130E MAINROAD
4218065.589 DCX858 140E EXIT
4219065.589 DCY865 140E ENTRY
4219565.589 DCY865 150E MAINROAD
4220065.589 DCY865 160E EXIT
4221065.589 DCZ872 160E ENTRY
4221565.589 DCZ872 170E MAINROAD
4222065.589 DCZ872 180E EXIT
4223065.589 DDA879 180E ENTRY
4223565.589 DDA879 190E MAINROAD
4224065.589 DDA879 200E EXIT
4225065.589 DDB886 200E ENTRY
4225565.589 DDB886 210E MAINROAD
4226065.589 DDB886 220E EXIT
4227065.589 DDC893 220E ENTRY
4227565.589 DDC893 230E MAINROAD
4228065.589 DDC893 240E EXIT
4229065.589 DDD900 240E ENTRY
4229565.589 DDD900 250E MAINROAD
4230065.589 DDD900 260E EXIT
4231065.589 DDE907 260E ENTRY
4231565.589 DDE907 270E MAINROAD
4232065.589 DDE907 280E EXIT
4233065.589 DDF914 280E ENTRY
4233565.589 DDF914 290E MAINROAD
4234065.589 DDF914 300E EXIT
4235065.589 DDG921 300E ENTRY
4235565.589 DDG921 310E MAINROAD
4236065.589 DDG921 320E EXIT
4237065.589 DDH928 320E ENTRY
4237565.589 DDH928 330E MAINROAD
4238065.589 DDH928 340E EXIT
4239065.589 DDI935 340E ENTRY
4239565.589 DDI935 350E MAINROAD
4240065.589 DDI935 360E EXIT
4241065.589 DDJ942 360E ENTRY
4241565.589 DDJ942 370E MAINROAD
4242065.589 DDJ942 380E EXIT
4243065.589 DDK949 0E ENTRY
4243565.589 DDK949 10E MAINROAD
4244065.589 DDK949 20E EXIT
4245065.589 DDL956 20E ENTRY
4245565.589 DDL956 30E MAINROAD
4246065.589 DDL956 40E EXIT
4247065.589 DDM963 40E ENTRY
4247565.589 DDM963 50E MAINROAD
4248065.589 DDM963 60E EXIT
4249065.589 DDN970 60E ENTRY
4249565.589 DDN970 70E MAINROAD
4250065.589 DDN970 80E EXIT
4251065.589 DDO977 80E ENTRY
4251565.589 DDO977 90E MAINROAD
4252065.589 DDO977 100E EXIT
4253065.589 DDP984 100E ENTRY
4253565.589 DDP984 110E MAINROAD
4254065.589 DDP984 120E EXIT
4255065.589 DDQ991 120E ENTRY
4255565.589 DDQ991 130E MAINROAD
4256065.589 DDQ991 140E EXIT
4257065.589 DDR998 140E ENTRY
4257565.589 DDR998 150E MAINROAD
4258065.589 DDR998 160E EXIT
4259065.589 DDS005 160E ENTRY
4259565.589 DDS005 170E MAINROAD
4260065.589 DDS005 180E EXIT
4261065.589 DDT012 180E ENTRY
4261565.589 DDT012 190E MAINROAD
4262065.589 DDT012 200E EXIT
4263065.589 DDU019 200E ENTRY
4263565.589 DDU019 210E MAINROAD
4264065.589 DDU019 220E EXIT
4265065.589 DDV026 220E ENTRY
4265565.589 DDV026 230E MAINROAD
4266065.589 DDV026 240E EXIT
4267065.589 DDW033 240E ENTRY
4267565.589 DDW033 250E MAINROAD
4268065.589 DDW033 260E EXIT
4269065.589 DDX040 260E ENTRY
4269565.589 DDX040 270E MAINROAD
4270065.589 DDX040 280E EXIT
4271065.589 DDY047 280E ENTRY
4271565.589 DDY047 290E MAINROAD
4272065.589 DDY047 300E EXIT
4273065.589 DDZ054 300E ENTRY
4273565.589 DDZ054 310E MAINROAD
4274065.589 DDZ054 320E EXIT
4275065.589 DEA061 320E ENTRY
4275565.589 DEA061 330E MAINROAD
4276065.589 DEA061 340E EXIT
4277065.589 DEB068 340E ENTRY
4277565.589 DEB068 350E MAINROAD
4278065.589 DEB068 360E EXIT
4279065.589 DEC075 360E ENTRY
4279565.589 DEC075 370E MAINROAD
4280065.589 DEC075 380E EXIT
4281065.589 DED082 0E ENTRY
4281565.589 DED082 10E MAINROAD
4282065.589 DED082 20E EXIT
4283065.589 DEE089 20E ENTRY
4283565.589 DEE089 30E MAINROAD
4284065.589 DEE089 40E EXIT
4285065.589 DEF096 40E ENTRY
4285565.589 DEF096 50E MAINROAD
4286065.589 DEF096 60E EXIT
4287065.589 DEG103 60E ENTRY
4287565.589 DEG103 70E MAINROAD
4288065.589 DEG103 80E EXIT
4289065.589 DEH110 80E ENTRY
4289565.589 DEH110 90E MAINROAD
4290065.589 DEH110 100E EXIT
4291065.589 DEI117 100E ENTRY
4291565.589 DEI117 110E MAINROAD
4292065.589 DEI117 120E EXIT
4293065.589 DEJ124 120E ENTRY
4293565.589 DEJ124 130E MAINROAD
4294065.589 DEJ124 140E EXIT
4295065.589 DEK131 140E ENTRY
4295565.589 DEK131 150E MAINROAD
4296065.589 DEK131 160E EXIT
4297065.589 DEL138 160E ENTRY
4297565.589 DEL138 170E MAINROAD
4298065.589 DEL138 180E EXIT
4299065.589 DEM145 180E ENTRY
4299565.589 DEM145 190E MAINROAD
4300065.589 DEM145 200E EXIT
4301065.589 DEN152 200E ENTRY
4301565.589 DEN152 210E MAINROAD
4302065.589 DEN152 220E EXIT
4303065.589 DEO159 220E ENTRY
4303565.589 DEO159 230E MAINROAD
4304065.589 DEO159 240E EXIT
4305065.589 DEP166 240E ENTRY
4305565.589 DEP166 250E MAINROAD
4306065.589 DEP166 260E EXIT
4307065.589 DEQ173 260E ENTRY
4307565.589 DEQ173 270E MAINROAD
4308065.589 DEQ173 280E EXIT
4309065.589 DER180 280E ENTRY
4309565.589 DER180 290E MAINROAD
4310065.589 DER180 300E EXIT
4311065.589 DES187 300E ENTRY
4311565.589 DES187 310E MAINROAD
4312065.589 DES187 320E EXIT
4313065.589 DET194 320E ENTRY
4313565.589 DET194 330E MAINROAD
4314065.589 DET194 340E EXIT
4315065.589 DEU201 340E ENTRY
4315565.589 DEU201 350E MAINROAD
4316065.589 DEU201 360E EXIT
4317065.589 DEV208 360E ENTRY
4317565.589 DEV208 370E MAINROAD
4318065.589 DEV208 380E EXIT
4319065.589 DEW215 0E ENTRY
4319565.589 DEW215 10E MAINROAD
4320065.589 DEW215 20E EXIT
4321065.589 DEX222 20E ENTRY
4321565.589 DEX222 30E MAINROAD
4322065.589 DEX222 40E EXIT
4323065.589 DEY229 40E ENTRY
4323565.589 DEY229 50E MAINROAD
4324065.589 DEY229 60E EXIT
4325065.589 DEZ236 60E ENTRY
4325565.589 DEZ236 70E MAINROAD
4326065.589 DEZ236 80E EXIT
4327065.589 DFA243 80E ENTRY
4327565.589 DFA243 90E MAINROAD
4328065.589 DFA243 100E EXIT
4329065.589 DFB250 100E ENTRY
4329565.589 DFB250 110E MAINROAD
4330065.589 DFB250 120E EXIT
4331065.589 DFC257 120E ENTRY
4331565.589 DFC257 130E MAINROAD
4332065.589 DFC257 140E EXIT
4333065.589 DFD264 140E ENTRY
4333565.589 DFD264 150E MAINROAD
4334065.589 DFD264 160E EXIT
4335065.589 DFE271 160E ENTRY
4335565.589 DFE271 170E MAINROAD
4336065.589 DFE271 180E EXIT
4337065.589 DFF278 180E ENTRY
4337565.589 DFF278 190E MAINROAD
4338065.589 DFF278 200E EXIT
4339065.589 DFG285 200E ENTRY
4339565.589 DFG285 210E MAINROAD
4340065.589 DFG285 220E EXIT
4341065.589 DFH292 220E ENTRY
4341565.589 DFH292 230E MAINROAD
4342065.589 DFH292 240E EXIT
4343065.589 DFI299 240E ENTRY
4343565.589 DFI299 250E MAINROAD
4344065.589 DFI299 260E EXIT
4345065.589 DFJ306 260E ENTRY
4345565.589 DFJ306 270E MAINROAD
4346065.589 DFJ306 280E EXIT
4347065.589 DFK313 280E ENTRY
4347565.589 DFK313 290E MAINROAD
4348065.589 DFK313 300E EXIT
4349065.589 DFL320 300E ENTRY
4349565.589 DFL320 310E MAINROAD
4350065.589 DFL320 320E EXIT
4351065.589 DFM327 320E ENTRY
4351565.589 DFM327 330E MAINROAD
4352065.589 DFM327 340E EXIT
4353065.589 DFN334 340E ENTRY
4353565.589 DFN334 350E MAINROAD
4354065.589 DFN334 360E EXIT
4355065.589 DFO341 360E ENTRY
4355565.589 DFO341 370E MAINROAD
4356065.589 DFO341 380E EXIT
4357065.589 DFP348 0E ENTRY
4357565.589 DFP348 10E MAINROAD
4358065.589 DFP348 20E EXIT
4359065.589 DFQ355 20E ENTRY
4359565.589 DFQ355 30E MAINROAD
4360065.589 DFQ355 40E EXIT
4361065.589 DFR362 40E ENTRY
4361565.589 DFR362 50E MAINROAD
4362065.589 DFR362 60E EXIT
4363065.589 DFS369 60E ENTRY
4363565.589 DFS369 70E MAINROAD
4364065.589 DFS369 80E EXIT
4365065.589 DFT376 80E ENTRY
4365565.589 DFT376 90E MAINROAD
4366065.589 DFT376 100E EXIT
4367065.589 DFU383 100E ENTRY
4367565.589 DFU383 110E MAINROAD
4368065.589 DFU383 120E EXIT
4369065.589 DFV390 120E ENTRY
4369565.589 DFV390 130E MAINROAD
4370065.589 DFV390 140E EXIT
4371065.589 DFW397 140E ENTRY
4371565.589 DFW397 150E MAINROAD
4372065.589 DFW397 160E EXIT
4373065.589 DFX404 160E ENTRY
4373565.589 DFX404 170E MAINROAD
4374065.589 DFX404 180E EXIT
4375065.589 DFY411 180E ENTRY
4375565.589 DFY411 190E MAINROAD
4376065.589 DFY411 200E EXIT
4377065.589 DFZ418 200E ENTRY
4377565.589 DFZ418 210E MAINROAD
4378065.589 DFZ418 220E EXIT
4379065.589 DGA425 220E ENTRY
4379565.589 DGA425 230E MAINROAD
4380065.589 DGA425 240E EXIT
4381065.589 DGB432 240E ENTRY
4381565.589 DGB432 250E MAINROAD
4382065.589 DGB432 260E EXIT
4383065.589 DGC439 260E ENTRY
4383565.589 DGC439 270E MAINROAD
4384065.589 DGC439 280E EXIT
4385065.589 DGD446 280E ENTRY
4385565.589 DGD446 290E MAINROAD
4386065.589 DGD446 300E EXIT
4387065.589 DGE453 300E ENTRY
4387565.589 DGE453 310E MAINROAD
4388065.589 DGE453 320E EXIT
4389065.589 DGF460 320E ENTRY
4389565.589 DGF460 330E MAINROAD
4390065.589 DGF460 340E EXIT
4391065.589 DGG467 340E ENTRY
4391565.589 DGG467 350E MAINROAD
4392065.589 DGG467 360E EXIT
4393065.589 DGH474 360E ENTRY
4393565.589 DGH474 370E MAINROAD
4394065.589 DGH474 380E EXIT
4395065.589 DGI481 0E ENTRY
4395565.589 DGI481 10E MAINROAD
4396065.589 DGI481 20E EXIT
4397065.589 DGJ488 20E ENTRY
4397565.589 DGJ488 30E MAINROAD
4398065.589 DGJ488 40E EXIT
4399065.589 DGK495 40E ENTRY
4399565.589 DGK495 50E MAINROAD
4400065.589 DGK495 60E EXIT
4401065.589 DGL502 60E ENTRY
4401565.589 DGL502 70E MAINROAD
4402065.589 DGL502 80E EXIT
4403065.589 DGM509 80E ENTRY
4403565.589 DGM509 90E MAINROAD
4404065.589 DGM509 100E EXIT
4405065.589 DGN516 100E ENTRY
4405565.589 DGN516 110E MAINROAD
4406065.589 DGN516 120E EXIT
4407065.589 DGO523 120E ENTRY
4407565.589 DGO523 130E MAINROAD
4408065.589 DGO523 140E EXIT
4409065.589 DGP530 140E ENTRY
4409565.589 DGP530 150E MAINROAD
4410065.589 DGP530 160E EXIT
4411065.589 DGQ537 160E ENTRY
4411565.589 DGQ537 170E MAINROAD
4412065.589 DGQ537 180E EXIT
4413065.589 DGR544 180E ENTRY
4413565.589 DGR544 190E MAINROAD
4414065.589 DGR544 200E EXIT
4415065.589 DGS551 200E ENTRY
4415565.589 DGS551 210E MAINROAD
4416065.589 DGS551 220E EXIT
4417065.589 DGT558 220E ENTRY
4417565.589 DGT558 230E MAINROAD
4418065.589 DGT558 240E EXIT
4419065.589 DGU565 240E ENTRY
4419565.589 DGU565 250E MAINROAD
4420065.589 DGU565 260E EXIT
4421065.589 DGV572 260E ENTRY
4421565.589 DGV572 270E MAINROAD
4422065.589 DGV572 280E EXIT
4423065.589 DGW579 280E ENTRY
4423565.589 DGW579 290E MAINROAD
4424065.589 DGW579 300E EXIT
4425065.589 DGX586 300E ENTRY
4425565.589 DGX586 310E MAINROAD
4426065.589 DGX586 320E EXIT
4427065.589 DGY593 320E ENTRY
4427565.589 DGY593 330E MAINROAD
4428065.589 DGY593 340E EXIT
4429065.589 DGZ600 340E ENTRY
4429565.589 DGZ600 350E MAINROAD
4430065.589 DGZ600 360E EXIT
4431065.589 DHA607 360E ENTRY
4431565.589 DHA607 370E MAINROAD
4432065.589 DHA607 380E EXIT
4433065.589 DHB614 0E ENTRY
4433565.589 DHB614 10E MAINROAD
4434065.589 DHB614 20E EXIT
4435065.589 DHC621 20E ENTRY
4435565.589 DHC621 30E MAINROAD
4436065.589 DHC621 40E EXIT
4437065.589 DHD628 40E ENTRY
4437565.589 DHD628 50E MAINROAD
4438065.589 DHD628 60E EXIT
4439065.589 DHE635 60E ENTRY
4439565.589 DHE635 70E MAINROAD
4440065.589 DHE635 80E EXIT
4441065.589 DHF642 80E ENTRY
4441565.589 DHF642 90E MAINROAD
4442065.589 DHF642 100E EXIT
4443065.589 DHG649 100E ENTRY
4443565.589 DHG649 110E MAINROAD
4444065.589 DHG649 120E EXIT
4445065.589 DHH656 120E ENTRY
4445565.589 DHH656 130E MAINROAD
4446065.589 DHH656 140E EXIT
4447065.589 DHI663 140E ENTRY
4447565.589 DHI663 150E MAINROAD
4448065.589 DHI663 160E EXIT
4449065.589 DHJ670 160E ENTRY
4449565.589 DHJ670 170E MAINROAD
4450065.589 DHJ670 180E EXIT
4451065.589 DHK677 180E ENTRY
4451565.589 DHK677 190E MAINROAD
4452065.589 DHK677 200E EXIT
4453065.589 DHL684 200E ENTRY
4453565.589 DHL684 210E MAINROAD
4454065.589 DHL684 220E EXIT
4455065.589 DHM691 220E ENTRY
4455565.589 DHM691 230E MAINROAD
4456065.589 DHM691 240E EXIT
4457065.589 DHN698 240E ENTRY
4457565.589 DHN698 250E MAINROAD
4458065.589 DHN698 260E EXIT
4459065.589 DHO705 260E ENTRY
4459565.589 DHO705 270E MAINROAD
4460065.589 DHO705 280E EXIT
4461065.589 DHP712 280E ENTRY
4461565.589 DHP712 290E MAINROAD
4462065.589 DHP712 300E EXIT
4463065.589 DHQ719 300E ENTRY
4463565.589 DHQ719 310E MAINROAD
4464065.589 DHQ719 320E EXIT
4465065.589 DHR726 320E ENTRY
4465565.589 DHR726 330E MAINROAD
4466065.589 DHR726 340E EXIT
4467065.589 DHS733 340E ENTRY
4467565.589 DHS733 350E MAINROAD
4468065.589 DHS733 360E EXIT
4469065.589 DHT740 360E ENTRY
4469565.589 DHT740 370E MAINROAD
4470065.589 DHT740 380E EXIT
4471065.589 DHU747 0E ENTRY
4471565.589 DHU747 10E MAINROAD
4472065.589 DHU747 20E EXIT
4473065.589 DHV754 20E ENTRY
4473565.589 DHV754 30E MAINROAD
4474065.589 DHV754 40E EXIT
4475065.589 DHW761 40E ENTRY
4475565.589 DHW761 50E MAINROAD
4476065.589 DHW761 60E EXIT
4477065.589 DHX768 60E ENTRY
4477565.589 DHX768 70E MAINROAD
4478065.589 DHX768 80E EXIT
4479065.589 DHY775 80E ENTRY
4479565.589 DHY775 90E MAINROAD
4480065.589 DHY775 100E EXIT
4481065.589 DHZ782 100E ENTRY
4481565.589 DHZ782 110E MAINROAD
4482065.589 DHZ782 120E EXIT
4483065.589 DIA789 120E ENTRY
4483565.589 DIA789 130E MAINROAD
4484065.589 DIA789 140E EXIT
4485065.589 DIB796 140E ENTRY
4485565.589 DIB796 150E MAINROAD
4486065.589 DIB796 160E EXIT
4487065.589 DIC803 160E ENTRY
4487565.589 DIC803 170E MAINROAD
4488065.589 DIC803 180E EXIT
4489065.589 DID810 180E ENTRY
4489565.589 DID810 190E MAINROAD
4490065.589 DID810 200E EXIT
4491065.589 DIE817 200E ENTRY
4491565.589 DIE817 210E MAINROAD
4492065.589 DIE817 220E EXIT
4493065.589 DIF824 220E ENTRY
4493565.589 DIF824 230E MAINROAD
4494065.589 DIF824 240E EXIT
4495065.589 DIG831 240E ENTRY
4495565.589 DIG831 250E MAINROAD
4496065.589 DIG831 260E EXIT
4497065.589 DIH838 260E ENTRY
4497565.589 DIH838 270E MAINROAD
4498065.589 DIH838 280E EXIT
4499065.589 DII845 280E ENTRY
4499565.589 DII845 290E MAINROAD
4500065.589 DII845 300E EXIT
4501065.589 DIJ852 300E ENTRY
4501565.589 DIJ852 310E MAINROAD
4502065.589 DIJ852 320E EXIT
4503065.589 DIK859 320E ENTRY
4503565.589 DIK859 330E MAINROAD
4504065.589 DIK859 340E EXIT
4505065.589 DIL866 340E ENTRY
4505565.589 DIL866 350E MAINROAD
4506065.589 DIL866 360E EXIT
4507065.589 DIM873 360E ENTRY
4507565.589 DIM873 370E MAINROAD
4508065.589 DIM873 380E EXIT
4509065.589 DIN880 0E ENTRY
4509565.589 DIN880 10E MAINROAD
4510065.589 DIN880 20E EXIT
4511065.589 DIO887 20E ENTRY
4511565.589 DIO887 30E MAINROAD
4512065.589 DIO887 40E EXIT
4513065.589 DIP894 40E ENTRY
4513565.589 DIP894 50E MAINROAD
4514065.589 DIP894 60E EXIT
4515065.589 DIQ901 60E ENTRY
4515565.589 DIQ901 70E MAINROAD
4516065.589 DIQ901 80E EXIT
4517065.589 DIR908 80E ENTRY
4517565.589 DIR908 90E MAINROAD
4518065.589 DIR908 100E EXIT
4519065.589 DIS915 100E ENTRY
4519565.589 DIS915 110E MAINROAD
4520065.589 DIS915 120E EXIT
4521065.589 DIT922 120E ENTRY
4521565.589 DIT922 130E MAINROAD
4522065.589 DIT922 140E EXIT
4523065.589 DIU929 140E ENTRY
4523565.589 DIU929 150E MAINROAD
4524065.589 DIU929 160E EXIT
4525065.589 DIV936 160E ENTRY
4525565.589 DIV936 170E MAINROAD
4526065.589 DIV936 180E EXIT
4527065.589 DIW943 180E ENTRY
4527565.589 DIW943 190E MAINROAD
4528065.589 DIW943 200E EXIT
4529065.589 DIX950 200E ENTRY
4529565.589 DIX950 210E MAINROAD
4530065.589 DIX950 220E EXIT
4531065.589 DIY957 220E ENTRY
4531565.589 DIY957 230E MAINROAD
4532065.589 DIY957 240E EXIT
4533065.589 DIZ964 240E ENTRY
4533565.589 DIZ964 250E MAINROAD
4534065.589 DIZ964 260E EXIT
4535065.589 DJA971 260E ENTRY
4535565.589 DJA971 270E MAINROAD
4536065.589 DJA971 280E EXIT
4537065.589 DJB978 280E ENTRY
4537565.589 DJB978 290E MAINROAD
4538065.589 DJB978 300E EXIT
4539065.589 DJC985 300E ENTRY
4539565.589 DJC985 310E MAINROAD
4540065.589 DJC985 320E EXIT
4541065.589 DJD992 320E ENTRY
4541565.589 DJD992 330E MAINROAD
4542065.589 DJD992 340E EXIT
4543065.589 DJE999 340E ENTRY
4543565.589 DJE999 350E MAINROAD
4544065.589 DJE999 360E EXIT
4545065.589 DJF006 360E ENTRY
4545565.589 DJF006 370E MAINROAD
4546065.589 DJF006 380E EXIT
4547065.589 DJG013 0E ENTRY
4547565.589 DJG013 10E MAINROAD
4548065.589 DJG013 20E EXIT
4549065.589 DJH020 20E ENTRY
4549565.589 DJH020 30E MAINROAD
4550065.589 DJH020 40E EXIT
4551065.589 DJI027 40E ENTRY
4551565.589 DJI027 50E MAINROAD
4552065.589 DJI027 60E EXIT
4553065.589 DJJ034 60E ENTRY
4553565.589 DJJ034 70E MAINROAD
4554065.589 DJJ034 80E EXIT
4555065.589 DJK041 80E ENTRY
4555565.589 DJK041 90E MAINROAD
4556065.589 DJK041 100E EXIT
4557065.589 DJL048 100E ENTRY
4557565.589 DJL048 110E MAINROAD
4558065.589 DJL048 120E EXIT
4559065.589 DJM055 120E ENTRY
4559565.589 DJM055 130E MAINROAD
4560065.589 DJM055 140E EXIT
4561065.589 DJN062 140E ENTRY
4561565.589 DJN062 150E MAINROAD
4562065.589 DJN062 160E EXIT
4563065.589 DJO069 160E ENTRY
4563565.589 DJO069 170E MAINROAD
4564065.589 DJO069 180E EXIT
4565065.589 DJP076 180E ENTRY
4565565.589 DJP076 190E MAINROAD
4566065.589 DJP076 200E EXIT
4567065.589 DJQ083 200E ENTRY
4567565.589 DJQ083 210E MAINROAD
4568065.589 DJQ083 220E EXIT
4569065.589 DJR090 220E ENTRY
4569565.589 DJR090 230E MAINROAD
4570065.589 DJR090 240E EXIT
4571065.589 DJS097 240E ENTRY
4571565.589 DJS097 250E MAINROAD
4572065.589 DJS097 260E EXIT
4573065.589 DJT104 260E ENTRY
4573565.589 DJT104 270E MAINROAD
4574065.589 DJT104 280E EXIT
4575065.589 DJU111 280E ENTRY
4575565.589 DJU111 290E MAINROAD
4576065.589 DJU111 300E EXIT
4577065.589 DJV118 300E ENTRY
4577565.589 DJV118 310E MAINROAD
4578065.589 DJV118 320E EXIT
4579065.589 DJW125 320E ENTRY
4579565.589 DJW125 330E MAINROAD
4580065.589 DJW125 340E EXIT
4581065.589 DJX132 340E ENTRY
4581565.589 DJX132 350E MAINROAD
4582065.589 DJX132 360E EXIT
4583065.589 DJY139 360E ENTRY
4583565.589 DJY139 370E MAINROAD
4584065.589 DJY139 380E EXIT
4585065.589 DJZ146 0E ENTRY
4585565.589 DJZ146 10E MAINROAD
4586065.589 DJZ146 20E EXIT
4587065.589 DKA153 20E ENTRY
4587565.589 DKA153 30E MAINROAD
4588065.589 DKA153 40E EXIT
4589065.589 DKB160 40E ENTRY
4589565.589 DKB160 50E MAINROAD
4590065.589 DKB160 60E EXIT
4591065.589 DKC167 60E ENTRY
4591565.589 DKC167 70E MAINROAD
4592065.589 DKC167 80E EXIT
4593065.589 DKD174 80E ENTRY
4593565.589 DKD174 90E MAINROAD
4594065.589 DKD174 100E EXIT
4595065.589 DKE181 100E ENTRY
4595565.589 DKE181 110E MAINROAD
4596065.589 DKE181 120E EXIT
4597065.589 DKF188 120E ENTRY
4597565.589 DKF188 130E MAINROAD
4598065.589 DKF188 140E EXIT
4599065.589 DKG195 140E ENTRY
4599565.589 DKG195 150E MAINROAD
4600065.589 DKG195 160E EXIT
4601065.589 DKH202 160E ENTRY
4601565.589 DKH202 170E MAINROAD
4602065.589 DKH202 180E EXIT
4603065.589 DKI209 180E ENTRY
4603565.589 DKI209 190E MAINROAD
4604065.589 DKI209 200E EXIT
4605065.589 DKJ216 200E ENTRY
4605565.589 DKJ216 210E MAINROAD
4606065.589 DKJ216 220E EXIT
4607065.589 DKK223 220E ENTRY
4607565.589 DKK223 230E MAINROAD
4608065.589 DKK223 240E EXIT
4609065.589 DKL230 240E ENTRY
4609565.589 DKL230 250E MAINROAD
4610065.589 DKL230 260E EXIT
4611065.589 DKM237 260E ENTRY
4611565.589 DKM237 270E MAINROAD
4612065.589 DKM237 280E EXIT
4613065.589 DKN244 280E ENTRY
4613565.589 DKN244 290E MAINROAD
4614065.589 DKN244 300E EXIT
4615065.589 DKO251 300E ENTRY
4615565.589 DKO251 310E MAINROAD
4616065.589 DKO251 320E EXIT
4617065.589 DKP258 320E ENTRY
4617565.589 DKP258 330E MAINROAD
4618065.589 DKP258 340E EXIT
4619065.589 DKQ265 340E ENTRY
4619565.589 DKQ265 350E MAINROAD
4620065.589 DKQ265 360E EXIT
4621065.589 DKR272 360E ENTRY
4621565.589 DKR272 370E MAINROAD
4622065.589 DKR272 380E EXIT
4623065.589 DKS279 0E ENTRY
4623565.589 DKS279 10E MAINROAD
4624065.589 DKS279 20E EXIT
4625065.589 DKT286 20E ENTRY
4625565.589 DKT286 30E MAINROAD
4626065.589 DKT286 40E EXIT
4627065.589 DKU293 40E ENTRY
4627565.589 DKU293 50E MAINROAD
4628065.589 DKU293 60E EXIT
4629065.589 DKV300 60E ENTRY
4629565.589 DKV300 70E MAINROAD
4630065.589 DKV300 80E EXIT
4631065.589 DKW307 80E ENTRY
4631565.589 DKW307 90E MAINROAD
4632065.589 DKW307 100E EXIT
4633065.589 DKX314 100E ENTRY
4633565.589 DKX314 110E MAINROAD
4634065.589 DKX314 120E EXIT
4635065.589 DKY321 120E ENTRY
4635565.589 DKY321 130E MAINROAD
4636065.589 DKY321 140E EXIT
4637065.589 DKZ328 140E ENTRY
4637565.589 DKZ328 150E MAINROAD
4638065.589 DKZ328 160E EXIT
4639065.589 DLA335 160E ENTRY
4639565.589 DLA335 170E MAINROAD
4640065.589 DLA335 180E EXIT
4641065.589 DLB342 180E ENTRY
4641565.589 DLB342 190E MAINROAD
4642065.589 DLB342 200E EXIT
4643065.589 DLC349 200E ENTRY
4643565.589 DLC349 210E MAINROAD
4644065.589 DLC349 220E EXIT
4645065.589 DLD356 220E ENTRY
4645565.589 DLD356 230E MAINROAD
4646065.589 DLD356 240E EXIT
4647065.589 DLE363 240E ENTRY
4647565.589 DLE363 250E MAINROAD
4648065.589 DLE363 260E EXIT
4649065.589 DLF370 260E ENTRY
4649565.589 DLF370 270E MAINROAD
4650065.589 DLF370 280E EXIT
4651065.589 DLG377 280E ENTRY
4651565.589 DLG377 290E MAINROAD
4652065.589 DLG377 300E EXIT
4653065.589 DLH384 300E ENTRY
4653565.589 DLH384 310E MAINROAD
4654065.589 DLH384 320E EXIT
4655065.589 DLI391 320E ENTRY
4655565.589 DLI391 330E MAINROAD
4656065.589 DLI391 340E EXIT
4657065.589 DLJ398 340E ENTRY
4657565.589 DLJ398 350E MAINROAD
4658065.589 DLJ398 360E EXIT
4659065.589 DLK405 360E ENTRY
4659565.589 DLK405 370E MAINROAD
4660065.589 DLK405 380E EXIT
4661065.589 DLL412 0E ENTRY
4661565.589 DLL412 10E MAINROAD
4662065.589 DLL412 20E EXIT
4663065.589 DLM419 20E ENTRY
4663565.589 DLM419 30E MAINROAD
4664065.589 DLM419 40E EXIT
4665065.589 DLN426 40E ENTRY
4665565.589 DLN426 50E MAINROAD
4666065.589 DLN426 60E EXIT
4667065.589 DLO433 60E ENTRY
4667565.589 DLO433 70E MAINROAD
4668065.589 DLO433 80E EXIT
4669065.589 DLP440 80E ENTRY
4669565.589 DLP440 90E MAINROAD
4670065.589 DLP440 100E EXIT
4671065.589 DLQ447 100E ENTRY
4671565.589 DLQ447 110E MAINROAD
4672065.589 DLQ447 120E EXIT
4673065.589 DLR454 120E ENTRY
4673565.589 DLR454 130E MAINROAD
4674065.589 DLR454 140E EXIT
4675065.589 DLS461 140E ENTRY
4675565.589 DLS461 150E MAINROAD
4676065.589 DLS461 160E EXIT
4677065.589 DLT468 160E ENTRY
4677565.589 DLT468 170E MAINROAD
4678065.589 DLT468 180E EXIT
4679065.589 DLU475 180E ENTRY
4679565.589 DLU475 190E MAINROAD
4680065.589 DLU475 200E EXIT
4681065.589 DLV482 200E ENTRY
4681565.589 DLV482 210E MAINROAD
4682065.589 DLV482 220E EXIT
4683065.589 DLW489 220E ENTRY
4683565.589 DLW489 230E MAINROAD
4684065.589 DLW489 240E EXIT
4685065.589 DLX496 240E ENTRY
4685565.589 DLX496 250E MAINROAD
4686065.589 DLX496 260E EXIT
4687065.589 DLY503 260E ENTRY
4687565.589 DLY503 270E MAINROAD
4688065.589 DLY503 280E EXIT
4689065.589 DLZ510 280E ENTRY
4689565.589 DLZ510 290E MAINROAD
4690065.589 DLZ510 300E EXIT
4691065.589 DMA517 300E ENTRY
4691565.589 DMA517 310E MAINROAD
4692065.589 DMA517 320E EXIT
4693065.589 DMB524 320E ENTRY
4693565.589 DMB524 330E MAINROAD
4694065.589 DMB524 340E EXIT
4695065.589 DMC531 340E ENTRY
4695565.589 DMC531 350E MAINROAD
4696065.589 DMC531 360E EXIT
4697065.589 DMD538 360E ENTRY
4697565.589 DMD538 370E MAINROAD
4698065.589 DMD538 380E EXIT
4699065.589 DME545 0E ENTRY
4699565.589 DME545 10E MAINROAD
4700065.589 DME545 20E EXIT
4701065.589 DMF552 20E ENTRY
4701565.589 DMF552 30E MAINROAD
4702065.589 DMF552 40E EXIT
4703065.589 DMG559 40E ENTRY
4703565.589 DMG559 50E MAINROAD
4704065.589 DMG559 60E EXIT
4705065.589 DMH566 60E ENTRY
4705565.589 DMH566 70E MAINROAD
4706065.589 DMH566 80E EXIT
4707065.589 DMI573 80E ENTRY
4707565.589 DMI573 90E MAINROAD
4708065.589 DMI573 100E EXIT
4709065.589 DMJ580 100E ENTRY
4709565.589 DMJ580 110E MAINROAD
4710065.589 DMJ580 120E EXIT
4711065.589 DMK587 120E ENTRY
4711565.589 DMK587 130E MAINROAD
4712065.589 DMK587 140E EXIT
4713065.589 DML594 140E ENTRY
4713565.589 DML594 150E MAINROAD
4714065.589 DML594 160E EXIT
4715065.589 DMM601 160E ENTRY
4715565.589 DMM601 170E MAINROAD
4716065.589 DMM601 180E EXIT
4717065.589 DMN608 180E ENTRY
4717565.589 DMN608 190E MAINROAD
4718065.589 DMN608 200E EXIT
4719065.589 DMO615 200E ENTRY
4719565.589 DMO615 210E MAINROAD
4720065.589 DMO615 220E EXIT
4721065.589 DMP622 220E ENTRY
4721565.589 DMP622 230E MAINROAD
4722065.589 DMP622 240E EXIT
4723065.589 DMQ629 240E ENTRY
4723565.589 DMQ629 250E MAINROAD
4724065.589 DMQ629 260E EXIT
4725065.589 DMR636 260E ENTRY
4725565.589 DMR636 270E MAINROAD
4726065.589 DMR636 280E EXIT
4727065.589 DMS643 280E ENTRY
4727565.589 DMS643 290E MAINROAD
4728065.589 DMS643 300E EXIT
4729065.589 DMT650 300E ENTRY
4729565.589 DMT650 310E MAINROAD
4730065.589 DMT650 320E EXIT
4731065.589 DMU657 320E ENTRY
4731565.589 DMU657 330E MAINROAD
4732065.589 DMU657 340E EXIT
4733065.589 DMV664 340E ENTRY
4733565.589 DMV664 350E MAINROAD
4734065.589 DMV664 360E EXIT
4735065.589 DMW671 360E ENTRY
4735565.589 DMW671 370E MAINROAD
4736065.589 DMW671 380E EXIT
4737065.589 DMX678 0E ENTRY
4737565.589 DMX678 10E MAINROAD
4738065.589 DMX678 20E EXIT
4739065.589 DMY685 20E ENTRY
4739565.589 DMY685 30E MAINROAD
4740065.589 DMY685 40E EXIT
4741065.589 DMZ692 40E ENTRY
4741565.589 DMZ692 50E MAINROAD
4742065.589 DMZ692 60E EXIT
4743065.589 DNA699 60E ENTRY
4743565.589 DNA699 70E MAINROAD
4744065.589 DNA699 80E EXIT
4745065.589 DNB706 80E ENTRY
4745565.589 DNB706 90E MAINROAD
4746065.589 DNB706 100E EXIT
4747065.589 DNC713 100E ENTRY
4747565.589 DNC713 110E MAINROAD
4748065.589 DNC713 120E EXIT
4749065.589 DND720 120E ENTRY
4749565.589 DND720 130E MAINROAD
4750065.589 DND720 140E EXIT
4751065.589 DNE727 140E ENTRY
4751565.589 DNE727 150E MAINROAD
4752065.589 DNE727 160E EXIT
4753065.589 DNF734 160E ENTRY
4753565.589 DNF734 170E MAINROAD
4754065.589 DNF734 180E EXIT
4755065.589 DNG741 180E ENTRY
4755565.589 DNG741 190E MAINROAD
4756065.589 DNG741 200E EXIT
4757065.589 DNH748 200E ENTRY
4757565.589 DNH748 210E MAINROAD
4758065.589 DNH748 220E EXIT
4759065.589 DNI755 220E ENTRY
4759565.589 DNI755 230E MAINROAD
4760065.589 DNI755 240E EXIT
4761065.589 DNJ762 240E ENTRY
4761565.589 DNJ762 250E MAINROAD
4762065.589 DNJ762 260E EXIT
4763065.589 DNK769 260E ENTRY
4763565.589 DNK769 270E MAINROAD
4764065.589 DNK769 280E EXIT
4765065.589 DNL776 280E ENTRY
4765565.589 DNL776 290E MAINROAD
4766065.589 DNL776 300E EXIT
4767065.589 DNM783 300E ENTRY
4767565.589 DNM783 310E MAINROAD
4768065.589 DNM783 320E EXIT
4769065.589 DNN790 320E ENTRY
4769565.589 DNN790 330E MAINROAD
4770065.589 DNN790 340E EXIT
4771065.589 DNO797 340E ENTRY
4771565.589 DNO797 350E MAINROAD
4772065.589 DNO797 360E EXIT
4773065.589 DNP804 360E ENTRY
4773565.589 DNP804 370E MAINROAD
4774065.589 DNP804 380E EXIT
4775065.589 DNQ811 0E ENTRY
4775565.589 DNQ811 10E MAINROAD
4776065.589 DNQ811 20E EXIT
4777065.589 DNR818 20E ENTRY
4777565.589 DNR818 30E MAINROAD
4778065.589 DNR818 40E EXIT
4779065.589 DNS825 40E ENTRY
4779565.589 DNS825 50E MAINROAD
4780065.589 DNS825 60E EXIT
4781065.589 DNT832 60E ENTRY
4781565.589 DNT832 70E MAINROAD
4782065.589 DNT832 80E EXIT
4783065.589 DNU839 80E ENTRY
4783565.589 DNU839 90E MAINROAD
4784065.589 DNU839 100E EXIT
4785065.589 DNV846 100E ENTRY
4785565.589 DNV846 110E MAINROAD
4786065.589 DNV846 120E EXIT
4787065.589 DNW853 120E ENTRY
4787565.589 DNW853 130E MAINROAD
4788065.589 DNW853 140E EXIT
4789065.589 DNX860 140E ENTRY
4789565.589 DNX860 150E MAINROAD
4790065.589 DNX860 160E EXIT
4791065.589 DNY867 160E ENTRY
4791565.589 DNY867 170E MAINROAD
4792065.589 DNY867 180E EXIT
4793065.589 DNZ874 180E ENTRY
4793565.589 DNZ874 190E MAINROAD
4794065.589 DNZ874 200E EXIT
4795065.589 DOA881 200E ENTRY
4795565.589 DOA881 210E MAINROAD
4796065.589 DOA881 220E EXIT
4797065.589 DOB888 220E ENTRY
4797565.589 DOB888 230E MAINROAD
4798065.589 DOB888 240E EXIT
4799065.589 DOC895 240E ENTRY
4799565.589 DOC895 250E MAINROAD
4800065.589 DOC895 260E EXIT
4801065.589 DOD902 260E ENTRY
4801565.589 DOD902 270E MAINROAD
4802065.589 DOD902 280E EXIT
4803065.589 DOE909 280E ENTRY
4803565.589 DOE909 290E MAINROAD
4804065.589 DOE909 300E EXIT
4805065.589 DOF916 300E ENTRY
4805565.589 DOF916 310E MAINROAD
4806065.589 DOF916 320E EXIT
4807065.589 DOG923 320E ENTRY
4807565.589 DOG923 330E MAINROAD
4808065.589 DOG923 340E EXIT
4809065.589 DOH930 340E ENTRY
4809565.589 DOH930 350E MAINROAD
4810065.589 DOH930 360E EXIT
4811065.589 DOI937 360E ENTRY
4811565.589 DOI937 370E MAINROAD
4812065.589 DOI937 380E EXIT
4813065.589 DOJ944 0E ENTRY
4813565.589 DOJ944 10E MAINROAD
4814065.589 DOJ944 20E EXIT
4815065.589 DOK951 20E ENTRY
4815565.589 DOK951 30E MAINROAD
4816065.589 DOK951 40E EXIT
4817065.589 DOL958 40E ENTRY
4817565.589 DOL958 50E MAINROAD
4818065.589 DOL958 60E EXIT
4819065.589 DOM965 60E ENTRY
4819565.589 DOM965 70E MAINROAD
4820065.589 DOM965 80E EXIT
4821065.589 DON972 80E ENTRY
4821565.589 DON972 90E MAINROAD
4822065.589 DON972 100E EXIT
4823065.589 DOO979 100E ENTRY
4823565.589 DOO979 110E MAINROAD
4824065.589 DOO979 120E EXIT
4825065.589 DOP986 120E ENTRY
4825565.589 DOP986 130E MAINROAD
4826065.589 DOP986 140E EXIT
4827065.589 DOQ993 140E ENTRY
4827565.589 DOQ993 150E MAINROAD
4828065.589 DOQ993 160E EXIT
4829065.589 DOR000 160E ENTRY
4829565.589 DOR000 170E MAINROAD
4830065.589 DOR000 180E EXIT
4831065.589 DOS007 180E ENTRY
4831565.589 DOS007 190E MAINROAD
4832065.589 DOS007 200E EXIT
4833065.589 DOT014 200E ENTRY
4833565.589 DOT014 210E MAINROAD
4834065.589 DOT014 220E EXIT
4835065.589 DOU021 220E ENTRY
4835565.589 DOU021 230E MAINROAD
4836065.589 DOU021 240E EXIT
4837065.589 DOV028 240E ENTRY
4837565.589 DOV028 250E MAINROAD
4838065.589 DOV028 260E EXIT
4839065.589 DOW035 260E ENTRY
4839565.589 DOW035 270E MAINROAD
4840065.589 DOW035 280E EXIT
4841065.589 DOX042 280E ENTRY
4841565.589 DOX042 290E MAINROAD
4842065.589 DOX042 300E EXIT
4843065.589 DOY049 300E ENTRY
4843565.589 DOY049 310E MAINROAD
4844065.589 DOY049 320E EXIT
4845065.589 DOZ056 320E ENTRY
4845565.589 DOZ056 330E MAINROAD
4846065.589 DOZ056 340E EXIT
4847065.589 DPA063 340E ENTRY
4847565.589 DPA063 350E MAINROAD
4848065.589 DPA063 360E EXIT
4849065.589 DPB070 360E ENTRY
4849565.589 DPB070 370E MAINROAD
4850065.589 DPB070 380E EXIT
4851065.589 DPC077 0E ENTRY
4851565.589 DPC077 10E MAINROAD
4852065.589 DPC077 20E EXIT
4853065.589 DPD084 20E ENTRY
4853565.589 DPD084 30E MAINROAD
4854065.589 DPD084 40E EXIT
4855065.589 DPE091 40E ENTRY
4855565.589 DPE091 50E MAINROAD
4856065.589 DPE091 60E EXIT
4857065.589 DPF098 60E ENTRY
4857565.589 DPF098 70E MAINROAD
4858065.589 DPF098 80E EXIT
4859065.589 DPG105 80E ENTRY
4859565.589 DPG105 90E MAINROAD
4860065.589 DPG105 100E EXIT
4861065.589 DPH112 100E ENTRY
4861565.589 DPH112 110E MAINROAD
4862065.589 DPH112 120E EXIT
4863065.589 DPI119 120E ENTRY
4863565.589 DPI119 130E MAINROAD
4864065.589 DPI119 140E EXIT
4865065.589 DPJ126 140E ENTRY
4865565.589 DPJ126 150E MAINROAD
4866065.589 DPJ126 160E EXIT
4867065.589 DPK133 160E ENTRY
4867565.589 DPK133 170E MAINROAD
4868065.589 DPK133 180E EXIT
4869065.589 DPL140 180E ENTRY
4869565.589 DPL140 190E MAINROAD
4870065.589 DPL140 200E EXIT
4871065.589 DPM147 200E ENTRY
4871565.589 DPM147 210E MAINROAD
4872065.589 DPM147 220E EXIT
4873065.589 DPN154 220E ENTRY
4873565.589 DPN154 230E MAINROAD
4874065.589 DPN154 240E EXIT
4875065.589 DPO161 240E ENTRY
4875565.589 DPO161 250E MAINROAD
4876065.589 DPO161 260E EXIT
4877065.589 DPP168 260E ENTRY
4877565.589 DPP168 270E MAINROAD
4878065.589 DPP168 280E EXIT
4879065.589 DPQ175 280E ENTRY
4879565.589 DPQ175 290E MAINROAD
4880065.589 DPQ175 300E EXIT
4881065.589 DPR182 300E ENTRY
4881565.589 DPR182 310E MAINROAD
4882065.589 DPR182 320E EXIT
4883065.589 DPS189 320E ENTRY
4883565.589 DPS189 330E MAINROAD
4884065.589 DPS189 340E EXIT
4885065.589 DPT196 340E ENTRY
4885565.589 DPT196 350E MAINROAD
4886065.589 DPT196 360E EXIT
4887065.589 DPU203 360E ENTRY
4887565.589 DPU203 370E MAINROAD
4888065.589 DPU203 380E EXIT
4889065.589 DPV210 0E ENTRY
4889565.589 DPV210 10E MAINROAD
4890065.589 DPV210 20E EXIT
4891065.589 DPW217 20E ENTRY
4891565.589 DPW217 30E MAINROAD
4892065.589 DPW217 40E EXIT
4893065.589 DPX224 40E ENTRY
4893565.589 DPX224 50E MAINROAD
4894065.589 DPX224 60E EXIT
4895065.589 DPY231 60E ENTRY
4895565.589 DPY231 70E MAINROAD
4896065.589 DPY231 80E EXIT
4897065.589 DPZ238 80E ENTRY
4897565.589 DPZ238 90E MAINROAD
4898065.589 DPZ238 100E EXIT
4899065.589 DQA245 100E ENTRY
4899565.589 DQA245 110E MAINROAD
4900065.589 DQA245 120E EXIT
4901065.589 DQB252 120E ENTRY
4901565.589 DQB252 130E MAINROAD
4902065.589 DQB252 140E EXIT
4903065.589 DQC259 140E ENTRY
4903565.589 DQC259 150E MAINROAD
4904065.589 DQC259 160E EXIT
4905065.589 DQD266 160E ENTRY
4905565.589 DQD266 170E MAINROAD
4906065.589 DQD266 180E EXIT
4907065.589 DQE273 180E ENTRY
4907565.589 DQE273 190E MAINROAD
4908065.589 DQE273 200E EXIT
4909065.589 DQF280 200E ENTRY
4909565.589 DQF280 210E MAINROAD
4910065.589 DQF280 220E EXIT
4911065.589 DQG287 220E ENTRY
4911565.589 DQG287 230E MAINROAD
4912065.589 DQG287 240E EXIT
4913065.589 DQH294 240E ENTRY
4913565.589 DQH294 250E MAINROAD
4914065.589 DQH294 260E EXIT
4915065.589 DQI301 260E ENTRY
4915565.589 DQI301 270E MAINROAD
4916065.589 DQI301 280E EXIT
4917065.589 DQJ308 280E ENTRY
4917565.589 DQJ308 290E MAINROAD
4918065.589 DQJ308 300E EXIT
4919065.589 DQK315 300E ENTRY
4919565.589 DQK315 310E MAINROAD
4920065.589 DQK315 320E EXIT
4921065.589 DQL322 320E ENTRY
4921565.589 DQL322 330E MAINROAD
4922065.589 DQL322 340E EXIT
4923065.589 DQM329 340E ENTRY
4923565.589 DQM329 350E MAINROAD
4924065.589 DQM329 360E EXIT
4925065.589 DQN336 360E ENTRY
4925565.589 DQN336 370E MAINROAD
4926065.589 DQN336 380E EXIT
4927065.589 DQO343 0E ENTRY
4927565.589 DQO343 10E MAINROAD
4928065.589 DQO343 20E EXIT
4929065.589 DQP350 20E ENTRY
4929565.589 DQP350 30E MAINROAD
4930065.589 DQP350 40E EXIT
4931065.589 DQQ357 40E ENTRY
4931565.589 DQQ357 50E MAINROAD
4932065.589 DQQ357 60E EXIT
4933065.589 DQR364 60E ENTRY
4933565.589 DQR364 70E MAINROAD
4934065.589 DQR364 80E EXIT
4935065.589 DQS371 80E ENTRY
4935565.589 DQS371 90E MAINROAD
4936065.589 DQS371 100E EXIT
4937065.589 DQT378 100E ENTRY
4937565.589 DQT378 110E MAINROAD
4938065.589 DQT378 120E EXIT
4939065.589 DQU385 120E ENTRY
4939565.589 DQU385 130E MAINROAD
4940065.589 DQU385 140E EXIT
4941065.589 DQV392 140E ENTRY
4941565.589 DQV392 150E MAINROAD
4942065.589 DQV392 160E EXIT
4943065.589 DQW399 160E ENTRY
4943565.589 DQW399 170E MAINROAD
4944065.589 DQW399 180E EXIT
4945065.589 DQX406 180E ENTRY
4945565.589 DQX406 190E MAINROAD
4946065.589 DQX406 200E EXIT
4947065.589 DQY413 200E ENTRY
4947565.589 DQY413 210E MAINROAD
4948065.589 DQY413 220E EXIT
4949065.589 DQZ420 220E ENTRY
4949565.589 DQZ420 230E MAINROAD
4950065.589 DQZ420 240E EXIT
4951065.589 DRA427 240E ENTRY
4951565.589 DRA427 250E MAINROAD
4952065.589 DRA427 260E EXIT
4953065.589 DRB434 260E ENTRY
4953565.589 DRB434 270E MAINROAD
4954065.589 DRB434 280E EXIT
4955065.589 DRC441 280E ENTRY
4955565.589 DRC441 290E MAINROAD
4956065.589 DRC441 300E EXIT
4957065.589 DRD448 300E ENTRY
4957565.589 DRD448 310E MAINROAD
4958065.589 DRD448 320E EXIT
4959065.589 DRE455 320E ENTRY
4959565.589 DRE455 330E MAINROAD
4960065.589 DRE455 340E EXIT
4961065.589 DRF462 340E ENTRY
4961565.589 DRF462 350E MAINROAD
4962065.589 DRF462 360E EXIT
4963065.589 DRG469 360E ENTRY
4963565.589 DRG469 370E MAINROAD
4964065.589 DRG469 380E EXIT
4965065.589 DRH476 0E ENTRY
4965565.589 DRH476 10E MAINROAD
4966065.589 DRH476 20E EXIT
4967065.589 DRI483 20E ENTRY
4967565.589 DRI483 30E MAINROAD
4968065.589 DRI483 40E EXIT
4969065.589 DRJ490 40E ENTRY
4969565.589 DRJ490 50E MAINROAD
4970065.589 DRJ490 60E EXIT
4971065.589 DRK497 60E ENTRY
4971565.589 DRK497 70E MAINROAD
4972065.589 DRK497 80E EXIT
4973065.589 DRL504 80E ENTRY
4973565.589 DRL504 90E MAINROAD
4974065.589 DRL504 100E EXIT
4975065.589 DRM511 100E ENTRY
4975565.589 DRM511 110E MAINROAD
4976065.589 DRM511 120E EXIT
4977065.589 DRN518 120E ENTRY
4977565.589 DRN518 130E MAINROAD
4978065.589 DRN518 140E EXIT
4979065.589 DRO525 140E ENTRY
4979565.589 DRO525 150E MAINROAD
4980065.589 DRO525 160E EXIT
4981065.589 DRP532 160E ENTRY
4981565.589 DRP532 170E MAINROAD
4982065.589 DRP532 180E EXIT
4983065.589 DRQ539 180E ENTRY
4983565.589 DRQ539 190E MAINROAD
4984065.589 DRQ539 200E EXIT
4985065.589 DRR546 200E ENTRY
4985565.589 DRR546 210E MAINROAD
4986065.589 DRR546 220E EXIT
4987065.589 DRS553 220E ENTRY
4987565.589 DRS553 230E MAINROAD
4988065.589 DRS553 240E EXIT
4989065.589 DRT560 240E ENTRY
4989565.589 DRT560 250E MAINROAD
4990065.589 DRT560 260E EXIT
4991065.589 DRU567 260E ENTRY
4991565.589 DRU567 270E MAINROAD
4992065.589 DRU567 280E EXIT
4993065.589 DRV574 280E ENTRY
4993565.589 DRV574 290E MAINROAD
4994065.589 DRV574 300E EXIT
4995065.589 DRW581 300E ENTRY
4995565.589 DRW581 310E MAINROAD
4996065.589 DRW581 320E EXIT
4997065.589 DRX588 320E ENTRY
4997565.589 DRX588 330E MAINROAD
4998065.589 DRX588 340E EXIT
4999065.589 DRY595 340E ENTRY
4999565.589 DRY595 350E MAINROAD
5000065.589 DRY595 360E EXIT
5001065.589 DRZ602 360E ENTRY
5001565.589 DRZ602 370E MAINROAD
5002065.589 DRZ602 380E EXIT
5003065.589 DSA609 0E ENTRY
5003565.589 DSA609 10E MAINROAD
5004065.589 DSA609 20E EXIT
5005065.589 DSB616 20E ENTRY
5005565.589 DSB616 30E MAINROAD
5006065.589 DSB616 40E EXIT
5007065.589 DSC623 40E ENTRY
5007565.589 DSC623 50E MAINROAD
5008065.589 DSC623 60E EXIT
5009065.589 DSD630 60E ENTRY
5009565.589 DSD630 70E MAINROAD
5010065.589 DSD630 80E EXIT
5011065.589 DSE637 80E ENTRY
5011565.589 DSE637 90E MAINROAD
5012065.589 DSE637 100E EXIT
5013065.589 DSF644 100E ENTRY
5013565.589 DSF644 110E MAINROAD
5014065.589 DSF644 120E EXIT
5015065.589 DSG651 120E ENTRY
5015565.589 DSG651 130E MAINROAD
5016065.589 DSG651 140E EXIT
5017065.589 DSH658 140E ENTRY
5017565.589 DSH658 150E MAINROAD
5018065.589 DSH658 160E EXIT
5019065.589 DSI665 160E ENTRY
5019565.589 DSI665 170E MAINROAD
5020065.589 DSI665 180E EXIT
5021065.589 DSJ672 180E ENTRY
5021565.589 DSJ672 190E MAINROAD
5022065.589 DSJ672 200E EXIT
5023065.589 DSK679 200E ENTRY
5023565.589 DSK679 210E MAINROAD
5024065.589 DSK679 220E EXIT
5025065.589 DSL686 220E ENTRY
5025565.589 DSL686 230E MAINROAD
5026065.589 DSL686 240E EXIT
5027065.589 DSM693 240E ENTRY
5027565.589 DSM693 250E MAINROAD
5028065.589 DSM693 260E EXIT
5029065.589 DSN700 260E ENTRY
5029565.589 DSN700 270E MAINROAD
5030065.589 DSN700 280E EXIT
5031065.589 DSO707 280E ENTRY
5031565.589 DSO707 290E MAINROAD
5032065.589 DSO707 300E EXIT
5033065.589 DSP714 300E ENTRY
5033565.589 DSP714 310E MAINROAD
5034065.589 DSP714 320E EXIT
5035065.589 DSQ721 320E ENTRY
5035565.589 DSQ721 330E MAINROAD
5036065.589 DSQ721 340E EXIT
5037065.589 DSR728 340E ENTRY
5037565.589 DSR728 350E MAINROAD
5038065.589 DSR728 360E EXIT
5039065.589 DSS735 360E ENTRY
5039565.589 DSS735 370E MAINROAD
5040065.589 DSS735 380E EXIT
5041065.589 DST742 0E ENTRY
5041565.589 DST742 10E MAINROAD
5042065.589 DST742 20E EXIT
5043065.589 DSU749 20E ENTRY
5043565.589 DSU749 30E MAINROAD
5044065.589 DSU749 40E EXIT
5045065.589 DSV756 40E ENTRY
5045565.589 DSV756 50E MAINROAD
5046065.589 DSV756 60E EXIT
5047065.589 DSW763 60E ENTRY
5047565.589 DSW763 70E MAINROAD
5048065.589 DSW763 80E EXIT
5049065.589 DSX770 80E ENTRY
5049565.589 DSX770 90E MAINROAD
5050065.589 DSX770 100E EXIT
5051065.589 DSY777 100E ENTRY
5051565.589 DSY777 110E MAINROAD
5052065.589 DSY777 120E EXIT
5053065.589 DSZ784 120E ENTRY
5053565.589 DSZ784 130E MAINROAD
5054065.589 DSZ784 140E EXIT
5055065.589 DTA791 140E ENTRY
5055565.589 DTA791 150E MAINROAD
5056065.589 DTA791 160E EXIT
5057065.589 DTB798 160E ENTRY
5057565.589 DTB798 170E MAINROAD
5058065.589 DTB798 180E EXIT
5059065.589 DTC805 180E ENTRY
5059565.589 DTC805 190E MAINROAD
5060065.589 DTC805 200E EXIT
5061065.589 DTD812 200E ENTRY
5061565.589 DTD812 210E MAINROAD
5062065.589 DTD812 220E EXIT
5063065.589 DTE819 220E ENTRY
5063565.589 DTE819 230E MAINROAD
5064065.589 DTE819 240E EXIT
5065065.589 DTF826 240E ENTRY
5065565.589 DTF826 250E MAINROAD
5066065.589 DTF826 260E EXIT
5067065.589 DTG833 260E ENTRY
5067565.589 DTG833 270E MAINROAD
5068065.589 DTG833 280E EXIT
5069065.589 DTH840 280E ENTRY
5069565.589 DTH840 290E MAINROAD
5070065.589 DTH840 300E EXIT
5071065.589 DTI847 300E ENTRY
5071565.589 DTI847 310E MAINROAD
5072065.589 DTI847 320E EXIT
5073065.589 DTJ854 320E ENTRY
5073565.589 DTJ854 330E MAINROAD
5074065.589 DTJ854 340E EXIT
5075065.589 DTK861 340E ENTRY
5075565.589 DTK861 350E MAINROAD
5076065.589 DTK861 360E EXIT
5077065.589 DTL868 360E ENTRY
5077565.589 DTL868 370E MAINROAD
5078065.589 DTL868 380E EXIT
5079065.589 DTM875 0E ENTRY
5079565.589 DTM875 10E MAINROAD
5080065.589 DTM875 20E EXIT
5081065.589 DTN882 20E ENTRY
5081565.589 DTN882 30E MAINROAD
5082065.589 DTN882 40E EXIT
5083065.589 DTO889 40E ENTRY
5083565.589 DTO889 50E MAINROAD
5084065.589 DTO889 60E EXIT
5085065.589 DTP896 60E ENTRY
5085565.589 DTP896 70E MAINROAD
5086065.589 DTP896 80E EXIT
5087065.589 DTQ903 80E ENTRY
5087565.589 DTQ903 90E MAINROAD
5088065.589 DTQ903 100E EXIT
5089065.589 DTR910 100E ENTRY
5089565.589 DTR910 110E MAINROAD
5090065.589 DTR910 120E EXIT
5091065.589 DTS917 120E ENTRY
5091565.589 DTS917 130E MAINROAD
5092065.589 DTS917 140E EXIT
5093065.589 DTT924 140E ENTRY
5093565.589 DTT924 150E MAINROAD
5094065.589 DTT924 160E EXIT
5095065.589 DTU931 160E ENTRY
5095565.589 DTU931 170E MAINROAD
5096065.589 DTU931 180E EXIT
5097065.589 DTV938 180E ENTRY
5097565.589 DTV938 190E MAINROAD
5098065.589 DTV938 200E EXIT
5099065.589 DTW945 200E ENTRY
5099565.589 DTW945 210E MAINROAD
5100065.589 DTW945 220E EXIT
5101065.589 DTX952 220E ENTRY
5101565.589 DTX952 230E MAINROAD
5102065.589 DTX952 240E EXIT
5103065.589 DTY959 240E ENTRY
5103565.589 DTY959 250E MAINROAD
5104065.589 DTY959 260E EXIT
5105065.589 DTZ966 260E ENTRY
5105565.589 DTZ966 270E MAINROAD
5106065.589 DTZ966 280E EXIT
5107065.589 DUA973 280E ENTRY
5107565.589 DUA973 290E MAINROAD
5108065.589 DUA973 300E EXIT
5109065.589 DUB980 300E ENTRY
5109565.589 DUB980 310E MAINROAD
5110065.589 DUB980 320E EXIT
5111065.589 DUC987 320E ENTRY
5111565.589 DUC987 330E MAINROAD
5112065.589 DUC987 340E EXIT
5113065.589 DUD994 340E ENTRY
5113565.589 DUD994 350E MAINROAD
5114065.589 DUD994 360E EXIT
5115065.589 DUE001 360E ENTRY
5115565.589 DUE001 370E MAINROAD
5116065.589 DUE001 380E EXIT
5117065.589 DUF008 0E ENTRY
5117565.589 DUF008 10E MAINROAD
5118065.589 DUF008 20E EXIT
5119065.589 DUG015 20E ENTRY
5119565.589 DUG015 30E MAINROAD
5120065.589 DUG015 40E EXIT
5121065.589 DUH022 40E ENTRY
5121565.589 DUH022 50E MAINROAD
5122065.589 DUH022 60E EXIT
5123065.589 DUI029 60E ENTRY
5123565.589 DUI029 70E MAINROAD
5124065.589 DUI029 80E EXIT
5125065.589 DUJ036 80E ENTRY
5125565.589 DUJ036 90E MAINROAD
5126065.589 DUJ036 100E EXIT
5127065.589 DUK043 100E ENTRY
5127565.589 DUK043 110E MAINROAD
5128065.589 DUK043 120E EXIT
5129065.589 DUL050 120E ENTRY
5129565.589 DUL050 130E MAINROAD
5130065.589 DUL050 140E EXIT
5131065.589 DUM057 140E ENTRY
5131565.589 DUM057 150E MAINROAD
5132065.589 DUM057 160E EXIT
5133065.589 DUN064 160E ENTRY
5133565.589 DUN064 170E MAINROAD
5134065.589 DUN064 180E EXIT
5135065.589 DUO071 180E ENTRY
5135565.589 DUO071 190E MAINROAD
5136065.589 DUO071 200E EXIT
5137065.589 DUP078 200E ENTRY
5137565.589 DUP078 210E MAINROAD
5138065.589 DUP078 220E EXIT
5139065.589 DUQ085 220E ENTRY
5139565.589 DUQ085 230E MAINROAD
5140065.589 DUQ085 240E EXIT
5141065.589 DUR092 240E ENTRY
5141565.589 DUR092 250E MAINROAD
5142065.589 DUR092 260E EXIT
5143065.589 DUS099 260E ENTRY
5143565.589 DUS099 270E MAINROAD
5144065.589 DUS099 280E EXIT
5145065.589 DUT106 280E ENTRY
5145565.589 DUT106 290E MAINROAD
5146065.589 DUT106 300E EXIT
5147065.589 DUU113 300E ENTRY
5147565.589 DUU113 310E MAINROAD
5148065.589 DUU113 320E EXIT
5149065.589 DUV120 320E ENTRY
5149565.589 DUV120 330E MAINROAD
5150065.589 DUV120 340E EXIT
5151065.589 DUW127 340E ENTRY
5151565.589 DUW127 350E MAINROAD
5152065.589 DUW127 360E EXIT
5153065.589 DUX134 360E ENTRY
5153565.589 DUX134 370E MAINROAD
5154065.589 DUX134 380E EXIT
5155065.589 DUY141 0E ENTRY
5155565.589 DUY141 10E MAINROAD
5156065.589 DUY141 20E EXIT
5157065.589 DUZ148 20E ENTRY
5157565.589 DUZ148 30E MAINROAD
5158065.589 DUZ148 40E EXIT
5159065.589 DVA155 40E ENTRY
5159565.589 DVA155 50E MAINROAD
5160065.589 DVA155 60E EXIT
5161065.589 DVB162 60E ENTRY
5161565.589 DVB162 70E MAINROAD
5162065.589 DVB162 80E EXIT
5163065.589 DVC169 80E ENTRY
5163565.589 DVC169 90E MAINROAD
5164065.589 DVC169 100E EXIT
5165065.589 DVD176 100E ENTRY
5165565.589 DVD176 110E MAINROAD
5166065.589 DVD176 120E EXIT
5167065.589 DVE183 120E ENTRY
5167565.589 DVE183 130E MAINROAD
5168065.589 DVE183 140E EXIT
5169065.589 DVF190 140E ENTRY
5169565.589 DVF190 150E MAINROAD
5170065.589 DVF190 160E EXIT
5171065.589 DVG197 160E ENTRY
5171565.589 DVG197 170E MAINROAD
5172065.589 DVG197 180E EXIT
5173065.589 DVH204 180E ENTRY
5173565.589 DVH204 190E MAINROAD
5174065.589 DVH204 200E EXIT
5175065.589 DVI211 200E ENTRY
5175565.589 DVI211 210E MAINROAD
5176065.589 DVI211 220E EXIT
5177065.589 DVJ218 220E ENTRY
5177565.589 DVJ218 230E MAINROAD
5178065.589 DVJ218 240E EXIT
5179065.589 DVK225 240E ENTRY
5179565.589 DVK225 250E MAINROAD
5180065.589 DVK225 260E EXIT
5181065.589 DVL232 260E ENTRY
5181565.589 DVL232 270E MAINROAD
5182065.589 DVL232 280E EXIT
5183065.589 DVM239 280E ENTRY
5183565.589 DVM239 290E MAINROAD
5184065.589 DVM239 300E EXIT
5185065.589 DVN246 300E ENTRY
5185565.589 DVN246 310E MAINROAD
5186065.589 DVN246 320E EXIT
5187065.589 DVO253 320E ENTRY
5187565.589 DVO253 330E MAINROAD
5188065.589 DVO253 340E EXIT
5189065.589 DVP260 340E ENTRY
5189565.589 DVP260 350E MAINROAD
5190065.589 DVP260 360E EXIT
5191065.589 DVQ267 360E ENTRY
5191565.589 DVQ267 370E MAINROAD
5192065.589 DVQ267 380E EXIT
5193065.589 DVR274 0E ENTRY
5193565.589 DVR274 10E MAINROAD
5194065.589 DVR274 20E EXIT
5195065.589 DVS281 20E ENTRY
5195565.589 DVS281 30E MAINROAD
5196065.589 DVS281 40E EXIT
5197065.589 DVT288 40E ENTRY
5197565.589 DVT288 50E MAINROAD
5198065.589 DVT288 60E EXIT
5199065.589 DVU295 60E ENTRY
5199565.589 DVU295 70E MAINROAD
5200065.589 DVU295 80E EXIT
5201065.589 DVV302 80E ENTRY
5201565.589 DVV302 90E MAINROAD
5202065.589 DVV302 100E EXIT
5203065.589 DVW309 100E ENTRY
5203565.589 DVW309 110E MAINROAD
5204065.589 DVW309 120E EXIT
5205065.589 DVX316 120E ENTRY
5205565.589 DVX316 130E MAINROAD
5206065.589 DVX316 140E EXIT
5207065.589 DVY323 140E ENTRY
5207565.589 DVY323 150E MAINROAD
5208065.589 DVY323 160E EXIT
5209065.589 DVZ330 160E ENTRY
5209565.589 DVZ330 170E MAINROAD
5210065.589 DVZ330 180E EXIT
5211065.589 DWA337 180E ENTRY
5211565.589 DWA337 190E MAINROAD
5212065.589 DWA337 200E EXIT
5213065.589 DWB344 200E ENTRY
5213565.589 DWB344 210E MAINROAD
5214065.589 DWB344 220E EXIT
5215065.589 DWC351 220E ENTRY
5215565.589 DWC351 230E MAINROAD
5216065.589 DWC351 240E EXIT
5217065.589 DWD358 240E ENTRY
5217565.589 DWD358 250E MAINROAD
5218065.589 DWD358 260E EXIT
5219065.589 DWE365 260E ENTRY
5219565.589 DWE365 270E MAINROAD
5220065.589 DWE365 280E EXIT
5221065.589 DWF372 280E ENTRY
5221565.589 DWF372 290E MAINROAD
5222065.589 DWF372 300E EXIT
5223065.589 DWG379 300E ENTRY
5223565.589 DWG379 310E MAINROAD
5224065.589 DWG379 320E EXIT
5225065.589 DWH386 320E ENTRY
5225565.589 DWH386 330E MAINROAD
5226065.589 DWH386 340E EXIT
5227065.589 DWI393 340E ENTRY
5227565.589 DWI393 350E MAINROAD
5228065.589 DWI393 360E EXIT
5229065.589 DWJ400 360E ENTRY
5229565.589 DWJ400 370E MAINROAD
5230065.589 DWJ400 380E EXIT
5231065.589 DWK407 0E ENTRY
5231565.589 DWK407 10E MAINROAD
5232065.589 DWK407 20E EXIT
5233065.589 DWL414 20E ENTRY
5233565.589 DWL414 30E MAINROAD
5234065.589 DWL414 40E EXIT
5235065.589 DWM421 40E ENTRY
5235565.589 DWM421 50E MAINROAD
5236065.589 DWM421 60E EXIT
5237065.589 DWN428 60E ENTRY
5237565.589 DWN428 70E MAINROAD
5238065.589 DWN428 80E EXIT
5239065.589 DWO435 80E ENTRY
5239565.589 DWO435 90E MAINROAD
5240065.589 DWO435 100E EXIT
5241065.589 DWP442 100E ENTRY
5241565.589 DWP442 110E MAINROAD
5242065.589 DWP442 120E EXIT
5243065.589 DWQ449 120E ENTRY
5243565.589 DWQ449 130E MAINROAD
5244065.589 DWQ449 140E EXIT
5245065.589 DWR456 140E ENTRY
5245565.589 DWR456 150E MAINROAD
5246065.589 DWR456 160E EXIT
5247065.589 DWS463 160E ENTRY
5247565.589 DWS463 170E MAINROAD
5248065.589 DWS463 180E EXIT
5249065.589 DWT470 180E ENTRY
5249565.589 DWT470 190E MAINROAD
5250065.589 DWT470 200E EXIT
5251065.589 DWU477 200E ENTRY
5251565.589 DWU477 210E MAINROAD
5252065.589 DWU477 220E EXIT
5253065.589 DWV484 220E ENTRY
5253565.589 DWV484 230E MAINROAD
5254065.589 DWV484 240E EXIT
5255065.589 DWW491 240E ENTRY
5255565.589 DWW491 250E MAINROAD
5256065.589 DWW491 260E EXIT
5257065.589 DWX498 260E ENTRY
5257565.589 DWX498 270E MAINROAD
5258065.589 DWX498 280E EXIT
5259065.589 DWY505 280E ENTRY
5259565.589 DWY505 290E MAINROAD
5260065.589 DWY505 300E EXIT
5261065.589 DWZ512 300E ENTRY
5261565.589 DWZ512 310E MAINROAD
5262065.589 DWZ512 320E EXIT
5263065.589 DXA519 320E ENTRY
5263565.589 DXA519 330E MAINROAD
5264065.589 DXA519 340E EXIT
5265065.589 DXB526 340E ENTRY
5265565.589 DXB526 350E MAINROAD
5266065.589 DXB526 360E EXIT
5267065.589 DXC533 360E ENTRY
5267565.589 DXC533 370E MAINROAD
5268065.589 DXC533 380E EXIT
5269065.589 DXD540 0E ENTRY
5269565.589 DXD540 10E MAINROAD
5270065.589 DXD540 20E EXIT
5271065.589 DXE547 20E ENTRY
5271565.589 DXE547 30E MAINROAD
5272065.589 DXE547 40E EXIT
5273065.589 DXF554 40E ENTRY
5273565.589 DXF554 50E MAINROAD
5274065.589 DXF554 60E EXIT
5275065.589 DXG561 60E ENTRY
5275565.589 DXG561 70E MAINROAD
5276065.589 DXG561 80E EXIT
5277065.589 DXH568 80E ENTRY
5277565.589 DXH568 90E MAINROAD
5278065.589 DXH568 100E EXIT
5279065.589 DXI575 100E ENTRY
5279565.589 DXI575 110E MAINROAD
5280065.589 DXI575 120E EXIT
5281065.589 DXJ582 120E ENTRY
5281565.589 DXJ582 130E MAINROAD
5282065.589 DXJ582 140E EXIT
5283065.589 DXK589 140E ENTRY
5283565.589 DXK589 150E MAINROAD
5284065.589 DXK589 160E EXIT
5285065.589 DXL596 160E ENTRY
5285565.589 DXL596 170E MAINROAD
5286065.589 DXL596 180E EXIT
5287065.589 DXM603 180E ENTRY
5287565.589 DXM603 190E MAINROAD
5288065.589 DXM603 200E EXIT
5289065.589 DXN610 200E ENTRY
5289565.589 DXN610 210E MAINROAD
5290065.589 DXN610 220E EXIT
5291065.589 DXO617 220E ENTRY
5291565.589 DXO617 230E MAINROAD
5292065.589 DXO617 240E EXIT
5293065.589 DXP624 240E ENTRY
5293565.589 DXP624 250E MAINROAD
5294065.589 DXP624 260E EXIT
5295065.589 DXQ631 260E ENTRY
5295565.589 DXQ631 270E MAINROAD
5296065.589 DXQ631 280E EXIT
5297065.589 DXR638 280E ENTRY
5297565.589 DXR638 290E MAINROAD
5298065.589 DXR638 300E EXIT
5299065.589 DXS645 300E ENTRY
5299565.589 DXS645 310E MAINROAD
5300065.589 DXS645 320E EXIT
5301065.589 DXT652 320E ENTRY
5301565.589 DXT652 330E MAINROAD
5302065.589 DXT652 340E EXIT
5303065.589 DXU659 340E ENTRY
5303565.589 DXU659 350E MAINROAD
5304065.589 DXU659 360E EXIT
5305065.589 DXV666 360E ENTRY
5305565.589 DXV666 370E MAINROAD
5306065.589 DXV666 380E EXIT
5307065.589 DXW673 0E ENTRY
5307565.589 DXW673 10E MAINROAD
5308065.589 DXW673 20E EXIT
5309065.589 DXX680 20E ENTRY
5309565.589 DXX680 30E MAINROAD
5310065.589 DXX680 40E EXIT
5311065.589 DXY687 40E ENTRY
5311565.589 DXY687 50E MAINROAD
5312065.589 DXY687 60E EXIT
5313065.589 DXZ694 60E ENTRY
5313565.589 DXZ694 70E MAINROAD
5314065.589 DXZ694 80E EXIT
5315065.589 DYA701 80E ENTRY
5315565.589 DYA701 90E MAINROAD
5316065.589 DYA701 100E EXIT
5317065.589 DYB708 100E ENTRY
5317565.589 DYB708 110E MAINROAD
5318065.589 DYB708 120E EXIT
5319065.589 DYC715 120E ENTRY
5319565.589 DYC715 130E MAINROAD
5320065.589 DYC715 140E EXIT
5321065.589 DYD722 140E ENTRY
5321565.589 DYD722 150E MAINROAD
5322065.589 DYD722 160E EXIT
5323065.589 DYE729 160E ENTRY
5323565.589 DYE729 170E MAINROAD
5324065.589 DYE729 180E EXIT
5325065.589 DYF736 180E ENTRY
5325565.589 DYF736 190E MAINROAD
5326065.589 DYF736 200E EXIT
5327065.589 DYG743 200E ENTRY
5327565.589 DYG743 210E MAINROAD
5328065.589 DYG743 220E EXIT
5329065.589 DYH750 220E ENTRY
5329565.589 DYH750 230E MAINROAD
5330065.589 DYH750 240E EXIT
5331065.589 DYI757 240E ENTRY
5331565.589 DYI757 250E MAINROAD
5332065.589 DYI757 260E EXIT
5333065.589 DYJ764 260E ENTRY
5333565.589 DYJ764 270E MAINROAD
5334065.589 DYJ764 280E EXIT
5335065.589 DYK771 280E ENTRY
5335565.589 DYK771 290E MAINROAD
5336065.589 DYK771 300E EXIT
5337065.589 DYL778 300E ENTRY
5337565.589 DYL778 310E MAINROAD
5338065.589 DYL778 320E EXIT
5339065.589 DYM785 320E ENTRY
5339565.589 DYM785 330E MAINROAD
5340065.589 DYM785 340E EXIT
5341065.589 DYN792 340E ENTRY
5341565.589 DYN792 350E MAINROAD
5342065.589 DYN792 360E EXIT
5343065.589 DYO799 360E ENTRY
5343565.589 DYO799 370E MAINROAD
5344065.589 DYO799 380E EXIT
5345065.589 DYP806 0E ENTRY
5345565.589 DYP806 10E MAINROAD
5346065.589 DYP806 20E EXIT
5347065.589 DYQ813 20E ENTRY
5347565.589 DYQ813 30E MAINROAD
5348065.589 DYQ813 40E EXIT
5349065.589 DYR820 40E ENTRY
5349565.589 DYR820 50E MAINROAD
5350065.589 DYR820 60E EXIT
5351065.589 DYS827 60E ENTRY
5351565.589 DYS827 70E MAINROAD
5352065.589 DYS827 80E EXIT
5353065.589 DYT834 80E ENTRY
5353565.589 DYT834 90E MAINROAD
5354065.589 DYT834 100E EXIT
5355065.589 DYU841 100E ENTRY
5355565.589 DYU841 110E MAINROAD
5356065.589 DYU841 120E EXIT
5357065.589 DYV848 120E ENTRY
5357565.589 DYV848 130E MAINROAD
5358065.589 DYV848 140E EXIT
5359065.589 DYW855 140E ENTRY
5359565.589 DYW855 150E MAINROAD
5360065.589 DYW855 160E EXIT
5361065.589 DYX862 160E ENTRY
5361565.589 DYX862 170E MAINROAD
5362065.589 DYX862 180E EXIT
5363065.589 DYY869 180E ENTRY
5363565.589 DYY869 190E MAINROAD
5364065.589 DYY869 200E EXIT
5365065.589 DYZ876 200E ENTRY
5365565.589 DYZ876 210E MAINROAD
5366065.589 DYZ876 220E EXIT
5367065.589 DZA883 220E ENTRY
5367565.589 DZA883 230E MAINROAD
5368065.589 DZA883 240E EXIT
5369065.589 DZB890 240E ENTRY
5369565.589 DZB890 250E MAINROAD
5370065.589 DZB890 260E EXIT
5371065.589 DZC897 260E ENTRY
5371565.589 DZC897 270E MAINROAD
5372065.589 DZC897 280E EXIT
5373065.589 DZD904 280E ENTRY
5373565.589 DZD904 290E MAINROAD
5374065.589 DZD904 300E EXIT
5375065.589 DZE911 300E ENTRY
5375565.589 DZE911 310E MAINROAD
5376065.589 DZE911 320E EXIT
5377065.589 DZF918 320E ENTRY
5377565.589 DZF918 330E MAINROAD
5378065.589 DZF918 340E EXIT
5379065.589 DZG925 340E ENTRY
5379565.589 DZG925 350E MAINROAD
5380065.589 DZG925 360E EXIT
5381065.589 DZH932 360E ENTRY
5381565.589 DZH932 370E MAINROAD
5382065.589 DZH932 380E EXIT
5383065.589 DZI939 0E ENTRY
5383565.589 DZI939 10E MAINROAD
5384065.589 DZI939 20E EXIT
5385065.589 DZJ946 20E ENTRY
5385565.589 DZJ946 30E MAINROAD
5386065.589 DZJ946 40E EXIT
5387065.589 DZK953 40E ENTRY
5387565.589 DZK953 50E MAINROAD
5388065.589 DZK953 60E EXIT
5389065.589 DZL960 60E ENTRY
5389565.589 DZL960 70E MAINROAD
5390065.589 DZL960 80E EXIT
5391065.589 DZM967 80E ENTRY
5391565.589 DZM967 90E MAINROAD
5392065.589 DZM967 100E EXIT
5393065.589 DZN974 100E ENTRY
5393565.589 DZN974 110E MAINROAD
5394065.589 DZN974 120E EXIT
5395065.589 DZO981 120E ENTRY
5395565.589 DZO981 130E MAINROAD
5396065.589 DZO981 140E EXIT
5397065.589 DZP988 140E ENTRY
5397565.589 DZP988 150E MAINROAD
5398065.589 DZP988 160E EXIT
5399065.589 DZQ995 160E ENTRY
5399565.589 DZQ995 170E MAINROAD
5400065.589 DZQ995 180E EXIT
5401065.589 DZR002 180E ENTRY
5401565.589 DZR002 190E MAINROAD
5402065.589 DZR002 200E EXIT
5403065.589 DZS009 200E ENTRY
5403565.589 DZS009 210E MAINROAD
5404065.589 DZS009 220E EXIT
5405065.589 DZT016 220E ENTRY
5405565.589 DZT016 230E MAINROAD
5406065.589 DZT016 240E EXIT
5407065.589 DZU023 240E ENTRY
5407565.589 DZU023 250E MAINROAD
5408065.589 DZU023 260E EXIT
5409065.589 DZV030 260E ENTRY
5409565.589 DZV030 270E MAINROAD
5410065.589 DZV030 280E EXIT
5411065.589 DZW037 280E ENTRY
5411565.589 DZW037 290E MAINROAD
5412065.589 DZW037 300E EXIT
5413065.589 DZX044 300E ENTRY
5413565.589 DZX044 310E MAINROAD
5414065.589 DZX044 320E EXIT
5415065.589 DZY051 320E ENTRY
5415565.589 DZY051 330E MAINROAD
5416065.589 DZY051 340E EXIT
5417065.589 DZZ058 340E ENTRY
5417565.589 DZZ058 350E MAINROAD
5418065.589 DZZ058 360E EXIT
5419065.589 EAA065 360E ENTRY
5419565.589 EAA065 370E MAINROAD
5420065.589 EAA065 380E EXIT
5421065.589 EAB072 0E ENTRY
5421565.589 EAB072 10E MAINROAD
5422065.589 EAB072 20E EXIT
5423065.589 EAC079 20E ENTRY
5423565.589 EAC079 30E MAINROAD
5424065.589 EAC079 40E EXIT
5425065.589 EAD086 40E ENTRY
5425565.589 EAD086 50E MAINROAD
5426065.589 EAD086 60E EXIT
5427065.589 EAE093 60E ENTRY
5427565.589 EAE093 70E MAINROAD
5428065.589 EAE093 80E EXIT
5429065.589 EAF100 80E ENTRY
5429565.589 EAF100 90E MAINROAD
5430065.589 EAF100 100E EXIT
5431065.589 EAG107 100E ENTRY
5431565.589 EAG107 110E MAINROAD
5432065.589 EAG107 120E EXIT
5433065.589 EAH114 120E ENTRY
5433565.589 EAH114 130E MAINROAD
5434065.589 EAH114 140E EXIT
5435065.589 EAI121 140E ENTRY
5435565.589 EAI121 150E MAINROAD
5436065.589 EAI121 160E EXIT
5437065.589 EAJ128 160E ENTRY
5437565.589 EAJ128 170E MAINROAD
5438065.589 EAJ128 180E EXIT
5439065.589 EAK135 180E ENTRY
5439565.589 EAK135 190E MAINROAD
5440065.589 EAK135 200E EXIT
5441065.589 EAL142 200E ENTRY
5441565.589 EAL142 210E MAINROAD
5442065.589 EAL142 220E EXIT
5443065.589 EAM149 220E ENTRY
5443565.589 EAM149 230E MAINROAD
5444065.589 EAM149 240E EXIT
5445065.589 EAN156 240E ENTRY
5445565.589 EAN156 250E MAINROAD
5446065.589 EAN156 260E EXIT
5447065.589 EAO163 260E ENTRY
5447565.589 EAO163 270E MAINROAD
5448065.589 EAO163 280E EXIT
5449065.589 EAP170 280E ENTRY
5449565.589 EAP170 290E MAINROAD
5450065.589 EAP170 300E EXIT
5451065.589 EAQ177 300E ENTRY
5451565.589 EAQ177 310E MAINROAD
5452065.589 EAQ177 320E EXIT
5453065.589 EAR184 320E ENTRY
5453565.589 EAR184 330E MAINROAD
5454065.589 EAR184 340E EXIT
5455065.589 EAS191 340E ENTRY
5455565.589 EAS191 350E MAINROAD
5456065.589 EAS191 360E EXIT
5457065.589 EAT198 360E ENTRY
5457565.589 EAT198 370E MAINROAD
5458065.589 EAT198 380E EXIT
5459065.589 EAU205 0E ENTRY
5459565.589 EAU205 10E MAINROAD
5460065.589 EAU205 20E EXIT
5461065.589 EAV212 20E ENTRY
5461565.589 EAV212 30E MAINROAD
5462065.589 EAV212 40E EXIT
5463065.589 EAW219 40E ENTRY
5463565.589 EAW219 50E MAINROAD
5464065.589 EAW219 60E EXIT
5465065.589 EAX226 60E ENTRY
5465565.589 EAX226 70E MAINROAD
5466065.589 EAX226 80E EXIT
5467065.589 EAY233 80E ENTRY
5467565.589 EAY233 90E MAINROAD
5468065.589 EAY233 100E EXIT
5469065.589 EAZ240 100E ENTRY
5469565.589 EAZ240 110E MAINROAD
5470065.589 EAZ240 120E EXIT
5471065.589 EBA247 120E ENTRY
5471565.589 EBA247 130E MAINROAD
5472065.589 EBA247 140E EXIT
5473065.589 EBB254 140E ENTRY
5473565.589 EBB254 150E MAINROAD
5474065.589 EBB254 160E EXIT
5475065.589 EBC261 160E ENTRY
5475565.589 EBC261 170E MAINROAD
5476065.589 EBC261 180E EXIT
5477065.589 EBD268 180E ENTRY
5477565.589 EBD268 190E MAINROAD
5478065.589 EBD268 200E EXIT
5479065.589 EBE275 200E ENTRY
5479565.589 EBE275 210E MAINROAD
5480065.589 EBE275 220E EXIT
5481065.589 EBF282 220E ENTRY
5481565.589 EBF282 230E MAINROAD
5482065.589 EBF282 240E EXIT
5483065.589 EBG289 240E ENTRY
5483565.589 EBG289 250E MAINROAD
5484065.589 EBG289 260E EXIT
5485065.589 EBH296 260E ENTRY
5485565.589 EBH296 270E MAINROAD
5486065.589 EBH296 280E EXIT
5487065.589 EBI303 280E ENTRY
5487565.589 EBI303 290E MAINROAD
5488065.589 EBI303 300E EXIT
5489065.589 EBJ310 300E ENTRY
5489565.589 EBJ310 310E MAINROAD
5490065.589 EBJ310 320E EXIT
5491065.589 EBK317 320E ENTRY
5491565.589 EBK317 330E MAINROAD
5492065.589 EBK317 340E EXIT
5493065.589 EBL324 340E ENTRY
5493565.589 EBL324 350E MAINROAD
5494065.589 EBL324 360E EXIT
5495065.589 EBM331 360E ENTRY
5495565.589 EBM331 370E MAINROAD
5496065.589 EBM331 380E EXIT
5497065.589 EBN338 0E ENTRY
5497565.589 EBN338 10E MAINROAD
5498065.589 EBN338 20E EXIT
5499065.589 EBO345 20E ENTRY
5499565.589 EBO345 30E MAINROAD
5500065.589 EBO345 40E EXIT
5501065.589 EBP352 40E ENTRY
5501565.589 EBP352 50E MAINROAD
5502065.589 EBP352 60E EXIT
5503065.589 EBQ359 60E ENTRY
5503565.589 EBQ359 70E MAINROAD
5504065.589 EBQ359 80E EXIT
5505065.589 EBR366 80E ENTRY
5505565.589 EBR366 90E MAINROAD
5506065.589 EBR366 100E EXIT
5507065.589 EBS373 100E ENTRY
5507565.589 EBS373 110E MAINROAD
5508065.589 EBS373 120E EXIT
5509065.589 EBT380 120E ENTRY
5509565.589 EBT380 130E MAINROAD
5510065.589 EBT380 140E EXIT
5511065.589 EBU387 140E ENTRY
5511565.589 EBU387 150E MAINROAD
5512065.589 EBU387 160E EXIT
5513065.589 EBV394 160E ENTRY
5513565.589 EBV394 170E MAINROAD
5514065.589 EBV394 180E EXIT
5515065.589 EBW401 180E ENTRY
5515565.589 EBW401 190E MAINROAD
5516065.589 EBW401 200E EXIT
5517065.589 EBX408 200E ENTRY
5517565.589 EBX408 210E MAINROAD
5518065.589 EBX408 220E EXIT
5519065.589 EBY415 220E ENTRY
5519565.589 EBY415 230E MAINROAD
5520065.589 EBY415 240E EXIT
5521065.589 EBZ422 240E ENTRY
5521565.589 EBZ422 250E MAINROAD
5522065.589 EBZ422 260E EXIT
5523065.589 ECA429 260E ENTRY
5523565.589 ECA429 270E MAINROAD
5524065.589 ECA429 280E EXIT
5525065.589 ECB436 280E ENTRY
5525565.589 ECB436 290E MAINROAD
5526065.589 ECB436 300E EXIT
5527065.589 ECC443 300E ENTRY
5527565.589 ECC443 310E MAINROAD
5528065.589 ECC443 320E EXIT
5529065.589 ECD450 320E ENTRY
5529565.589 ECD450 330E MAINROAD
5530065.589 ECD450 340E EXIT
5531065.589 ECE457 340E ENTRY
5531565.589 ECE457 350E MAINROAD
5532065.589 ECE457 360E EXIT
5533065.589 ECF464 360E ENTRY
5533565.589 ECF464 370E MAINROAD
5534065.589 ECF464 380E EXIT
5535065.589 ECG471 0E ENTRY
5535565.589 ECG471 10E MAINROAD
5536065.589 ECG471 20E EXIT
5537065.589 ECH478 20E ENTRY
5537565.589 ECH478 30E MAINROAD
5538065.589 ECH478 40E EXIT
5539065.589 ECI485 40E ENTRY
5539565.589 ECI485 50E MAINROAD
5540065.589 ECI485 60E EXIT
5541065.589 ECJ492 60E ENTRY
5541565.589 ECJ492 70E MAINROAD
5542065.589 ECJ492 80E EXIT
5543065.589 ECK499 80E ENTRY
5543565.589 ECK499 90E MAINROAD
5544065.589 ECK499 100E EXIT
5545065.589 ECL506 100E ENTRY
5545565.589 ECL506 110E MAINROAD
5546065.589 ECL506 120E EXIT
5547065.589 ECM513 120E ENTRY
5547565.589 ECM513 130E MAINROAD
5548065.589 ECM513 140E EXIT
5549065.589 ECN520 140E ENTRY
5549565.589 ECN520 150E MAINROAD
5550065.589 ECN520 160E EXIT
5551065.589 ECO527 160E ENTRY
5551565.589 ECO527 170E MAINROAD
5552065.589 ECO527 180E EXIT
5553065.589 ECP534 180E ENTRY
5553565.589 ECP534 190E MAINROAD
5554065.589 ECP534 200E EXIT
5555065.589 ECQ541 200E ENTRY
5555565.589 ECQ541 210E MAINROAD
5556065.589 ECQ541 220E EXIT
5557065.589 ECR548 220E ENTRY
5557565.589 ECR548 230E MAINROAD
5558065.589 ECR548 240E EXIT
5559065.589 ECS555 240E ENTRY
5559565.589 ECS555 250E MAINROAD
5560065.589 ECS555 260E EXIT
5561065.589 ECT562 260E ENTRY
5561565.589 ECT562 270E MAINROAD
5562065.589 ECT562 280E EXIT
5563065.589 ECU569 280E ENTRY
5563565.589 ECU569 290E MAINROAD
5564065.589 ECU569 300E EXIT
5565065.589 ECV576 300E ENTRY
5565565.589 ECV576 310E MAINROAD
5566065.589 ECV576 320E EXIT
5567065.589 ECW583 320E ENTRY
5567565.589 ECW583 330E MAINROAD
5568065.589 ECW583 340E EXIT
5569065.589 ECX590 340E ENTRY
5569565.589 ECX590 350E MAINROAD
5570065.589 ECX590 360E EXIT
5571065.589 ECY597 360E ENTRY
5571565.589 ECY597 370E MAINROAD
5572065.589 ECY597 380E EXIT
5573065.589 ECZ604 0E ENTRY
5573565.589 ECZ604 10E MAINROAD
5574065.589 ECZ604 20E EXIT
5575065.589 EDA611 20E ENTRY
5575565.589 EDA611 30E MAINROAD
5576065.589 EDA611 40E EXIT
5577065.589 EDB618 40E ENTRY
5577565.589 EDB618 50E MAINROAD
5578065.589 EDB618 60E EXIT
5579065.589 EDC625 60E ENTRY
5579565.589 EDC625 70E MAINROAD
5580065.589 EDC625 80E EXIT
5581065.589 EDD632 80E ENTRY
5581565.589 EDD632 90E MAINROAD
5582065.589 EDD632 100E EXIT
5583065.589 EDE639 100E ENTRY
5583565.589 EDE639 110E MAINROAD
5584065.589 EDE639 120E EXIT
5585065.589 EDF646 120E ENTRY
5585565.589 EDF646 130E MAINROAD
5586065.589 EDF646 140E EXIT
5587065.589 EDG653 140E ENTRY
5587565.589 EDG653 150E MAINROAD
5588065.589 EDG653 160E EXIT
5589065.589 EDH660 160E ENTRY
5589565.589 EDH660 170E MAINROAD
5590065.589 EDH660 180E EXIT
5591065.589 EDI667 180E ENTRY
5591565.589 EDI667 190E MAINROAD
5592065.589 EDI667 200E EXIT
5593065.589 EDJ674 200E ENTRY
5593565.589 EDJ674 210E MAINROAD
5594065.589 EDJ674 220E EXIT
5595065.589 EDK681 220E ENTRY
5595565.589 EDK681 230E MAINROAD
5596065.589 EDK681 240E EXIT
5597065.589 EDL688 240E ENTRY
5597565.589 EDL688 250E MAINROAD
5598065.589 EDL688 260E EXIT
5599065.589 EDM695 260E ENTRY
5599565.589 EDM695 270E MAINROAD
5600065.589 EDM695 280E EXIT
5601065.589 EDN702 280E ENTRY
5601565.589 EDN702 290E MAINROAD
5602065.589 EDN702 300E EXIT
5603065.589 EDO709 300E ENTRY
5603565.589 EDO709 310E MAINROAD
5604065.589 EDO709 320E EXIT
5605065.589 EDP716 320E ENTRY
5605565.589 EDP716 330E MAINROAD
5606065.589 EDP716 340E EXIT
5607065.589 EDQ723 340E ENTRY
5607565.589 EDQ723 350E MAINROAD
5608065.589 EDQ723 360E EXIT
5609065.589 EDR730 360E ENTRY
5609565.589 EDR730 370E MAINROAD
5610065.589 EDR730 380E EXIT
5611065.589 EDS737 0E ENTRY
5611565.589 EDS737 10E MAINROAD
5612065.589 EDS737 20E EXIT
5613065.589 EDT744 20E ENTRY
5613565.589 EDT744 30E MAINROAD
5614065.589 EDT744 40E EXIT
5615065.589 EDU751 40E ENTRY
5615565.589 EDU751 50E MAINROAD
5616065.589 EDU751 60E EXIT
5617065.589 EDV758 60E ENTRY
5617565.589 EDV758 70E MAINROAD
5618065.589 EDV758 80E EXIT
5619065.589 EDW765 80E ENTRY
5619565.589 EDW765 90E MAINROAD
5620065.589 EDW765 100E EXIT
5621065.589 EDX772 100E ENTRY
5621565.589 EDX772 110E MAINROAD
5622065.589 EDX772 120E EXIT
5623065.589 EDY779 120E ENTRY
5623565.589 EDY779 130E MAINROAD
5624065.589 EDY779 140E EXIT
5625065.589 EDZ786 140E ENTRY
5625565.589 EDZ786 150E MAINROAD
5626065.589 EDZ786 160E EXIT
5627065.589 EEA793 160E ENTRY
5627565.589 EEA793 170E MAINROAD
5628065.589 EEA793 180E EXIT
5629065.589 EEB800 180E ENTRY
5629565.589 EEB800 190E MAINROAD
5630065.589 EEB800 200E EXIT
5631065.589 EEC807 200E ENTRY
5631565.589 EEC807 210E MAINROAD
5632065.589 EEC807 220E EXIT
5633065.589 EED814 220E ENTRY
5633565.589 EED814 230E MAINROAD
5634065.589 EED814 240E EXIT
5635065.589 EEE821 240E ENTRY
5635565.589 EEE821 250E MAINROAD
5636065.589 EEE821 260E EXIT
5637065.589 EEF828 260E ENTRY
5637565.589 EEF828 270E MAINROAD
5638065.589 EEF828 280E EXIT
5639065.589 EEG835 280E ENTRY
5639565.589 EEG835 290E MAINROAD
5640065.589 EEG835 300E EXIT
5641065.589 EEH842 300E ENTRY
5641565.589 EEH842 310E MAINROAD
5642065.589 EEH842 320E EXIT
5643065.589 EEI849 320E ENTRY
5643565.589 EEI849 330E MAINROAD
5644065.589 EEI849 340E EXIT
5645065.589 EEJ856 340E ENTRY
5645565.589 EEJ856 350E MAINROAD
5646065.589 EEJ856 360E EXIT
5647065.589 EEK863 360E ENTRY
5647565.589 EEK863 370E MAINROAD
5648065.589 EEK863 380E EXIT
5649065.589 EEL870 0E ENTRY
5649565.589 EEL870 10E MAINROAD
5650065.589 EEL870 20E EXIT
5651065.589 EEM877 20E ENTRY
5651565.589 EEM877 30E MAINROAD
5652065.589 EEM877 40E EXIT
5653065.589 EEN884 40E ENTRY
5653565.589 EEN884 50E MAINROAD
5654065.589 EEN884 60E EXIT
5655065.589 EEO891 60E ENTRY
5655565.589 EEO891 70E MAINROAD
5656065.589 EEO891 80E EXIT
5657065.589 EEP898 80E ENTRY
5657565.589 EEP898 90E MAINROAD
5658065.589 EEP898 100E EXIT
5659065.589 EEQ905 100E ENTRY
5659565.589 EEQ905 110E MAINROAD
5660065.589 EEQ905 120E EXIT
5661065.589 EER912 120E ENTRY
5661565.589 EER912 130E MAINROAD
5662065.589 EER912 140E EXIT
5663065.589 EES919 140E ENTRY
5663565.589 EES919 150E MAINROAD
5664065.589 EES919 160E EXIT
5665065.589 EET926 160E ENTRY
5665565.589 EET926 170E MAINROAD
5666065.589 EET926 180E EXIT
5667065.589 EEU933 180E ENTRY
5667565.589 EEU933 190E MAINROAD
5668065.589 EEU933 200E EXIT
5669065.589 EEV940 200E ENTRY
5669565.589 EEV940 210E MAINROAD
5670065.589 EEV940 220E EXIT
5671065.589 EEW947 220E ENTRY
5671565.589 EEW947 230E MAINROAD
5672065.589 EEW947 240E EXIT
5673065.589 EEX954 240E ENTRY
5673565.589 EEX954 250E MAINROAD
5674065.589 EEX954 260E EXIT
5675065.589 EEY961 260E ENTRY
5675565.589 EEY961 270E MAINROAD
5676065.589 EEY961 280E EXIT
5677065.589 EEZ968 280E ENTRY
5677565.589 EEZ968 290E MAINROAD
5678065.589 EEZ968 300E EXIT
5679065.589 EFA975 300E ENTRY
5679565.589 EFA975 310E MAINROAD
5680065.589 EFA975 320E EXIT
5681065.589 EFB982 320E ENTRY
5681565.589 EFB982 330E MAINROAD
5682065.589 EFB982 340E EXIT
5683065.589 EFC989 340E ENTRY
5683565.589 EFC989 350E MAINROAD
5684065.589 EFC989 360E EXIT
5685065.589 EFD996 360E ENTRY
5685565.589 EFD996 370E MAINROAD
5686065.589 EFD996 380E EXIT
5687065.589 EFE003 0E ENTRY
5687565.589 EFE003 10E MAINROAD
5688065.589 EFE003 20E EXIT
5689065.589 EFF010 20E ENTRY
5689565.589 EFF010 30E MAINROAD
5690065.589 EFF010 40E EXIT
5691065.589 EFG017 40E ENTRY
5691565.589 EFG017 50E MAINROAD
5692065.589 EFG017 60E EXIT
5693065.589 EFH024 60E ENTRY
5693565.589 EFH024 70E MAINROAD
5694065.589 EFH024 80E EXIT
5695065.589 EFI031 80E ENTRY
5695565.589 EFI031 90E MAINROAD
5696065.589 EFI031 100E EXIT
5697065.589 EFJ038 100E ENTRY
5697565.589 EFJ038 110E MAINROAD
5698065.589 EFJ038 120E EXIT
5699065.589 EFK045 120E ENTRY
5699565.589 EFK045 130E MAINROAD
5700065.589 EFK045 140E EXIT
5701065.589 EFL052 140E ENTRY
5701565.589 EFL052 150E MAINROAD
5702065.589 EFL052 160E EXIT
5703065.589 EFM059 160E ENTRY
5703565.589 EFM059 170E MAINROAD
5704065.589 EFM059 180E EXIT
5705065.589 EFN066 180E ENTRY
5705565.589 EFN066 190E MAINROAD
5706065.589 EFN066 200E EXIT
5707065.589 EFO073 200E ENTRY
5707565.589 EFO073 210E MAINROAD
5708065.589 EFO073 220E EXIT
5709065.589 EFP080 220E ENTRY
5709565.589 EFP080 230E MAINROAD
5710065.589 EFP080 240E EXIT
5711065.589 EFQ087 240E ENTRY
5711565.589 EFQ087 250E MAINROAD
5712065.589 EFQ087 260E EXIT
5713065.589 EFR094 260E ENTRY
5713565.589 EFR094 270E MAINROAD
5714065.589 EFR094 280E EXIT
5715065.589 EFS101 280E ENTRY
5715565.589 EFS101 290E MAINROAD
5716065.589 EFS101 300E EXIT
5717065.589 EFT108 300E ENTRY
5717565.589 EFT108 310E MAINROAD
5718065.589 EFT108 320E EXIT
5719065.589 EFU115 320E ENTRY
5719565.589 EFU115 330E MAINROAD
5720065.589 EFU115 340E EXIT
5721065.589 EFV122 340E ENTRY
5721565.589 EFV122 350E MAINROAD
5722065.589 EFV122 360E EXIT
5723065.589 EFW129 360E ENTRY
5723565.589 EFW129 370E MAINROAD
5724065.589 EFW129 380E EXIT
5725065.589 EFX136 0E ENTRY
5725565.589 EFX136 10E MAINROAD
5726065.589 EFX136 20E EXIT
5727065.589 EFY143 20E ENTRY
5727565.589 EFY143 30E MAINROAD
5728065.589 EFY143 40E EXIT
5729065.589 EFZ150 40E ENTRY
5729565.589 EFZ150 50E MAINROAD
5730065.589 EFZ150 60E EXIT
5731065.589 EGA157 60E ENTRY
5731565.589 EGA157 70E MAINROAD
5732065.589 EGA157 80E EXIT
5733065.589 EGB164 80E ENTRY
5733565.589 EGB164 90E MAINROAD
5734065.589 EGB164 100E EXIT
5735065.589 EGC171 100E ENTRY
5735565.589 EGC171 110E MAINROAD
5736065.589 EGC171 120E EXIT
5737065.589 EGD178 120E ENTRY
5737565.589 EGD178 130E MAINROAD
5738065.589 EGD178 140E EXIT
5739065.589 EGE185 140E ENTRY
5739565.589 EGE185 150E MAINROAD
5740065.589 EGE185 160E EXIT
5741065.589 EGF192 160E ENTRY
5741565.589 EGF192 170E MAINROAD
5742065.589 EGF192 180E EXIT
5743065.589 EGG199 180E ENTRY
5743565.589 EGG199 190E MAINROAD
5744065.589 EGG199 200E EXIT
5745065.589 EGH206 200E ENTRY
5745565.589 EGH206 210E MAINROAD
5746065.589 EGH206 220E EXIT
5747065.589 EGI213 220E ENTRY
5747565.589 EGI213 230E MAINROAD
5748065.589 EGI213 240E EXIT
5749065.589 EGJ220 240E ENTRY
5749565.589 EGJ220 250E MAINROAD
5750065.589 EGJ220 260E EXIT
5751065.589 EGK227 260E ENTRY
5751565.589 EGK227 270E MAINROAD
5752065.589 EGK227 280E EXIT
5753065.589 EGL234 280E ENTRY
5753565.589 EGL234 290E MAINROAD
5754065.589 EGL234 300E EXIT
5755065.589 EGM241 300E ENTRY
5755565.589 EGM241 310E MAINROAD
5756065.589 EGM241 320E EXIT
5757065.589 EGN248 320E ENTRY
5757565.589 EGN248 330E MAINROAD
5758065.589 EGN248 340E EXIT
5759065.589 EGO255 340E ENTRY
5759565.589 EGO255 350E MAINROAD
5760065.589 EGO255 360E EXIT
5761065.589 EGP262 360E ENTRY
5761565.589 EGP262 370E MAINROAD
5762065.589 EGP262 380E EXIT
5763065.589 EGQ269 0E ENTRY
5763565.589 EGQ269 10E MAINROAD
5764065.589 EGQ269 20E EXIT
5765065.589 EGR276 20E ENTRY
5765565.589 EGR276 30E MAINROAD
5766065.589 EGR276 40E EXIT
5767065.589 EGS283 40E ENTRY
5767565.589 EGS283 50E MAINROAD
5768065.589 EGS283 60E EXIT
5769065.589 EGT290 60E ENTRY
5769565.589 EGT290 70E MAINROAD
5770065.589 EGT290 80E EXIT
5771065.589 EGU297 80E ENTRY
5771565.589 EGU297 90E MAINROAD
5772065.589 EGU297 100E EXIT
5773065.589 EGV304 100E ENTRY
5773565.589 EGV304 110E MAINROAD
5774065.589 EGV304 120E EXIT
5775065.589 EGW311 120E ENTRY
5775565.589 EGW311 130E MAINROAD
5776065.589 EGW311 140E EXIT
5777065.589 EGX318 140E ENTRY
5777565.589 EGX318 150E MAINROAD
5778065.589 EGX318 160E EXIT
5779065.589 EGY325 160E ENTRY
5779565.589 EGY325 170E MAINROAD
5780065.589 EGY325 180E EXIT
5781065.589 EGZ332 180E ENTRY
5781565.589 EGZ332 190E MAINROAD
5782065.589 EGZ332 200E EXIT
5783065.589 EHA339 200E ENTRY
5783565.589 EHA339 210E MAINROAD
5784065.589 EHA339 220E EXIT
5785065.589 EHB346 220E ENTRY
5785565.589 EHB346 230E MAINROAD
5786065.589 EHB346 240E EXIT
5787065.589 EHC353 240E ENTRY
5787565.589 EHC353 250E MAINROAD
5788065.589 EHC353 260E EXIT
5789065.589 EHD360 260E ENTRY
5789565.589 EHD360 270E MAINROAD
5790065.589 EHD360 280E EXIT
5791065.589 EHE367 280E ENTRY
5791565.589 EHE367 290E MAINROAD
5792065.589 EHE367 300E EXIT
5793065.589 EHF374 300E ENTRY
5793565.589 EHF374 310E MAINROAD
5794065.589 EHF374 320E EXIT
5795065.589 EHG381 320E ENTRY
5795565.589 EHG381 330E MAINROAD
5796065.589 EHG381 340E EXIT
5797065.589 EHH388 340E ENTRY
5797565.589 EHH388 350E MAINROAD
5798065.589 EHH388 360E EXIT
5799065.589 EHI395 360E ENTRY
5799565.589 EHI395 370E MAINROAD
5800065.589 EHI395 380E EXIT
5801065.589 EHJ402 0E ENTRY
5801565.589 EHJ402 10E MAINROAD
5802065.589 EHJ402 20E EXIT
5803065.589 EHK409 20E ENTRY
5803565.589 EHK409 30E MAINROAD
5804065.589 EHK409 40E EXIT
5805065.589 EHL416 40E ENTRY
5805565.589 EHL416 50E MAINROAD
5806065.589 EHL416 60E EXIT
5807065.589 EHM423 60E ENTRY
5807565.589 EHM423 70E MAINROAD
5808065.589 EHM423 80E EXIT
5809065.589 EHN430 80E ENTRY
5809565.589 EHN430 90E MAINROAD
5810065.589 EHN430 100E EXIT
5811065.589 EHO437 100E ENTRY
5811565.589 EHO437 110E MAINROAD
5812065.589 EHO437 120E EXIT
5813065.589 EHP444 120E ENTRY
5813565.589 EHP444 130E MAINROAD
5814065.589 EHP444 140E EXIT
5815065.589 EHQ451 140E ENTRY
5815565.589 EHQ451 150E MAINROAD
5816065.589 EHQ451 160E EXIT
5817065.589 EHR458 160E ENTRY
5817565.589 EHR458 170E MAINROAD
5818065.589 EHR458 180E EXIT
5819065.589 EHS465 180E ENTRY
5819565.589 EHS465 190E MAINROAD
5820065.589 EHS465 200E EXIT
5821065.589 EHT472 200E ENTRY
5821565.589 EHT472 210E MAINROAD
5822065.589 EHT472 220E EXIT
5823065.589 EHU479 220E ENTRY
5823565.589 EHU479 230E MAINROAD
5824065.589 EHU479 240E EXIT
5825065.589 EHV486 240E ENTRY
5825565.589 EHV486 250E MAINROAD
5826065.589 EHV486 260E EXIT
5827065.589 EHW493 260E ENTRY
5827565.589 EHW493 270E MAINROAD
5828065.589 EHW493 280E EXIT
5829065.589 EHX500 280E ENTRY
5829565.589 EHX500 290E MAINROAD
5830065.589 EHX500 300E EXIT
5831065.589 EHY507 300E ENTRY
5831565.589 EHY507 310E MAINROAD
5832065.589 EHY507 320E EXIT
5833065.589 EHZ514 320E ENTRY
5833565.589 EHZ514 330E MAINROAD
5834065.589 EHZ514 340E EXIT
5835065.589 EIA521 340E ENTRY
5835565.589 EIA521 350E MAINROAD
5836065.589 EIA521 360E EXIT
5837065.589 EIB528 360E ENTRY
5837565.589 EIB528 370E MAINROAD
5838065.589 EIB528 380E EXIT
5839065.589 EIC535 0E ENTRY
5839565.589 EIC535 10E MAINROAD
5840065.589 EIC535 20E EXIT
5841065.589 EID542 20E ENTRY
5841565.589 EID542 30E MAINROAD
5842065.589 EID542 40E EXIT
5843065.589 EIE549 40E ENTRY
5843565.589 EIE549 50E MAINROAD
5844065.589 EIE549 60E EXIT
5845065.589 EIF556 60E ENTRY
5845565.589 EIF556 70E MAINROAD
5846065.589 EIF556 80E EXIT
5847065.589 EIG563 80E ENTRY
5847565.589 EIG563 90E MAINROAD
5848065.589 EIG563 100E EXIT
5849065.589 EIH570 100E ENTRY
5849565.589 EIH570 110E MAINROAD
5850065.589 EIH570 120E EXIT
5851065.589 EII577 120E ENTRY
5851565.589 EII577 130E MAINROAD
5852065.589 EII577 140E EXIT
5853065.589 EIJ584 140E ENTRY
5853565.589 EIJ584 150E MAINROAD
5854065.589 EIJ584 160E EXIT
5855065.589 EIK591 160E ENTRY
5855565.589 EIK591 170E MAINROAD
5856065.589 EIK591 180E EXIT
5857065.589 EIL598 180E ENTRY
5857565.589 EIL598 190E MAINROAD
5858065.589 EIL598 200E EXIT
5859065.589 EIM605 200E ENTRY
5859565.589 EIM605 210E MAINROAD
5860065.589 EIM605 220E EXIT
5861065.589 EIN612 220E ENTRY
5861565.589 EIN612 230E MAINROAD
5862065.589 EIN612 240E EXIT
5863065.589 EIO619 240E ENTRY
5863565.589 EIO619 250E MAINROAD
5864065.589 EIO619 260E EXIT
5865065.589 EIP626 260E ENTRY
5865565.589 EIP626 270E MAINROAD
5866065.589 EIP626 280E EXIT
5867065.589 EIQ633 280E ENTRY
5867565.589 EIQ633 290E MAINROAD
5868065.589 EIQ633 300E EXIT
5869065.589 EIR640 300E ENTRY
5869565.589 EIR640 310E MAINROAD
5870065.589 EIR640 320E EXIT
5871065.589 EIS647 320E ENTRY
5871565.589 EIS647 330E MAINROAD
5872065.589 EIS647 340E EXIT
5873065.589 EIT654 340E ENTRY
5873565.589 EIT654 350E MAINROAD
5874065.589 EIT654 360E EXIT
5875065.589 EIU661 360E ENTRY
5875565.589 EIU661 370E MAINROAD
5876065.589 EIU661 380E EXIT
5877065.589 EIV668 0E ENTRY
5877565.589 EIV668 10E MAINROAD
5878065.589 EIV668 20E EXIT
5879065.589 EIW675 20E ENTRY
5879565.589 EIW675 30E MAINROAD
5880065.589 EIW675 40E EXIT
5881065.589 EIX682 40E ENTRY
5881565.589 EIX682 50E MAINROAD
5882065.589 EIX682 60E EXIT
5883065.589 EIY689 60E ENTRY
5883565.589 EIY689 70E MAINROAD
5884065.589 EIY689 80E EXIT
5885065.589 EIZ696 80E ENTRY
5885565.589 EIZ696 90E MAINROAD
5886065.589 EIZ696 100E EXIT
5887065.589 EJA703 100E ENTRY
5887565.589 EJA703 110E MAINROAD
5888065.589 EJA703 120E EXIT
5889065.589 EJB710 120E ENTRY
5889565.589 EJB710 130E MAINROAD
5890065.589 EJB710 140E EXIT
5891065.589 EJC717 140E ENTRY
5891565.589 EJC717 150E MAINROAD
5892065.589 EJC717 160E EXIT
5893065.589 EJD724 160E ENTRY
5893565.589 EJD724 170E MAINROAD
5894065.589 EJD724 180E EXIT
5895065.589 EJE731 180E ENTRY
5895565.589 EJE731 190E MAINROAD
5896065.589 EJE731 200E EXIT
5897065.589 EJF738 200E ENTRY
5897565.589 EJF738 210E MAINROAD
5898065.589 EJF738 220E EXIT
5899065.589 EJG745 220E ENTRY
5899565.589 EJG745 230E MAINROAD
5900065.589 EJG745 240E EXIT
5901065.589 EJH752 240E ENTRY
5901565.589 EJH752 250E MAINROAD
5902065.589 EJH752 260E EXIT
5903065.589 EJI759 260E ENTRY
5903565.589 EJI759 270E MAINROAD
5904065.589 EJI759 280E EXIT
5905065.589 EJJ766 280E ENTRY
5905565.589 EJJ766 290E MAINROAD
5906065.589 EJJ766 300E EXIT
5907065.589 EJK773 300E ENTRY
5907565.589 EJK773 310E MAINROAD
5908065.589 EJK773 320E EXIT
5909065.589 EJL780 320E ENTRY
5909565.589 EJL780 330E MAINROAD
5910065.589 EJL780 340E EXIT
5911065.589 EJM787 340E ENTRY
5911565.589 EJM787 350E MAINROAD
5912065.589 EJM787 360E EXIT
5913065.589 EJN794 360E ENTRY
5913565.589 EJN794 370E MAINROAD
5914065.589 EJN794 380E EXIT
5915065.589 EJO801 0E ENTRY
5915565.589 EJO801 10E MAINROAD
5916065.589 EJO801 20E EXIT
5917065.589 EJP808 20E ENTRY
5917565.589 EJP808 30E MAINROAD
5918065.589 EJP808 40E EXIT
5919065.589 EJQ815 40E ENTRY
5919565.589 EJQ815 50E MAINROAD
5920065.589 EJQ815 60E EXIT
5921065.589 EJR822 60E ENTRY
5921565.589 EJR822 70E MAINROAD
5922065.589 EJR822 80E EXIT
5923065.589 EJS829 80E ENTRY
5923565.589 EJS829 90E MAINROAD
5924065.589 EJS829 100E EXIT
5925065.589 EJT836 100E ENTRY
5925565.589 EJT836 110E MAINROAD
5926065.589 EJT836 120E EXIT
5927065.589 EJU843 120E ENTRY
5927565.589 EJU843 130E MAINROAD
5928065.589 EJU843 140E EXIT
5929065.589 EJV850 140E ENTRY
5929565.589 EJV850 150E MAINROAD
5930065.589 EJV850 160E EXIT
5931065.589 EJW857 160E ENTRY
5931565.589 EJW857 170E MAINROAD
5932065.589 EJW857 180E EXIT
5933065.589 EJX864 180E ENTRY
5933565.589 EJX864 190E MAINROAD
5934065.589 EJX864 200E EXIT
5935065.589 EJY871 200E ENTRY
5935565.589 EJY871 210E MAINROAD
5936065.589 EJY871 220E EXIT
5937065.589 EJZ878 220E ENTRY
5937565.589 EJZ878 230E MAINROAD
5938065.589 EJZ878 240E EXIT
5939065.589 EKA885 240E ENTRY
5939565.589 EKA885 250E MAINROAD
5940065.589 EKA885 260E EXIT
5941065.589 EKB892 260E ENTRY
5941565.589 EKB892 270E MAINROAD
5942065.589 EKB892 280E EXIT
5943065.589 EKC899 280E ENTRY
5943565.589 EKC899 290E MAINROAD
5944065.589 EKC899 300E EXIT
5945065.589 EKD906 300E ENTRY
5945565.589 EKD906 310E MAINROAD
5946065.589 EKD906 320E EXIT
5947065.589 EKE913 320E ENTRY
5947565.589 EKE913 330E MAINROAD
5948065.589 EKE913 340E EXIT
5949065.589 EKF920 340E ENTRY
5949565.589 EKF920 350E MAINROAD
5950065.589 EKF920 360E EXIT
5951065.589 EKG927 360E ENTRY
5951565.589 EKG927 370E MAINROAD
5952065.589 EKG927 380E EXIT
5953065.589 EKH934 0E ENTRY
5953565.589 EKH934 10E MAINROAD
5954065.589 EKH934 20E EXIT
5955065.589 EKI941 20E ENTRY
5955565.589 EKI941 30E MAINROAD
5956065.589 EKI941 40E EXIT
5957065.589 EKJ948 40E ENTRY
5957565.589 EKJ948 50E MAINROAD
5958065.589 EKJ948 60E EXIT
5959065.589 EKK955 60E ENTRY
5959565.589 EKK955 70E MAINROAD
5960065.589 EKK955 80E EXIT
5961065.589 EKL962 80E ENTRY
5961565.589 EKL962 90E MAINROAD
5962065.589 EKL962 100E EXIT
5963065.589 EKM969 100E ENTRY
5963565.589 EKM969 110E MAINROAD
5964065.589 EKM969 120E EXIT
5965065.589 EKN976 120E ENTRY
5965565.589 EKN976 130E MAINROAD
5966065.589 EKN976 140E EXIT
5967065.589 EKO983 140E ENTRY
5967565.589 EKO983 150E MAINROAD
5968065.589 EKO983 160E EXIT
5969065.589 EKP990 160E ENTRY
5969565.589 EKP990 170E MAINROAD
5970065.589 EKP990 180E EXIT
5971065.589 EKQ997 180E ENTRY
5971565.589 EKQ997 190E MAINROAD
5972065.589 EKQ997 200E EXIT
5973065.589 EKR004 200E ENTRY
5973565.589 EKR004 210E MAINROAD
5974065.589 EKR004 220E EXIT
5975065.589 EKS011 220E ENTRY
5975565.589 EKS011 230E MAINROAD
5976065.589 EKS011 240E EXIT
5977065.589 EKT018 240E ENTRY
5977565.589 EKT018 250E MAINROAD
5978065.589 EKT018 260E EXIT
5979065.589 EKU025 260E ENTRY
5979565.589 EKU025 270E MAINROAD
5980065.589 EKU025 280E EXIT
5981065.589 EKV032 280E ENTRY
5981565.589 EKV032 290E MAINROAD
5982065.589 EKV032 300E EXIT
5983065.589 EKW039 300E ENTRY
5983565.589 EKW039 310E MAINROAD
5984065.589 EKW039 320E EXIT
5985065.589 EKX046 320E ENTRY
5985565.589 EKX046 330E MAINROAD
5986065.589 EKX046 340E EXIT
5987065.589 EKY053 340E ENTRY
5987565.589 EKY053 350E MAINROAD
5988065.589 EKY053 360E EXIT
5989065.589 EKZ060 360E ENTRY
5989565.589 EKZ060 370E MAINROAD
5990065.589 EKZ060 380E EXIT
5991065.589 ELA067 0E ENTRY
5991565.589 ELA067 10E MAINROAD
5992065.589 ELA067 20E EXIT
5993065.589 ELB074 20E ENTRY
5993565.589 ELB074 30E MAINROAD
5994065.589 ELB074 40E EXIT
5995065.589 ELC081 40E ENTRY
5995565.589 ELC081 50E MAINROAD
5996065.589 ELC081 60E EXIT
5997065.589 ELD088 60E ENTRY
5997565.589 ELD088 70E MAINROAD
5998065.589 ELD088 80E EXIT
5999065.589 ELE095 80E ENTRY
5999565.589 ELE095 90E MAINROAD
6000065.589 ELE095 100E EXIT
6001065.589 ELF102 100E ENTRY
6001565.589 ELF102 110E MAINROAD
6002065.589 ELF102 120E EXIT
6003065.589 ELG109 120E ENTRY
6003565.589 ELG109 130E MAINROAD
6004065.589 ELG109 140E EXIT
6005065.589 ELH116 140E ENTRY
6005565.589 ELH116 150E MAINROAD
6006065.589 ELH116 160E EXIT
6007065.589 ELI123 160E ENTRY
6007565.589 ELI123 170E MAINROAD
6008065.589 ELI123 180E EXIT
6009065.589 ELJ130 180E ENTRY
6009565.589 ELJ130 190E MAINROAD
6010065.589 ELJ130 200E EXIT
6011065.589 ELK137 200E ENTRY
6011565.589 ELK137 210E MAINROAD
6012065.589 ELK137 220E EXIT
6013065.589 ELL144 220E ENTRY
6013565.589 ELL144 230E MAINROAD
6014065.589 ELL144 240E EXIT
6015065.589 ELM151 240E ENTRY
6015565.589 ELM151 250E MAINROAD
6016065.589 ELM151 260E EXIT
6017065.589 ELN158 260E ENTRY
6017565.589 ELN158 270E MAINROAD
6018065.589 ELN158 280E EXIT
6019065.589 ELO165 280E ENTRY
6019565.589 ELO165 290E MAINROAD
6020065.589 ELO165 300E EXIT
6021065.589 ELP172 300E ENTRY
6021565.589 ELP172 310E MAINROAD
6022065.589 ELP172 320E EXIT
6023065.589 ELQ179 320E ENTRY
6023565.589 ELQ179 330E MAINROAD
6024065.589 ELQ179 340E EXIT
6025065.589 ELR186 340E ENTRY
6025565.589 ELR186 350E MAINROAD
6026065.589 ELR186 360E EXIT
6027065.589 ELS193 360E ENTRY
6027565.589 ELS193 370E MAINROAD
6028065.589 ELS193 380E EXIT
6029065.589 ELT200 0E ENTRY
6029565.589 ELT200 10E MAINROAD
6030065.589 ELT200 20E EXIT
6031065.589 ELU207 20E ENTRY
6031565.589 ELU207 30E MAINROAD
6032065.589 ELU207 40E EXIT
6033065.589 ELV214 40E ENTRY
6033565.589 ELV214 50E MAINROAD
6034065.589 ELV214 60E EXIT
6035065.589 ELW221 60E ENTRY
6035565.589 ELW221 70E MAINROAD
6036065.589 ELW221 80E EXIT
6037065.589 ELX228 80E ENTRY
6037565.589 ELX228 90E MAINROAD
6038065.589 ELX228 100E EXIT
6039065.589 ELY235 100E ENTRY
6039565.589 ELY235 110E MAINROAD
6040065.589 ELY235 120E EXIT
6041065.589 ELZ242 120E ENTRY
6041565.589 ELZ242 130E MAINROAD
6042065.589 ELZ242 140E EXIT
6043065.589 EMA249 140E ENTRY
6043565.589 EMA249 150E MAINROAD
6044065.589 EMA249 160E EXIT
6045065.589 EMB256 160E ENTRY
6045565.589 EMB256 170E MAINROAD
6046065.589 EMB256 180E EXIT
6047065.589 EMC263 180E ENTRY
6047565.589 EMC263 190E MAINROAD
6048065.589 EMC263 200E EXIT
6049065.589 EMD270 200E ENTRY
6049565.589 EMD270 210E MAINROAD
6050065.589 EMD270 220E EXIT
6051065.589 EME277 220E ENTRY
6051565.589 EME277 230E MAINROAD
6052065.589 EME277 240E EXIT
6053065.589 EMF284 240E ENTRY
6053565.589 EMF284 250E MAINROAD
6054065.589 EMF284 260E EXIT
6055065.589 EMG291 260E ENTRY
6055565.589 EMG291 270E MAINROAD
6056065.589 EMG291 280E EXIT
6057065.589 EMH298 280E ENTRY
6057565.589 EMH298 290E MAINROAD
6058065.589 EMH298 300E EXIT
6059065.589 EMI305 300E ENTRY
6059565.589 EMI305 310E MAINROAD
6060065.589 EMI305 320E EXIT
6061065.589 EMJ312 320E ENTRY
6061565.589 EMJ312 330E MAINROAD
6062065.589 EMJ312 340E EXIT
6063065.589 EMK319 340E ENTRY
6063565.589 EMK319 350E MAINROAD
6064065.589 EMK319 360E EXIT
6065065.589 EML326 360E ENTRY
6065565.589 EML326 370E MAINROAD
6066065.589 EML326 380E EXIT
6067065.589 EMM333 0E ENTRY
6067565.589 EMM333 10E MAINROAD
6068065.589 EMM333 20E EXIT
6069065.589 EMN340 20E ENTRY
6069565.589 EMN340 30E MAINROAD
6070065.589 EMN340 40E EXIT
6071065.589 EMO347 40E ENTRY
6071565.589 EMO347 50E MAINROAD
6072065.589 EMO347 60E EXIT
6073065.589 EMP354 60E ENTRY
6073565.589 EMP354 70E MAINROAD
6074065.589 EMP354 80E EXIT
6075065.589 EMQ361 80E ENTRY
6075565.589 EMQ361 90E MAINROAD
6076065.589 EMQ361 100E EXIT
6077065.589 EMR368 100E ENTRY
6077565.589 EMR368 110E MAINROAD
6078065.589 EMR368 120E EXIT
6079065.589 EMS375 120E ENTRY
6079565.589 EMS375 130E MAINROAD
6080065.589 EMS375 140E EXIT
6081065.589 EMT382 140E ENTRY
6081565.589 EMT382 150E MAINROAD
6082065.589 EMT382 160E EXIT
6083065.589 EMU389 160E ENTRY
6083565.589 EMU389 170E MAINROAD
6084065.589 EMU389 180E EXIT
6085065.589 EMV396 180E ENTRY
6085565.589 EMV396 190E MAINROAD
6086065.589 EMV396 200E EXIT
6087065.589 EMW403 200E ENTRY
6087565.589 EMW403 210E MAINROAD
6088065.589 EMW403 220E EXIT
6089065.589 EMX410 220E ENTRY
6089565.589 EMX410 230E MAINROAD
6090065.589 EMX410 240E EXIT
6091065.589 EMY417 240E ENTRY
6091565.589 EMY417 250E MAINROAD
6092065.589 EMY417 260E EXIT
6093065.589 EMZ424 260E ENTRY
6093565.589 EMZ424 270E MAINROAD
6094065.589 EMZ424 280E EXIT
6095065.589 ENA431 280E ENTRY
6095565.589 ENA431 290E MAINROAD
6096065.589 ENA431 300E EXIT
6097065.589 ENB438 300E ENTRY
6097565.589 ENB438 310E MAINROAD
6098065.589 ENB438 320E EXIT
6099065.589 ENC445 320E ENTRY
6099565.589 ENC445 330E MAINROAD
6100065.589 ENC445 340E EXIT
6101065.589 END452 340E ENTRY
6101565.589 END452 350E MAINROAD
6102065.589 END452 360E EXIT
6103065.589 ENE459 360E ENTRY
6103565.589 ENE459 370E MAINROAD
6104065.589 ENE459 380E EXIT
6105065.589 ENF466 0E ENTRY
6105565.589 ENF466 10E MAINROAD
6106065.589 ENF466 20E EXIT
6107065.589 ENG473 20E ENTRY
6107565.589 ENG473 30E MAINROAD
6108065.589 ENG473 40E EXIT
6109065.589 ENH480 40E ENTRY
6109565.589 ENH480 50E MAINROAD
6110065.589 ENH480 60E EXIT
6111065.589 ENI487 60E ENTRY
6111565.589 ENI487 70E MAINROAD
6112065.589 ENI487 80E EXIT
6113065.589 ENJ494 80E ENTRY
6113565.589 ENJ494 90E MAINROAD
6114065.589 ENJ494 100E EXIT
6115065.589 ENK501 100E ENTRY
6115565.589 ENK501 110E MAINROAD
6116065.589 ENK501 120E EXIT
6117065.589 ENL508 120E ENTRY
6117565.589 ENL508 130E MAINROAD
6118065.589 ENL508 140E EXIT
6119065.589 ENM515 140E ENTRY
6119565.589 ENM515 150E MAINROAD
6120065.589 ENM515 160E EXIT
6121065.589 ENN522 160E ENTRY
6121565.589 ENN522 170E MAINROAD
6122065.589 ENN522 180E EXIT
6123065.589 ENO529 180E ENTRY
6123565.589 ENO529 190E MAINROAD
6124065.589 ENO529 200E EXIT
6125065.589 ENP536 200E ENTRY
6125565.589 ENP536 210E MAINROAD
6126065.589 ENP536 220E EXIT
6127065.589 ENQ543 220E ENTRY
6127565.589 ENQ543 230E MAINROAD
6128065.589 ENQ543 240E EXIT
6129065.589 ENR550 240E ENTRY
6129565.589 ENR550 250E MAINROAD
6130065.589 ENR550 260E EXIT
6131065.589 ENS557 260E ENTRY
6131565.589 ENS557 270E MAINROAD
6132065.589 ENS557 280E EXIT
6133065.589 ENT564 280E ENTRY
6133565.589 ENT564 290E MAINROAD
6134065.589 ENT564 300E EXIT
6135065.589 ENU571 300E ENTRY
6135565.589 ENU571 310E MAINROAD
6136065.589 ENU571 320E EXIT
6137065.589 ENV578 320E ENTRY
6137565.589 ENV578 330E MAINROAD
6138065.589 ENV578 340E EXIT
6139065.589 ENW585 340E ENTRY
6139565.589 ENW585 350E MAINROAD
6140065.589 ENW585 360E EXIT
6141065.589 ENX592 360E ENTRY
6141565.589 ENX592 370E MAINROAD
6142065.589 ENX592 380E EXIT
6143065.589 ENY599 0E ENTRY
6143565.589 ENY599 10E MAINROAD
6144065.589 ENY599 20E EXIT
6145065.589 ENZ606 20E ENTRY
6145565.589 ENZ606 30E MAINROAD
6146065.589 ENZ606 40E EXIT
6147065.589 EOA613 40E ENTRY
6147565.589 EOA613 50E MAINROAD
6148065.589 EOA613 60E EXIT
6149065.589 EOB620 60E ENTRY
6149565.589 EOB620 70E MAINROAD
6150065.589 EOB620 80E EXIT
6151065.589 EOC627 80E ENTRY
6151565.589 EOC627 90E MAINROAD
6152065.589 EOC627 100E EXIT
6153065.589 EOD634 100E ENTRY
6153565.589 EOD634 110E MAINROAD
6154065.589 EOD634 120E EXIT
6155065.589 EOE641 120E ENTRY
6155565.589 EOE641 130E MAINROAD
6156065.589 EOE641 140E EXIT
6157065.589 EOF648 140E ENTRY
6157565.589 EOF648 150E MAINROAD
6158065.589 EOF648 160E EXIT
6159065.589 EOG655 160E ENTRY
6159565.589 EOG655 170E MAINROAD
6160065.589 EOG655 180E EXIT
6161065.589 EOH662 180E ENTRY
6161565.589 EOH662 190E MAINROAD
6162065.589 EOH662 200E EXIT
6163065.589 EOI669 200E ENTRY
6163565.589 EOI669 210E MAINROAD
6164065.589 EOI669 220E EXIT
6165065.589 EOJ676 220E ENTRY
6165565.589 EOJ676 230E MAINROAD
6166065.589 EOJ676 240E EXIT
6167065.589 EOK683 240E ENTRY
6167565.589 EOK683 250E MAINROAD
6168065.589 EOK683 260E EXIT
6169065.589 EOL690 260E ENTRY
6169565.589 EOL690 270E MAINROAD
6170065.589 EOL690 280E EXIT
6171065.589 EOM697 280E ENTRY
6171565.589 EOM697 290E MAINROAD
6172065.589 EOM697 300E EXIT
6173065.589 EON704 300E ENTRY
6173565.589 EON704 310E MAINROAD
6174065.589 EON704 320E EXIT
6175065.589 EOO711 320E ENTRY
6175565.589 EOO711 330E MAINROAD
6176065.589 EOO711 340E EXIT
6177065.589 EOP718 340E ENTRY
6177565.589 EOP718 350E MAINROAD
6178065.589 EOP718 360E EXIT
6179065.589 EOQ725 360E ENTRY
6179565.589 EOQ725 370E MAINROAD
6180065.589 EOQ725 380E EXIT
6181065.589 EOR732 0E ENTRY
6181565.589 EOR732 10E MAINROAD
6182065.589 EOR732 20E EXIT
6183065.589 EOS739 20E ENTRY
6183565.589 EOS739 30E MAINROAD
6184065.589 EOS739 40E EXIT
6185065.589 EOT746 40E ENTRY
6185565.589 EOT746 50E MAINROAD
6186065.589 EOT746 60E EXIT
6187065.589 EOU753 60E ENTRY
6187565.589 EOU753 70E MAINROAD
6188065.589 EOU753 80E EXIT
6189065.589 EOV760 80E ENTRY
6189565.589 EOV760 90E MAINROAD
6190065.589 EOV760 100E EXIT
6191065.589 EOW767 100E ENTRY
6191565.589 EOW767 110E MAINROAD
6192065.589 EOW767 120E EXIT
6193065.589 EOX774 120E ENTRY
6193565.589 EOX774 130E MAINROAD
6194065.589 EOX774 140E EXIT
6195065.589 EOY781 140E ENTRY
6195565.589 EOY781 150E MAINROAD
6196065.589 EOY781 160E EXIT
6197065.589 EOZ788 160E ENTRY
6197565.589 EOZ788 170E MAINROAD
6198065.589 EOZ788 180E EXIT
6199065.589 EPA795 180E ENTRY
6199565.589 EPA795 190E MAINROAD
6200065.589 EPA795 200E EXIT
6201065.589 EPB802 200E ENTRY
6201565.589 EPB802 210E MAINROAD
6202065.589 EPB802 220E EXIT
6203065.589 EPC809 220E ENTRY
6203565.589 EPC809 230E MAINROAD
6204065.589 EPC809 240E EXIT
6205065.589 EPD816 240E ENTRY
6205565.589 EPD816 250E MAINROAD
6206065.589 EPD816 260E EXIT
6207065.589 EPE823 260E ENTRY
6207565.589 EPE823 270E MAINROAD
6208065.589 EPE823 280E EXIT
6209065.589 EPF830 280E ENTRY
6209565.589 EPF830 290E MAINROAD
6210065.589 EPF830 300E EXIT
6211065.589 EPG837 300E ENTRY
6211565.589 EPG837 310E MAINROAD
6212065.589 EPG837 320E EXIT
6213065.589 EPH844 320E ENTRY
6213565.589 EPH844 330E MAINROAD
6214065.589 EPH844 340E EXIT
6215065.589 EPI851 340E ENTRY
6215565.589 EPI851 350E MAINROAD
6216065.589 EPI851 360E EXIT
6217065.589 EPJ858 360E ENTRY
6217565.589 EPJ858 370E MAINROAD
6218065.589 EPJ858 380E EXIT
6219065.589 EPK865 0E ENTRY
6219565.589 EPK865 10E MAINROAD
6220065.589 EPK865 20E EXIT
6221065.589 EPL872 20E ENTRY
6221565.589 EPL872 30E MAINROAD
6222065.589 EPL872 40E EXIT
6223065.589 EPM879 40E ENTRY
6223565.589 EPM879 50E MAINROAD
6224065.589 EPM879 60E EXIT
6225065.589 EPN886 60E ENTRY
6225565.589 EPN886 70E MAINROAD
6226065.589 EPN886 80E EXIT
6227065.589 EPO893 80E ENTRY
6227565.589 EPO893 90E MAINROAD
6228065.589 EPO893 100E EXIT
6229065.589 EPP900 100E ENTRY
6229565.589 EPP900 110E MAINROAD
6230065.589 EPP900 120E EXIT
6231065.589 EPQ907 120E ENTRY
6231565.589 EPQ907 130E MAINROAD
6232065.589 EPQ907 140E EXIT
6233065.589 EPR914 140E ENTRY
6233565.589 EPR914 150E MAINROAD
6234065.589 EPR914 160E EXIT
6235065.589 EPS921 160E ENTRY
6235565.589 EPS921 170E MAINROAD
6236065.589 EPS921 180E EXIT
6237065.589 EPT928 180E ENTRY
6237565.589 EPT928 190E MAINROAD
6238065.589 EPT928 200E EXIT
6239065.589 EPU935 200E ENTRY
6239565.589 EPU935 210E MAINROAD
6240065.589 EPU935 220E EXIT
6241065.589 EPV942 220E ENTRY
6241565.589 EPV942 230E MAINROAD
6242065.589 EPV942 240E EXIT
6243065.589 EPW949 240E ENTRY
6243565.589 EPW949 250E MAINROAD
6244065.589 EPW949 260E EXIT
6245065.589 EPX956 260E ENTRY
6245565.589 EPX956 270E MAINROAD
6246065.589 EPX956 280E EXIT
6247065.589 EPY963 280E ENTRY
6247565.589 EPY963 290E MAINROAD
6248065.589 EPY963 300E EXIT
6249065.589 EPZ970 300E ENTRY
6249565.589 EPZ970 310E MAINROAD
6250065.589 EPZ970 320E EXIT
6251065.589 EQA977 320E ENTRY
6251565.589 EQA977 330E MAINROAD
6252065.589 EQA977 340E EXIT
6253065.589 EQB984 340E ENTRY
6253565.589 EQB984 350E MAINROAD
6254065.589 EQB984 360E EXIT
6255065.589 EQC991 360E ENTRY
6255565.589 EQC991 370E MAINROAD
6256065.589 EQC991 380E EXIT
6257065.589 EQD998 0E ENTRY
6257565.589 EQD998 10E MAINROAD
6258065.589 EQD998 20E EXIT
6259065.589 EQE005 20E ENTRY
6259565.589 EQE005 30E MAINROAD
6260065.589 EQE005 40E EXIT
6261065.589 EQF012 40E ENTRY
6261565.589 EQF012 50E MAINROAD
6262065.589 EQF012 60E EXIT
6263065.589 EQG019 60E ENTRY
6263565.589 EQG019 70E MAINROAD
6264065.589 EQG019 80E EXIT
6265065.589 EQH026 80E ENTRY
6265565.589 EQH026 90E MAINROAD
6266065.589 EQH026 100E EXIT
6267065.589 EQI033 100E ENTRY
6267565.589 EQI033 110E MAINROAD
6268065.589 EQI033 120E EXIT
6269065.589 EQJ040 120E ENTRY
6269565.589 EQJ040 130E MAINROAD
6270065.589 EQJ040 140E EXIT
6271065.589 EQK047 140E ENTRY
6271565.589 EQK047 150E MAINROAD
6272065.589 EQK047 160E EXIT
6273065.589 EQL054 160E ENTRY
6273565.589 EQL054 170E MAINROAD
6274065.589 EQL054 180E EXIT
6275065.589 EQM061 180E ENTRY
6275565.589 EQM061 190E MAINROAD
6276065.589 EQM061 200E EXIT
6277065.589 EQN068 200E ENTRY
6277565.589 EQN068 210E MAINROAD
6278065.589 EQN068 220E EXIT
6279065.589 EQO075 220E ENTRY
6279565.589 EQO075 230E MAINROAD
6280065.589 EQO075 240E EXIT
6281065.589 EQP082 240E ENTRY
6281565.589 EQP082 250E MAINROAD
6282065.589 EQP082 260E EXIT
6283065.589 EQQ089 260E ENTRY
6283565.589 EQQ089 270E MAINROAD
6284065.589 EQQ089 280E EXIT
6285065.589 EQR096 280E ENTRY
6285565.589 EQR096 290E MAINROAD
6286065.589 EQR096 300E EXIT
6287065.589 EQS103 300E ENTRY
6287565.589 EQS103 310E MAINROAD
6288065.589 EQS103 320E EXIT
6289065.589 EQT110 320E ENTRY
6289565.589 EQT110 330E MAINROAD
6290065.589 EQT110 340E EXIT
6291065.589 EQU117 340E ENTRY
6291565.589 EQU117 350E MAINROAD
6292065.589 EQU117 360E EXIT
6293065.589 EQV124 360E ENTRY
6293565.589 EQV124 370E MAINROAD
6294065.589 EQV124 380E EXIT
6295065.589 EQW131 0E ENTRY
6295565.589 EQW131 10E MAINROAD
6296065.589 EQW131 20E EXIT
6297065.589 EQX138 20E ENTRY
6297565.589 EQX138 30E MAINROAD
6298065.589 EQX138 40E EXIT
6299065.589 EQY145 40E ENTRY
6299565.589 EQY145 50E MAINROAD
6300065.589 EQY145 60E EXIT
6301065.589 EQZ152 60E ENTRY
6301565.589 EQZ152 70E MAINROAD
6302065.589 EQZ152 80E EXIT
6303065.589 ERA159 80E ENTRY
6303565.589 ERA159 90E MAINROAD
6304065.589 ERA159 100E EXIT
6305065.589 ERB166 100E ENTRY
6305565.589 ERB166 110E MAINROAD
6306065.589 ERB166 120E EXIT
6307065.589 ERC173 120E ENTRY
6307565.589 ERC173 130E MAINROAD
6308065.589 ERC173 140E EXIT
6309065.589 ERD180 140E ENTRY
6309565.589 ERD180 150E MAINROAD
6310065.589 ERD180 160E EXIT
6311065.589 ERE187 160E ENTRY
6311565.589 ERE187 170E MAINROAD
6312065.589 ERE187 180E EXIT
6313065.589 ERF194 180E ENTRY
6313565.589 ERF194 190E MAINROAD
6314065.589 ERF194 200E EXIT
6315065.589 ERG201 200E ENTRY
6315565.589 ERG201 210E MAINROAD
6316065.589 ERG201 220E EXIT
6317065.589 ERH208 220E ENTRY
6317565.589 ERH208 230E MAINROAD
6318065.589 ERH208 240E EXIT
6319065.589 ERI215 240E ENTRY
6319565.589 ERI215 250E MAINROAD
6320065.589 ERI215 260E EXIT
6321065.589 ERJ222 260E ENTRY
6321565.589 ERJ222 270E MAINROAD
6322065.589 ERJ222 280E EXIT
6323065.589 ERK229 280E ENTRY
6323565.589 ERK229 290E MAINROAD
6324065.589 ERK229 300E EXIT
6325065.589 ERL236 300E ENTRY
6325565.589 ERL236 310E MAINROAD
6326065.589 ERL236 320E EXIT
6327065.589 ERM243 320E ENTRY
6327565.589 ERM243 330E MAINROAD
6328065.589 ERM243 340E EXIT
6329065.589 ERN250 340E ENTRY
6329565.589 ERN250 350E MAINROAD
6330065.589 ERN250 360E EXIT
6331065.589 ERO257 360E ENTRY
6331565.589 ERO257 370E MAINROAD
6332065.589 ERO257 380E EXIT
6333065.589 ERP264 0E ENTRY
6333565.589 ERP264 10E MAINROAD
6334065.589 ERP264 20E EXIT
6335065.589 ERQ271 20E ENTRY
6335565.589 ERQ271 30E MAINROAD
6336065.589 ERQ271 40E EXIT
6337065.589 ERR278 40E ENTRY
6337565.589 ERR278 50E MAINROAD
6338065.589 ERR278 60E EXIT
6339065.589 ERS285 60E ENTRY
6339565.589 ERS285 70E MAINROAD
6340065.589 ERS285 80E EXIT
6341065.589 ERT292 80E ENTRY
6341565.589 ERT292 90E MAINROAD
6342065.589 ERT292 100E EXIT
6343065.589 ERU299 100E ENTRY
6343565.589 ERU299 110E MAINROAD
6344065.589 ERU299 120E EXIT
6345065.589 ERV306 120E ENTRY
6345565.589 ERV306 130E MAINROAD
6346065.589 ERV306 140E EXIT
6347065.589 ERW313 140E ENTRY
6347565.589 ERW313 150E MAINROAD
6348065.589 ERW313 160E EXIT
6349065.589 ERX320 160E ENTRY
6349565.589 ERX320 170E MAINROAD
6350065.589 ERX320 180E EXIT
6351065.589 ERY327 180E ENTRY
6351565.589 ERY327 190E MAINROAD
6352065.589 ERY327 200E EXIT
6353065.589 ERZ334 200E ENTRY
6353565.589 ERZ334 210E MAINROAD
6354065.589 ERZ334 220E EXIT
6355065.589 ESA341 220E ENTRY
6355565.589 ESA341 230E MAINROAD
6356065.589 ESA341 240E EXIT
6357065.589 ESB348 240E ENTRY
6357565.589 ESB348 250E MAINROAD
6358065.589 ESB348 260E EXIT
6359065.589 ESC355 260E ENTRY
6359565.589 ESC355 270E MAINROAD
6360065.589 ESC355 280E EXIT
6361065.589 ESD362 280E ENTRY
6361565.589 ESD362 290E MAINROAD
6362065.589 ESD362 300E EXIT
6363065.589 ESE369 300E ENTRY
6363565.589 ESE369 310E MAINROAD
6364065.589 ESE369 320E EXIT
6365065.589 ESF376 320E ENTRY
6365565.589 ESF376 330E MAINROAD
6366065.589 ESF376 340E EXIT
6367065.589 ESG383 340E ENTRY
6367565.589 ESG383 350E MAINROAD
6368065.589 ESG383 360E EXIT
6369065.589 ESH390 360E ENTRY
6369565.589 ESH390 370E MAINROAD
6370065.589 ESH390 380E EXIT
6371065.589 ESI397 0E ENTRY
6371565.589 ESI397 10E MAINROAD
6372065.589 ESI397 20E EXIT
6373065.589 ESJ404 20E ENTRY
6373565.589 ESJ404 30E MAINROAD
6374065.589 ESJ404 40E EXIT
6375065.589 ESK411 40E ENTRY
6375565.589 ESK411 50E MAINROAD
6376065.589 ESK411 60E EXIT
6377065.589 ESL418 60E ENTRY
6377565.589 ESL418 70E MAINROAD
6378065.589 ESL418 80E EXIT
6379065.589 ESM425 80E ENTRY
6379565.589 ESM425 90E MAINROAD
6380065.589 ESM425 100E EXIT
6381065.589 ESN432 100E ENTRY
6381565.589 ESN432 110E MAINROAD
6382065.589 ESN432 120E EXIT
6383065.589 ESO439 120E ENTRY
6383565.589 ESO439 130E MAINROAD
6384065.589 ESO439 140E EXIT
6385065.589 ESP446 140E ENTRY
6385565.589 ESP446 150E MAINROAD
6386065.589 ESP446 160E EXIT
6387065.589 ESQ453 160E ENTRY
6387565.589 ESQ453 170E MAINROAD
6388065.589 ESQ453 180E EXIT
6389065.589 ESR460 180E ENTRY
6389565.589 ESR460 190E MAINROAD
6390065.589 ESR460 200E EXIT
6391065.589 ESS467 200E ENTRY
6391565.589 ESS467 210E MAINROAD
6392065.589 ESS467 220E EXIT
6393065.589 EST474 220E ENTRY
6393565.589 EST474 230E MAINROAD
6394065.589 EST474 240E EXIT
6395065.589 ESU481 240E ENTRY
6395565.589 ESU481 250E MAINROAD
6396065.589 ESU481 260E EXIT
6397065.589 ESV488 260E ENTRY
6397565.589 ESV488 270E MAINROAD
6398065.589 ESV488 280E EXIT
6399065.589 ESW495 280E ENTRY
6399565.589 ESW495 290E MAINROAD
6400065.589 ESW495 300E EXIT
6401065.589 ESX502 300E ENTRY
6401565.589 ESX502 310E MAINROAD
6402065.589 ESX502 320E EXIT
6403065.589 ESY509 320E ENTRY
6403565.589 ESY509 330E MAINROAD
6404065.589 ESY509 340E EXIT
6405065.589 ESZ516 340E ENTRY
6405565.589 ESZ516 350E MAINROAD
6406065.589 ESZ516 360E EXIT
6407065.589 ETA523 360E ENTRY
6407565.589 ETA523 370E MAINROAD
6408065.589 ETA523 380E EXIT
6409065.589 ETB530 0E ENTRY
6409565.589 ETB530 10E MAINROAD
6410065.589 ETB530 20E EXIT
6411065.589 ETC537 20E ENTRY
6411565.589 ETC537 30E MAINROAD
6412065.589 ETC537 40E EXIT
6413065.589 ETD544 40E ENTRY
6413565.589 ETD544 50E MAINROAD
6414065.589 ETD544 60E EXIT
6415065.589 ETE551 60E ENTRY
6415565.589 ETE551 70E MAINROAD
6416065.589 ETE551 80E EXIT
6417065.589 ETF558 80E ENTRY
6417565.589 ETF558 90E MAINROAD
6418065.589 ETF558 100E EXIT
6419065.589 ETG565 100E ENTRY
6419565.589 ETG565 110E MAINROAD
6420065.589 ETG565 120E EXIT
6421065.589 ETH572 120E ENTRY
6421565.589 ETH572 130E MAINROAD
6422065.589 ETH572 140E EXIT
6423065.589 ETI579 140E ENTRY
6423565.589 ETI579 150E MAINROAD
6424065.589 ETI579 160E EXIT
6425065.589 ETJ586 160E ENTRY
6425565.589 ETJ586 170E MAINROAD
6426065.589 ETJ586 180E EXIT
6427065.589 ETK593 180E ENTRY
6427565.589 ETK593 190E MAINROAD
6428065.589 ETK593 200E EXIT
6429065.589 ETL600 200E ENTRY
6429565.589 ETL600 210E MAINROAD
6430065.589 ETL600 220E EXIT
6431065.589 ETM607 220E ENTRY
6431565.589 ETM607 230E MAINROAD
6432065.589 ETM607 240E EXIT
6433065.589 ETN614 240E ENTRY
6433565.589 ETN614 250E MAINROAD
6434065.589 ETN614 260E EXIT
6435065.589 ETO621 260E ENTRY
6435565.589 ETO621 270E MAINROAD
6436065.589 ETO621 280E EXIT
6437065.589 ETP628 280E ENTRY
6437565.589 ETP628 290E MAINROAD
6438065.589 ETP628 300E EXIT
6439065.589 ETQ635 300E ENTRY
6439565.589 ETQ635 310E MAINROAD
6440065.589 ETQ635 320E EXIT
6441065.589 ETR642 320E ENTRY
6441565.589 ETR642 330E MAINROAD
6442065.589 ETR642 340E EXIT
6443065.589 ETS649 340E ENTRY
6443565.589 ETS649 350E MAINROAD
6444065.589 ETS649 360E EXIT
6445065.589 ETT656 360E ENTRY
6445565.589 ETT656 370E MAINROAD
6446065.589 ETT656 380E EXIT
6447065.589 ETU663 0E ENTRY
6447565.589 ETU663 10E MAINROAD
6448065.589 ETU663 20E EXIT
6449065.589 ETV670 20E ENTRY
6449565.589 ETV670 30E MAINROAD
6450065.589 ETV670 40E EXIT
6451065.589 ETW677 40E ENTRY
6451565.589 ETW677 50E MAINROAD
6452065.589 ETW677 60E EXIT
6453065.589 ETX684 60E ENTRY
6453565.589 ETX684 70E MAINROAD
6454065.589 ETX684 80E EXIT
6455065.589 ETY691 80E ENTRY
6455565.589 ETY691 90E MAINROAD
6456065.589 ETY691 100E EXIT
6457065.589 ETZ698 100E ENTRY
6457565.589 ETZ698 110E MAINROAD
6458065.589 ETZ698 120E EXIT
6459065.589 EUA705 120E ENTRY
6459565.589 EUA705 130E MAINROAD
6460065.589 EUA705 140E EXIT
6461065.589 EUB712 140E ENTRY
6461565.589 EUB712 150E MAINROAD
6462065.589 EUB712 160E EXIT
6463065.589 EUC719 160E ENTRY
6463565.589 EUC719 170E MAINROAD
6464065.589 EUC719 180E EXIT
6465065.589 EUD726 180E ENTRY
6465565.589 EUD726 190E MAINROAD
6466065.589 EUD726 200E EXIT
6467065.589 EUE733 200E ENTRY
6467565.589 EUE733 210E MAINROAD
6468065.589 EUE733 220E EXIT
6469065.589 EUF740 220E ENTRY
6469565.589 EUF740 230E MAINROAD
6470065.589 EUF740 240E EXIT
6471065.589 EUG747 240E ENTRY
6471565.589 EUG747 250E MAINROAD
6472065.589 EUG747 260E EXIT
6473065.589 EUH754 260E ENTRY
6473565.589 EUH754 270E MAINROAD
6474065.589 EUH754 280E EXIT
6475065.589 EUI761 280E ENTRY
6475565.589 EUI761 290E MAINROAD
6476065.589 EUI761 300E EXIT
6477065.589 EUJ768 300E ENTRY
6477565.589 EUJ768 310E MAINROAD
6478065.589 EUJ768 320E EXIT
6479065.589 EUK775 320E ENTRY
6479565.589 EUK775 330E MAINROAD
6480065.589 EUK775 340E EXIT
6481065.589 EUL782 340E ENTRY
6481565.589 EUL782 350E MAINROAD
6482065.589 EUL782 360E EXIT
6483065.589 EUM789 360E ENTRY
6483565.589 EUM789 370E MAINROAD
6484065.589 EUM789 380E EXIT
6485065.589 EUN796 0E ENTRY
6485565.589 EUN796 10E MAINROAD
6486065.589 EUN796 20E EXIT
6487065.589 EUO803 20E ENTRY
6487565.589 EUO803 30E MAINROAD
6488065.589 EUO803 40E EXIT
6489065.589 EUP810 40E ENTRY
6489565.589 EUP810 50E MAINROAD
6490065.589 EUP810 60E EXIT
6491065.589 EUQ817 60E ENTRY
6491565.589 EUQ817 70E MAINROAD
6492065.589 EUQ817 80E EXIT
6493065.589 EUR824 80E ENTRY
6493565.589 EUR824 90E MAINROAD
6494065.589 EUR824 100E EXIT
6495065.589 EUS831 100E ENTRY
6495565.589 EUS831 110E MAINROAD
6496065.589 EUS831 120E EXIT
6497065.589 EUT838 120E ENTRY
6497565.589 EUT838 130E MAINROAD
6498065.589 EUT838 140E EXIT
6499065.589 EUU845 140E ENTRY
6499565.589 EUU845 150E MAINROAD
6500065.589 EUU845 160E EXIT
6501065.589 EUV852 160E ENTRY
6501565.589 EUV852 170E MAINROAD
6502065.589 EUV852 180E EXIT
6503065.589 EUW859 180E ENTRY
6503565.589 EUW859 190E MAINROAD
6504065.589 EUW859 200E EXIT
6505065.589 EUX866 200E ENTRY
6505565.589 EUX866 210E MAINROAD
6506065.589 EUX866 220E EXIT
6507065.589 EUY873 220E ENTRY
6507565.589 EUY873 230E MAINROAD
6508065.589 EUY873 240E EXIT
6509065.589 EUZ880 240E ENTRY
6509565.589 EUZ880 250E MAINROAD
6510065.589 EUZ880 260E EXIT
6511065.589 EVA887 260E ENTRY
6511565.589 EVA887 270E MAINROAD
6512065.589 EVA887 280E EXIT
6513065.589 EVB894 280E ENTRY
6513565.589 EVB894 290E MAINROAD
6514065.589 EVB894 300E EXIT
6515065.589 EVC901 300E ENTRY
6515565.589 EVC901 310E MAINROAD
6516065.589 EVC901 320E EXIT
6517065.589 EVD908 320E ENTRY
6517565.589 EVD908 330E MAINROAD
6518065.589 EVD908 340E EXIT
6519065.589 EVE915 340E ENTRY
6519565.589 EVE915 350E MAINROAD
6520065.589 EVE915 360E EXIT
6521065.589 EVF922 360E ENTRY
6521565.589 EVF922 370E MAINROAD
6522065.589 EVF922 380E EXIT
6523065.589 EVG929 0E ENTRY
6523565.589 EVG929 10E MAINROAD
6524065.589 EVG929 20E EXIT
6525065.589 EVH936 20E ENTRY
6525565.589 EVH936 30E MAINROAD
6526065.589 EVH936 40E EXIT
6527065.589 EVI943 40E ENTRY
6527565.589 EVI943 50E MAINROAD
6528065.589 EVI943 60E EXIT
6529065.589 EVJ950 60E ENTRY
6529565.589 EVJ950 70E MAINROAD
6530065.589 EVJ950 80E EXIT
6531065.589 EVK957 80E ENTRY
6531565.589 EVK957 90E MAINROAD
6532065.589 EVK957 100E EXIT
6533065.589 EVL964 100E ENTRY
6533565.589 EVL964 110E MAINROAD
6534065.589 EVL964 120E EXIT
6535065.589 EVM971 120E ENTRY
6535565.589 EVM971 130E MAINROAD
6536065.589 EVM971 140E EXIT
6537065.589 EVN978 140E ENTRY
6537565.589 EVN978 150E MAINROAD
6538065.589 EVN978 160E EXIT
6539065.589 EVO985 160E ENTRY
6539565.589 EVO985 170E MAINROAD
6540065.589 EVO985 180E EXIT
6541065.589 EVP992 180E ENTRY
6541565.589 EVP992 190E MAINROAD
6542065.589 EVP992 200E EXIT
6543065.589 EVQ999 200E ENTRY
6543565.589 EVQ999 210E MAINROAD
6544065.589 EVQ999 220E EXIT
6545065.589 EVR006 220E ENTRY
6545565.589 EVR006 230E MAINROAD
6546065.589 EVR006 240E EXIT
6547065.589 EVS013 240E ENTRY
6547565.589 EVS013 250E MAINROAD
6548065.589 EVS013 260E EXIT
6549065.589 EVT020 260E ENTRY
6549565.589 EVT020 270E MAINROAD
6550065.589 EVT020 280E EXIT
6551065.589 EVU027 280E ENTRY
6551565.589 EVU027 290E MAINROAD
6552065.589 EVU027 300E EXIT
6553065.589 EVV034 300E ENTRY
6553565.589 EVV034 310E MAINROAD
6554065.589 EVV034 320E EXIT
6555065.589 EVW041 320E ENTRY
6555565.589 EVW041 330E MAINROAD
6556065.589 EVW041 340E EXIT
6557065.589 EVX048 340E ENTRY
6557565.589 EVX048 350E MAINROAD
6558065.589 EVX048 360E EXIT
6559065.589 EVY055 360E ENTRY
6559565.589 EVY055 370E MAINROAD
6560065.589 EVY055 380E EXIT
6561065.589 EVZ062 0E ENTRY
6561565.589 EVZ062 10E MAINROAD
6562065.589 EVZ062 20E EXIT
6563065.589 EWA069 20E ENTRY
6563565.589 EWA069 30E MAINROAD
6564065.589 EWA069 40E EXIT
6565065.589 EWB076 40E ENTRY
6565565.589 EWB076 50E MAINROAD
6566065.589 EWB076 60E EXIT
6567065.589 EWC083 60E ENTRY
6567565.589 EWC083 70E MAINROAD
6568065.589 EWC083 80E EXIT
6569065.589 EWD090 80E ENTRY
6569565.589 EWD090 90E MAINROAD
6570065.589 EWD090 100E EXIT
6571065.589 EWE097 100E ENTRY
6571565.589 EWE097 110E MAINROAD
6572065.589 EWE097 120E EXIT
6573065.589 EWF104 120E ENTRY
6573565.589 EWF104 130E MAINROAD
6574065.589 EWF104 140E EXIT
6575065.589 EWG111 140E ENTRY
6575565.589 EWG111 150E MAINROAD
6576065.589 EWG111 160E EXIT
6577065.589 EWH118 160E ENTRY
6577565.589 EWH118 170E MAINROAD
6578065.589 EWH118 180E EXIT
6579065.589 EWI125 180E ENTRY
6579565.589 EWI125 190E MAINROAD
6580065.589 EWI125 200E EXIT
6581065.589 EWJ132 200E ENTRY
6581565.589 EWJ132 210E MAINROAD
6582065.589 EWJ132 220E EXIT
6583065.589 EWK139 220E ENTRY
6583565.589 EWK139 230E MAINROAD
6584065.589 EWK139 240E EXIT
6585065.589 EWL146 240E ENTRY
6585565.589 EWL146 250E MAINROAD
6586065.589 EWL146 260E EXIT
6587065.589 EWM153 260E ENTRY
6587565.589 EWM153 270E MAINROAD
6588065.589 EWM153 280E EXIT
6589065.589 EWN160 280E ENTRY
6589565.589 EWN160 290E MAINROAD
6590065.589 EWN160 300E EXIT
6591065.589 EWO167 300E ENTRY
6591565.589 EWO167 310E MAINROAD
6592065.589 EWO167 320E EXIT
6593065.589 EWP174 320E ENTRY
6593565.589 EWP174 330E MAINROAD
6594065.589 EWP174 340E EXIT
6595065.589 EWQ181 340E ENTRY
6595565.589 EWQ181 350E MAINROAD
6596065.589 EWQ181 360E EXIT
6597065.589 EWR188 360E ENTRY
6597565.589 EWR188 370E MAINROAD
6598065.589 EWR188 380E EXIT
6599065.589 EWS195 0E ENTRY
6599565.589 EWS195 10E MAINROAD
6600065.589 EWS195 20E EXIT
6601065.589 EWT202 20E ENTRY
6601565.589 EWT202 30E MAINROAD
6602065.589 EWT202 40E EXIT
6603065.589 EWU209 40E ENTRY
6603565.589 EWU209 50E MAINROAD
6604065.589 EWU209 60E EXIT
6605065.589 EWV216 60E ENTRY
6605565.589 EWV216 70E MAINROAD
6606065.589 EWV216 80E EXIT
6607065.589 EWW223 80E ENTRY
6607565.589 EWW223 90E MAINROAD
6608065.589 EWW223 100E EXIT
6609065.589 EWX230 100E ENTRY
6609565.589 EWX230 110E MAINROAD
6610065.589 EWX230 120E EXIT
6611065.589 EWY237 120E ENTRY
6611565.589 EWY237 130E MAINROAD
6612065.589 EWY237 140E EXIT
6613065.589 EWZ244 140E ENTRY
6613565.589 EWZ244 150E MAINROAD
6614065.589 EWZ244 160E EXIT
6615065.589 EXA251 160E ENTRY
6615565.589 EXA251 170E MAINROAD
6616065.589 EXA251 180E EXIT
6617065.589 EXB258 180E ENTRY
6617565.589 EXB258 190E MAINROAD
6618065.589 EXB258 200E EXIT
6619065.589 EXC265 200E ENTRY
6619565.589 EXC265 210E MAINROAD
6620065.589 EXC265 220E EXIT
6621065.589 EXD272 220E ENTRY
6621565.589 EXD272 230E MAINROAD
6622065.589 EXD272 240E EXIT
6623065.589 EXE279 240E ENTRY
6623565.589 EXE279 250E MAINROAD
6624065.589 EXE279 260E EXIT
6625065.589 EXF286 260E ENTRY
6625565.589 EXF286 270E MAINROAD
6626065.589 EXF286 280E EXIT
6627065.589 EXG293 280E ENTRY
6627565.589 EXG293 290E MAINROAD
6628065.589 EXG293 300E EXIT
6629065.589 EXH300 300E ENTRY
6629565.589 EXH300 310E MAINROAD
6630065.589 EXH300 320E EXIT
6631065.589 EXI307 320E ENTRY
6631565.589 EXI307 330E MAINROAD
6632065.589 EXI307 340E EXIT
6633065.589 EXJ314 340E ENTRY
6633565.589 EXJ314 350E MAINROAD
6634065.589 EXJ314 360E EXIT
6635065.589 EXK321 360E ENTRY
6635565.589 EXK321 370E MAINROAD
6636065.589 EXK321 380E EXIT
6637065.589 EXL328 0E ENTRY
6637565.589 EXL328 10E MAINROAD
6638065.589 EXL328 20E EXIT
6639065.589 EXM335 20E ENTRY
6639565.589 EXM335 30E MAINROAD
6640065.589 EXM335 40E EXIT
6641065.589 EXN342 40E ENTRY
6641565.589 EXN342 50E MAINROAD
6642065.589 EXN342 60E EXIT
6643065.589 EXO349 60E ENTRY
6643565.589 EXO349 70E MAINROAD
6644065.589 EXO349 80E EXIT
6645065.589 EXP356 80E ENTRY
6645565.589 EXP356 90E MAINROAD
6646065.589 EXP356 100E EXIT
6647065.589 EXQ363 100E ENTRY
6647565.589 EXQ363 110E MAINROAD
6648065.589 EXQ363 120E EXIT
6649065.589 EXR370 120E ENTRY
6649565.589 EXR370 130E MAINROAD
6650065.589 EXR370 140E EXIT
6651065.589 EXS377 140E ENTRY
6651565.589 EXS377 150E MAINROAD
6652065.589 EXS377 160E EXIT
6653065.589 EXT384 160E ENTRY
6653565.589 EXT384 170E MAINROAD
6654065.589 EXT384 180E EXIT
6655065.589 EXU391 180E ENTRY
6655565.589 EXU391 190E MAINROAD
6656065.589 EXU391 200E EXIT
6657065.589 EXV398 200E ENTRY
6657565.589 EXV398 210E MAINROAD
6658065.589 EXV398 220E EXIT
6659065.589 EXW405 220E ENTRY
6659565.589 EXW405 230E MAINROAD
6660065.589 EXW405 240E EXIT
6661065.589 EXX412 240E ENTRY
6661565.589 EXX412 250E MAINROAD
6662065.589 EXX412 260E EXIT
6663065.589 EXY419 260E ENTRY
6663565.589 EXY419 270E MAINROAD
6664065.589 EXY419 280E EXIT
6665065.589 EXZ426 280E ENTRY
6665565.589 EXZ426 290E MAINROAD
6666065.589 EXZ426 300E EXIT
6667065.589 EYA433 300E ENTRY
6667565.589 EYA433 310E MAINROAD
6668065.589 EYA433 320E EXIT
6669065.589 EYB440 320E ENTRY
6669565.589 EYB440 330E MAINROAD
6670065.589 EYB440 340E EXIT
6671065.589 EYC447 340E ENTRY
6671565.589 EYC447 350E MAINROAD
6672065.589 EYC447 360E EXIT
6673065.589 EYD454 360E ENTRY
6673565.589 EYD454 370E MAINROAD
6674065.589 EYD454 380E EXIT
6675065.589 EYE461 0E ENTRY
6675565.589 EYE461 10E MAINROAD
6676065.589 EYE461 20E EXIT
6677065.589 EYF468 20E ENTRY
6677565.589 EYF468 30E MAINROAD
6678065.589 EYF468 40E EXIT
6679065.589 EYG475 40E ENTRY
6679565.589 EYG475 50E MAINROAD
6680065.589 EYG475 60E EXIT
6681065.589 EYH482 60E ENTRY
6681565.589 EYH482 70E MAINROAD
6682065.589 EYH482 80E EXIT
6683065.589 EYI489 80E ENTRY
6683565.589 EYI489 90E MAINROAD
6684065.589 EYI489 100E EXIT
6685065.589 EYJ496 100E ENTRY
6685565.589 EYJ496 110E MAINROAD
6686065.589 EYJ496 120E EXIT
6687065.589 EYK503 120E ENTRY
6687565.589 EYK503 130E MAINROAD
6688065.589 EYK503 140E EXIT
6689065.589 EYL510 140E ENTRY
6689565.589 EYL510 150E MAINROAD
6690065.589 EYL510 160E EXIT
6691065.589 EYM517 160E ENTRY
6691565.589 EYM517 170E MAINROAD
6692065.589 EYM517 180E EXIT
6693065.589 EYN524 180E ENTRY
6693565.589 EYN524 190E MAINROAD
6694065.589 EYN524 200E EXIT
6695065.589 EYO531 200E ENTRY
6695565.589 EYO531 210E MAINROAD
6696065.589 EYO531 220E EXIT
6697065.589 EYP538 220E ENTRY
6697565.589 EYP538 230E MAINROAD
6698065.589 EYP538 240E EXIT
6699065.589 EYQ545 240E ENTRY
6699565.589 EYQ545 250E MAINROAD
6700065.589 EYQ545 260E EXIT
6701065.589 EYR552 260E ENTRY
6701565.589 EYR552 270E MAINROAD
6702065.589 EYR552 280E EXIT
6703065.589 EYS559 280E ENTRY
6703565.589 EYS559 290E MAINROAD
6704065.589 EYS559 300E EXIT
6705065.589 EYT566 300E ENTRY
6705565.589 EYT566 310E MAINROAD
6706065.589 EYT566 320E EXIT
6707065.589 EYU573 320E ENTRY
6707565.589 EYU573 330E MAINROAD
6708065.589 EYU573 340E EXIT
6709065.589 EYV580 340E ENTRY
6709565.589 EYV580 350E MAINROAD
6710065.589 EYV580 360E EXIT
6711065.589 EYW587 360E ENTRY
6711565.589 EYW587 370E MAINROAD
6712065.589 EYW587 380E EXIT
6713065.589 EYX594 0E ENTRY
6713565.589 EYX594 10E MAINROAD
6714065.589 EYX594 20E EXIT
6715065.589 EYY601 20E ENTRY
6715565.589 EYY601 30E MAINROAD
6716065.589 EYY601 40E EXIT
6717065.589 EYZ608 40E ENTRY
6717565.589 EYZ608 50E MAINROAD
6718065.589 EYZ608 60E EXIT
6719065.589 EZA615 60E ENTRY
6719565.589 EZA615 70E MAINROAD
6720065.589 EZA615 80E EXIT
6721065.589 EZB622 80E ENTRY
6721565.589 EZB622 90E MAINROAD
6722065.589 EZB622 100E EXIT
6723065.589 EZC629 100E ENTRY
6723565.589 EZC629 110E MAINROAD
6724065.589 EZC629 120E EXIT
6725065.589 EZD636 120E ENTRY
6725565.589 EZD636 130E MAINROAD
6726065.589 EZD636 140E EXIT
6727065.589 EZE643 140E ENTRY
6727565.589 EZE643 150E MAINROAD
6728065.589 EZE643 160E EXIT
6729065.589 EZF650 160E ENTRY
6729565.589 EZF650 170E MAINROAD
6730065.589 EZF650 180E EXIT
6731065.589 EZG657 180E ENTRY
6731565.589 EZG657 190E MAINROAD
6732065.589 EZG657 200E EXIT
6733065.589 EZH664 200E ENTRY
6733565.589 EZH664 210E MAINROAD
6734065.589 EZH664 220E EXIT
6735065.589 EZI671 220E ENTRY
6735565.589 EZI671 230E MAINROAD
6736065.589 EZI671 240E EXIT
6737065.589 EZJ678 240E ENTRY
6737565.589 EZJ678 250E MAINROAD
6738065.589 EZJ678 260E EXIT
6739065.589 EZK685 260E ENTRY
6739565.589 EZK685 270E MAINROAD
6740065.589 EZK685 280E EXIT
6741065.589 EZL692 280E ENTRY
6741565.589 EZL692 290E MAINROAD
6742065.589 EZL692 300E EXIT
6743065.589 EZM699 300E ENTRY
6743565.589 EZM699 310E MAINROAD
6744065.589 EZM699 320E EXIT
6745065.589 EZN706 320E ENTRY
6745565.589 EZN706 330E MAINROAD
6746065.589 EZN706 340E EXIT
6747065.589 EZO713 340E ENTRY
6747565.589 EZO713 350E MAINROAD
6748065.589 EZO713 360E EXIT
6749065.589 EZP720 360E ENTRY
6749565.589 EZP720 370E MAINROAD
6750065.589 EZP720 380E EXIT
6751065.589 EZQ727 0E ENTRY
6751565.589 EZQ727 10E MAINROAD
6752065.589 EZQ727 20E EXIT
6753065.589 EZR734 20E ENTRY
6753565.589 EZR734 30E MAINROAD
6754065.589 EZR734 40E EXIT
6755065.589 EZS741 40E ENTRY
6755565.589 EZS741 50E MAINROAD
6756065.589 EZS741 60E EXIT
6757065.589 EZT748 60E ENTRY
6757565.589 EZT748 70E MAINROAD
6758065.589 EZT748 80E EXIT
6759065.589 EZU755 80E ENTRY
6759565.589 EZU755 90E MAINROAD
6760065.589 EZU755 100E EXIT
6761065.589 EZV762 100E ENTRY
6761565.589 EZV762 110E MAINROAD
6762065.589 EZV762 120E EXIT
6763065.589 EZW769 120E ENTRY
6763565.589 EZW769 130E MAINROAD
6764065.589 EZW769 140E EXIT
6765065.589 EZX776 140E ENTRY
6765565.589 EZX776 150E MAINROAD
6766065.589 EZX776 160E EXIT
6767065.589 EZY783 160E ENTRY
6767565.589 EZY783 170E MAINROAD
6768065.589 EZY783 180E EXIT
6769065.589 EZZ790 180E ENTRY
6769565.589 EZZ790 190E MAINROAD
6770065.589 EZZ790 200E EXIT
6771065.589 FAA797 200E ENTRY
6771565.589 FAA797 210E MAINROAD
6772065.589 FAA797 220E EXIT
6773065.589 FAB804 220E ENTRY
6773565.589 FAB804 230E MAINROAD
6774065.589 FAB804 240E EXIT
6775065.589 FAC811 240E ENTRY
6775565.589 FAC811 250E MAINROAD
6776065.589 FAC811 260E EXIT
6777065.589 FAD818 260E ENTRY
6777565.589 FAD818 270E MAINROAD
6778065.589 FAD818 280E EXIT
6779065.589 FAE825 280E ENTRY
6779565.589 FAE825 290E MAINROAD
6780065.589 FAE825 300E EXIT
6781065.589 FAF832 300E ENTRY
6781565.589 FAF832 310E MAINROAD
6782065.589 FAF832 320E EXIT
6783065.589 FAG839 320E ENTRY
6783565.589 FAG839 330E MAINROAD
6784065.589 FAG839 340E EXIT
6785065.589 FAH846 340E ENTRY
6785565.589 FAH846 350E MAINROAD
6786065.589 FAH846 360E EXIT
6787065.589 FAI853 360E ENTRY
6787565.589 FAI853 370E MAINROAD
6788065.589 FAI853 380E EXIT
6789065.589 FAJ860 0E ENTRY
6789565.589 FAJ860 10E MAINROAD
6790065.589 FAJ860 20E EXIT
6791065.589 FAK867 20E ENTRY
6791565.589 FAK867 30E MAINROAD
6792065.589 FAK867 40E EXIT
6793065.589 FAL874 40E ENTRY
6793565.589 FAL874 50E MAINROAD
6794065.589 FAL874 60E EXIT
6795065.589 FAM881 60E ENTRY
6795565.589 FAM881 70E MAINROAD
6796065.589 FAM881 80E EXIT
6797065.589 FAN888 80E ENTRY
6797565.589 FAN888 90E MAINROAD
6798065.589 FAN888 100E EXIT
6799065.589 FAO895 100E ENTRY
6799565.589 FAO895 110E MAINROAD
6800065.589 FAO895 120E EXIT
6801065.589 FAP902 120E ENTRY
6801565.589 FAP902 130E MAINROAD
6802065.589 FAP902 140E EXIT
6803065.589 FAQ909 140E ENTRY
6803565.589 FAQ909 150E MAINROAD
6804065.589 FAQ909 160E EXIT
6805065.589 FAR916 160E ENTRY
6805565.589 FAR916 170E MAINROAD
6806065.589 FAR916 180E EXIT
6807065.589 FAS923 180E ENTRY
6807565.589 FAS923 190E MAINROAD
6808065.589 FAS923 200E EXIT
6809065.589 FAT930 200E ENTRY
6809565.589 FAT930 210E MAINROAD
6810065.589 FAT930 220E EXIT
6811065.589 FAU937 220E ENTRY
6811565.589 FAU937 230E MAINROAD
6812065.589 FAU937 240E EXIT
6813065.589 FAV944 240E ENTRY
6813565.589 FAV944 250E MAINROAD
6814065.589 FAV944 260E EXIT
6815065.589 FAW951 260E ENTRY
6815565.589 FAW951 270E MAINROAD
6816065.589 FAW951 280E EXIT
6817065.589 FAX958 280E ENTRY
6817565.589 FAX958 290E MAINROAD
6818065.589 FAX958 300E EXIT
6819065.589 FAY965 300E ENTRY
6819565.589 FAY965 310E MAINROAD
6820065.589 FAY965 320E EXIT
6821065.589 FAZ972 320E ENTRY
6821565.589 FAZ972 330E MAINROAD
6822065.589 FAZ972 340E EXIT
6823065.589 FBA979 340E ENTRY
6823565.589 FBA979 350E MAINROAD
6824065.589 FBA979 360E EXIT
6825065.589 FBB986 360E ENTRY
6825565.589 FBB986 370E MAINROAD
6826065.589 FBB986 380E EXIT
6827065.589 FBC993 0E ENTRY
6827565.589 FBC993 10E MAINROAD
6828065.589 FBC993 20E EXIT
6829065.589 FBD000 20E ENTRY
6829565.589 FBD000 30E MAINROAD
6830065.589 FBD000 40E EXIT
6831065.589 FBE007 40E ENTRY
6831565.589 FBE007 50E MAINROAD
6832065.589 FBE007 60E EXIT
6833065.589 FBF014 60E ENTRY
6833565.589 FBF014 70E MAINROAD
6834065.589 FBF014 80E EXIT
6835065.589 FBG021 80E ENTRY
6835565.589 FBG021 90E MAINROAD
6836065.589 FBG021 100E EXIT
6837065.589 FBH028 100E ENTRY
6837565.589 FBH028 110E MAINROAD
6838065.589 FBH028 120E EXIT
6839065.589 FBI035 120E ENTRY
6839565.589 FBI035 130E MAINROAD
6840065.589 FBI035 140E EXIT
6841065.589 FBJ042 140E ENTRY
6841565.589 FBJ042 150E MAINROAD
6842065.589 FBJ042 160E EXIT
6843065.589 FBK049 160E ENTRY
6843565.589 FBK049 170E MAINROAD
6844065.589 FBK049 180E EXIT
6845065.589 FBL056 180E ENTRY
6845565.589 FBL056 190E MAINROAD
6846065.589 FBL056 200E EXIT
6847065.589 FBM063 200E ENTRY
6847565.589 FBM063 210E MAINROAD
6848065.589 FBM063 220E EXIT
6849065.589 FBN070 220E ENTRY
6849565.589 FBN070 230E MAINROAD
6850065.589 FBN070 240E EXIT
6851065.589 FBO077 240E ENTRY
6851565.589 FBO077 250E MAINROAD
6852065.589 FBO077 260E EXIT
6853065.589 FBP084 260E ENTRY
6853565.589 FBP084 270E MAINROAD
6854065.589 FBP084 280E EXIT
6855065.589 FBQ091 280E ENTRY
6855565.589 FBQ091 290E MAINROAD
6856065.589 FBQ091 300E EXIT
6857065.589 FBR098 300E ENTRY
6857565.589 FBR098 310E MAINROAD
6858065.589 FBR098 320E EXIT
6859065.589 FBS105 320E ENTRY
6859565.589 FBS105 330E MAINROAD
6860065.589 FBS105 340E EXIT
6861065.589 FBT112 340E ENTRY
6861565.589 FBT112 350E MAINROAD
6862065.589 FBT112 360E EXIT
6863065.589 FBU119 360E ENTRY
6863565.589 FBU119 370E MAINROAD
6864065.589 FBU119 380E EXIT
6865065.589 FBV126 0E ENTRY
6865565.589 FBV126 10E MAINROAD
6866065.589 FBV126 20E EXIT
6867065.589 FBW133 20E ENTRY
6867565.589 FBW133 30E MAINROAD
6868065.589 FBW133 40E EXIT
6869065.589 FBX140 40E ENTRY
6869565.589 FBX140 50E MAINROAD
6870065.589 FBX140 60E EXIT
6871065.589 FBY147 60E ENTRY
6871565.589 FBY147 70E MAINROAD
6872065.589 FBY147 80E EXIT
6873065.589 FBZ154 80E ENTRY
6873565.589 FBZ154 90E MAINROAD
6874065.589 FBZ154 100E EXIT
6875065.589 FCA161 100E ENTRY
6875565.589 FCA161 110E MAINROAD
6876065.589 FCA161 120E EXIT
6877065.589 FCB168 120E ENTRY
6877565.589 FCB168 130E MAINROAD
6878065.589 FCB168 140E EXIT
6879065.589 FCC175 140E ENTRY
6879565.589 FCC175 150E MAINROAD
6880065.589 FCC175 160E EXIT
6881065.589 FCD182 160E ENTRY
6881565.589 FCD182 170E MAINROAD
6882065.589 FCD182 180E EXIT
6883065.589 FCE189 180E ENTRY
6883565.589 FCE189 190E MAINROAD
6884065.589 FCE189 200E EXIT
6885065.589 FCF196 200E ENTRY
6885565.589 FCF196 210E MAINROAD
6886065.589 FCF196 220E EXIT
6887065.589 FCG203 220E ENTRY
6887565.589 FCG203 230E MAINROAD
6888065.589 FCG203 240E EXIT
6889065.589 FCH210 240E ENTRY
6889565.589 FCH210 250E MAINROAD
6890065.589 FCH210 260E EXIT
6891065.589 FCI217 260E ENTRY
6891565.589 FCI217 270E MAINROAD
6892065.589 FCI217 280E EXIT
6893065.589 FCJ224 280E ENTRY
6893565.589 FCJ224 290E MAINROAD
6894065.589 FCJ224 300E EXIT
6895065.589 FCK231 300E ENTRY
6895565.589 FCK231 310E MAINROAD
6896065.589 FCK231 320E EXIT
6897065.589 FCL238 320E ENTRY
6897565.589 FCL238 330E MAINROAD
6898065.589 FCL238 340E EXIT
6899065.589 FCM245 340E ENTRY
6899565.589 FCM245 350E MAINROAD
6900065.589 FCM245 360E EXIT
6901065.589 FCN252 360E ENTRY
6901565.589 FCN252 370E MAINROAD
6902065.589 FCN252 380E EXIT
6903065.589 FCO259 0E ENTRY
6903565.589 FCO259 10E MAINROAD
6904065.589 FCO259 20E EXIT
6905065.589 FCP266 20E ENTRY
6905565.589 FCP266 30E MAINROAD
6906065.589 FCP266 40E EXIT
6907065.589 FCQ273 40E ENTRY
6907565.589 FCQ273 50E MAINROAD
6908065.589 FCQ273 60E EXIT
6909065.589 FCR280 60E ENTRY
6909565.589 FCR280 70E MAINROAD
6910065.589 FCR280 80E EXIT
6911065.589 FCS287 80E ENTRY
6911565.589 FCS287 90E MAINROAD
6912065.589 FCS287 100E EXIT
6913065.589 FCT294 100E ENTRY
6913565.589 FCT294 110E MAINROAD
6914065.589 FCT294 120E EXIT
6915065.589 FCU301 120E ENTRY
6915565.589 FCU301 130E MAINROAD
6916065.589 FCU301 140E EXIT
6917065.589 FCV308 140E ENTRY
6917565.589 FCV308 150E MAINROAD
6918065.589 FCV308 160E EXIT
6919065.589 FCW315 160E ENTRY
6919565.589 FCW315 170E MAINROAD
6920065.589 FCW315 180E EXIT
6921065.589 FCX322 180E ENTRY
6921565.589 FCX322 190E MAINROAD
6922065.589 FCX322 200E EXIT
6923065.589 FCY329 200E ENTRY
6923565.589 FCY329 210E MAINROAD
6924065.589 FCY329 220E EXIT
6925065.589 FCZ336 220E ENTRY
6925565.589 FCZ336 230E MAINROAD
6926065.589 FCZ336 240E EXIT
6927065.589 FDA343 240E ENTRY
6927565.589 FDA343 250E MAINROAD
6928065.589 FDA343 260E EXIT
6929065.589 FDB350 260E ENTRY
6929565.589 FDB350 270E MAINROAD
6930065.589 FDB350 280E EXIT
6931065.589 FDC357 280E ENTRY
6931565.589 FDC357 290E MAINROAD
6932065.589 FDC357 300E EXIT
6933065.589 FDD364 300E ENTRY
6933565.589 FDD364 310E MAINROAD
6934065.589 FDD364 320E EXIT
6935065.589 FDE371 320E ENTRY
6935565.589 FDE371 330E MAINROAD
6936065.589 FDE371 340E EXIT
6937065.589 FDF378 340E ENTRY
6937565.589 FDF378 350E MAINROAD
6938065.589 FDF378 360E EXIT
6939065.589 FDG385 360E ENTRY
6939565.589 FDG385 370E MAINROAD
6940065.589 FDG385 380E EXIT
6941065.589 FDH392 0E ENTRY
6941565.589 FDH392 10E MAINROAD
6942065.589 FDH392 20E EXIT
6943065.589 FDI399 20E ENTRY
6943565.589 FDI399 30E MAINROAD
6944065.589 FDI399 40E EXIT
6945065.589 FDJ406 40E ENTRY
6945565.589 FDJ406 50E MAINROAD
6946065.589 FDJ406 60E EXIT
6947065.589 FDK413 60E ENTRY
6947565.589 FDK413 70E MAINROAD
6948065.589 FDK413 80E EXIT
6949065.589 FDL420 80E ENTRY
6949565.589 FDL420 90E MAINROAD
6950065.589 FDL420 100E EXIT
6951065.589 FDM427 100E ENTRY
6951565.589 FDM427 110E MAINROAD
6952065.589 FDM427 120E EXIT
6953065.589 FDN434 120E ENTRY
6953565.589 FDN434 130E MAINROAD
6954065.589 FDN434 140E EXIT
6955065.589 FDO441 140E ENTRY
6955565.589 FDO441 150E MAINROAD
6956065.589 FDO441 160E EXIT
6957065.589 FDP448 160E ENTRY
6957565.589 FDP448 170E MAINROAD
6958065.589 FDP448 180E EXIT
6959065.589 FDQ455 180E ENTRY
6959565.589 FDQ455 190E MAINROAD
6960065.589 FDQ455 200E EXIT
6961065.589 FDR462 200E ENTRY
6961565.589 FDR462 210E MAINROAD
6962065.589 FDR462 220E EXIT
6963065.589 FDS469 220E ENTRY
6963565.589 FDS469 230E MAINROAD
6964065.589 FDS469 240E EXIT
6965065.589 FDT476 240E ENTRY
6965565.589 FDT476 250E MAINROAD
6966065.589 FDT476 260E EXIT
6967065.589 FDU483 260E ENTRY
6967565.589 FDU483 270E MAINROAD
6968065.589 FDU483 280E EXIT
6969065.589 FDV490 280E ENTRY
6969565.589 FDV490 290E MAINROAD
6970065.589 FDV490 300E EXIT
6971065.589 FDW497 300E ENTRY
6971565.589 FDW497 310E MAINROAD
6972065.589 FDW497 320E EXIT
6973065.589 FDX504 320E ENTRY
6973565.589 FDX504 330E MAINROAD
6974065.589 FDX504 340E EXIT
6975065.589 FDY511 340E ENTRY
6975565.589 FDY511 350E MAINROAD
6976065.589 FDY511 360E EXIT
6977065.589 FDZ518 360E ENTRY
6977565.589 FDZ518 370E MAINROAD
6978065.589 FDZ518 380E EXIT
6979065.589 FEA525 0E ENTRY
6979565.589 FEA525 10E MAINROAD
6980065.589 FEA525 20E EXIT
6981065.589 FEB532 20E ENTRY
6981565.589 FEB532 30E MAINROAD
6982065.589 FEB532 40E EXIT
6983065.589 FEC539 40E ENTRY
6983565.589 FEC539 50E MAINROAD
6984065.589 FEC539 60E EXIT
6985065.589 FED546 60E ENTRY
6985565.589 FED546 70E MAINROAD
6986065.589 FED546 80E EXIT
6987065.589 FEE553 80E ENTRY
6987565.589 FEE553 90E MAINROAD
6988065.589 FEE553 100E EXIT
6989065.589 FEF560 100E ENTRY
6989565.589 FEF560 110E MAINROAD
6990065.589 FEF560 120E EXIT
6991065.589 FEG567 120E ENTRY
6991565.589 FEG567 130E MAINROAD
6992065.589 FEG567 140E EXIT
6993065.589 FEH574 140E ENTRY
6993565.589 FEH574 150E MAINROAD
6994065.589 FEH574 160E EXIT
6995065.589 FEI581 160E ENTRY
6995565.589 FEI581 170E MAINROAD
6996065.589 FEI581 180E EXIT
6997065.589 FEJ588 180E ENTRY
6997565.589 FEJ588 190E MAINROAD
6998065.589 FEJ588 200E EXIT
6999065.589 FEK595 200E ENTRY
6999565.589 FEK595 210E MAINROAD
7000065.589 FEK595 220E EXIT
7001065.589 FEL602 220E ENTRY
7001565.589 FEL602 230E MAINROAD
7002065.589 FEL602 240E EXIT
7003065.589 FEM609 240E ENTRY
7003565.589 FEM609 250E MAINROAD
7004065.589 FEM609 260E EXIT
7005065.589 FEN616 260E ENTRY
7005565.589 FEN616 270E MAINROAD
7006065.589 FEN616 280E EXIT
7007065.589 FEO623 280E ENTRY
7007565.589 FEO623 290E MAINROAD
7008065.589 FEO623 300E EXIT
7009065.589 FEP630 300E ENTRY
7009565.589 FEP630 310E MAINROAD
7010065.589 FEP630 320E EXIT
7011065.589 FEQ637 320E ENTRY
7011565.589 FEQ637 330E MAINROAD
7012065.589 FEQ637 340E EXIT
7013065.589 FER644 340E ENTRY
7013565.589 FER644 350E MAINROAD
7014065.589 FER644 360E EXIT
7015065.589 FES651 360E ENTRY
7015565.589 FES651 370E MAINROAD
7016065.589 FES651 380E EXIT
7017065.589 FET658 0E ENTRY
7017565.589 FET658 10E MAINROAD
7018065.589 FET658 20E EXIT
7019065.589 FEU665 20E ENTRY
7019565.589 FEU665 30E MAINROAD
7020065.589 FEU665 40E EXIT
7021065.589 FEV672 40E ENTRY
7021565.589 FEV672 50E MAINROAD
7022065.589 FEV672 60E EXIT
7023065.589 FEW679 60E ENTRY
7023565.589 FEW679 70E MAINROAD
7024065.589 FEW679 80E EXIT
7025065.589 FEX686 80E ENTRY
7025565.589 FEX686 90E MAINROAD
7026065.589 FEX686 100E EXIT
7027065.589 FEY693 100E ENTRY
7027565.589 FEY693 110E MAINROAD
7028065.589 FEY693 120E EXIT
7029065.589 FEZ700 120E ENTRY
7029565.589 FEZ700 130E MAINROAD
7030065.589 FEZ700 140E EXIT
7031065.589 FFA707 140E ENTRY
7031565.589 FFA707 150E MAINROAD
7032065.589 FFA707 160E EXIT
7033065.589 FFB714 160E ENTRY
7033565.589 FFB714 170E MAINROAD
7034065.589 FFB714 180E EXIT
7035065.589 FFC721 180E ENTRY
7035565.589 FFC721 190E MAINROAD
7036065.589 FFC721 200E EXIT
7037065.589 FFD728 200E ENTRY
7037565.589 FFD728 210E MAINROAD
7038065.589 FFD728 220E EXIT
7039065.589 FFE735 220E ENTRY
7039565.589 FFE735 230E MAINROAD
7040065.589 FFE735 240E EXIT
7041065.589 FFF742 240E ENTRY
7041565.589 FFF742 250E MAINROAD
7042065.589 FFF742 260E EXIT
7043065.589 FFG749 260E ENTRY
7043565.589 FFG749 270E MAINROAD
7044065.589 FFG749 280E EXIT
7045065.589 FFH756 280E ENTRY
7045565.589 FFH756 290E MAINROAD
7046065.589 FFH756 300E EXIT
7047065.589 FFI763 300E ENTRY
7047565.589 FFI763 310E MAINROAD
7048065.589 FFI763 320E EXIT
7049065.589 FFJ770 320E ENTRY
7049565.589 FFJ770 330E MAINROAD
7050065.589 FFJ770 340E EXIT
7051065.589 FFK777 340E ENTRY
7051565.589 FFK777 350E MAINROAD
7052065.589 FFK777 360E EXIT
7053065.589 FFL784 360E ENTRY
7053565.589 FFL784 370E MAINROAD
7054065.589 FFL784 380E EXIT
7055065.589 FFM791 0E ENTRY
7055565.589 FFM791 10E MAINROAD
7056065.589 FFM791 20E EXIT
7057065.589 FFN798 20E ENTRY
7057565.589 FFN798 30E MAINROAD
7058065.589 FFN798 40E EXIT
7059065.589 FFO805 40E ENTRY
7059565.589 FFO805 50E MAINROAD
7060065.589 FFO805 60E EXIT
7061065.589 FFP812 60E ENTRY
7061565.589 FFP812 70E MAINROAD
7062065.589 FFP812 80E EXIT
7063065.589 FFQ819 80E ENTRY
7063565.589 FFQ819 90E MAINROAD
7064065.589 FFQ819 100E EXIT
7065065.589 FFR826 100E ENTRY
7065565.589 FFR826 110E MAINROAD
7066065.589 FFR826 120E EXIT
7067065.589 FFS833 120E ENTRY
7067565.589 FFS833 130E MAINROAD
7068065.589 FFS833 140E EXIT
7069065.589 FFT840 140E ENTRY
7069565.589 FFT840 150E MAINROAD
7070065.589 FFT840 160E EXIT
7071065.589 FFU847 160E ENTRY
7071565.589 FFU847 170E MAINROAD
7072065.589 FFU847 180E EXIT
7073065.589 FFV854 180E ENTRY
7073565.589 FFV854 190E MAINROAD
7074065.589 FFV854 200E EXIT
7075065.589 FFW861 200E ENTRY
7075565.589 FFW861 210E MAINROAD
7076065.589 FFW861 220E EXIT
7077065.589 FFX868 220E ENTRY
7077565.589 FFX868 230E MAINROAD
7078065.589 FFX868 240E EXIT
7079065.589 FFY875 240E ENTRY
7079565.589 FFY875 250E MAINROAD
7080065.589 FFY875 260E EXIT
7081065.589 FFZ882 260E ENTRY
7081565.589 FFZ882 270E MAINROAD
7082065.589 FFZ882 280E EXIT
7083065.589 FGA889 280E ENTRY
7083565.589 FGA889 290E MAINROAD
7084065.589 FGA889 300E EXIT
7085065.589 FGB896 300E ENTRY
7085565.589 FGB896 310E MAINROAD
7086065.589 FGB896 320E EXIT
7087065.589 FGC903 320E ENTRY
7087565.589 FGC903 330E MAINROAD
7088065.589 FGC903 340E EXIT
7089065.589 FGD910 340E ENTRY
7089565.589 FGD910 350E MAINROAD
7090065.589 FGD910 360E EXIT
7091065.589 FGE917 360E ENTRY
7091565.589 FGE917 370E MAINROAD
7092065.589 FGE917 380E EXIT
7093065.589 FGF924 0E ENTRY
7093565.589 FGF924 10E MAINROAD
7094065.589 FGF924 20E EXIT
7095065.589 FGG931 20E ENTRY
7095565.589 FGG931 30E MAINROAD
7096065.589 FGG931 40E EXIT
7097065.589 FGH938 40E ENTRY
7097565.589 FGH938 50E MAINROAD
7098065.589 FGH938 60E EXIT
7099065.589 FGI945 60E ENTRY
7099565.589 FGI945 70E MAINROAD
7100065.589 FGI945 80E EXIT
7101065.589 FGJ952 80E ENTRY
7101565.589 FGJ952 90E MAINROAD
7102065.589 FGJ952 100E EXIT
7103065.589 FGK959 100E ENTRY
7103565.589 FGK959 110E MAINROAD
7104065.589 FGK959 120E EXIT
7105065.589 FGL966 120E ENTRY
7105565.589 FGL966 130E MAINROAD
7106065.589 FGL966 140E EXIT
7107065.589 FGM973 140E ENTRY
7107565.589 FGM973 150E MAINROAD
7108065.589 FGM973 160E EXIT
7109065.589 FGN980 160E ENTRY
7109565.589 FGN980 170E MAINROAD
7110065.589 FGN980 180E EXIT
7111065.589 FGO987 180E ENTRY
7111565.589 FGO987 190E MAINROAD
7112065.589 FGO987 200E EXIT
7113065.589 FGP994 200E ENTRY
7113565.589 FGP994 210E MAINROAD
7114065.589 FGP994 220E EXIT
7115065.589 FGQ001 220E ENTRY
7115565.589 FGQ001 230E MAINROAD
7116065.589 FGQ001 240E EXIT
7117065.589 FGR008 240E ENTRY
7117565.589 FGR008 250E MAINROAD
7118065.589 FGR008 260E EXIT
7119065.589 FGS015 260E ENTRY
7119565.589 FGS015 270E MAINROAD
7120065.589 FGS015 280E EXIT
7121065.589 FGT022 280E ENTRY
7121565.589 FGT022 290E MAINROAD
7122065.589 FGT022 300E EXIT
7123065.589 FGU029 300E ENTRY
7123565.589 FGU029 310E MAINROAD
7124065.589 FGU029 320E EXIT
7125065.589 FGV036 320E ENTRY
7125565.589 FGV036 330E MAINROAD
7126065.589 FGV036 340E EXIT
7127065.589 FGW043 340E ENTRY
7127565.589 FGW043 350E MAINROAD
7128065.589 FGW043 360E EXIT
7129065.589 FGX050 360E ENTRY
7129565.589 FGX050 370E MAINROAD
7130065.589 FGX050 380E EXIT
7131065.589 FGY057 0E ENTRY
7131565.589 FGY057 10E MAINROAD
7132065.589 FGY057 20E EXIT
7133065.589 FGZ064 20E ENTRY
7133565.589 FGZ064 30E MAINROAD
7134065.589 FGZ064 40E EXIT
7135065.589 FHA071 40E ENTRY
7135565.589 FHA071 50E MAINROAD
7136065.589 FHA071 60E EXIT
7137065.589 FHB078 60E ENTRY
7137565.589 FHB078 70E MAINROAD
7138065.589 FHB078 80E EXIT
7139065.589 FHC085 80E ENTRY
7139565.589 FHC085 90E MAINROAD
7140065.589 FHC085 100E EXIT
7141065.589 FHD092 100E ENTRY
7141565.589 FHD092 110E MAINROAD
7142065.589 FHD092 120E EXIT
7143065.589 FHE099 120E ENTRY
7143565.589 FHE099 130E MAINROAD
7144065.589 FHE099 140E EXIT
7145065.589 FHF106 140E ENTRY
7145565.589 FHF106 150E MAINROAD
7146065.589 FHF106 160E EXIT
7147065.589 FHG113 160E ENTRY
7147565.589 FHG113 170E MAINROAD
7148065.589 FHG113 180E EXIT
7149065.589 FHH120 180E ENTRY
7149565.589 FHH120 190E MAINROAD
7150065.589 FHH120 200E EXIT
7151065.589 FHI127 200E ENTRY
7151565.589 FHI127 210E MAINROAD
7152065.589 FHI127 220E EXIT
7153065.589 FHJ134 220E ENTRY
7153565.589 FHJ134 230E MAINROAD
7154065.589 FHJ134 240E EXIT
7155065.589 FHK141 240E ENTRY
7155565.589 FHK141 250E MAINROAD
7156065.589 FHK141 260E EXIT
7157065.589 FHL148 260E ENTRY
7157565.589 FHL148 270E MAINROAD
7158065.589 FHL148 280E EXIT
7159065.589 FHM155 280E ENTRY
7159565.589 FHM155 290E MAINROAD
7160065.589 FHM155 300E EXIT
7161065.589 FHN162 300E ENTRY
7161565.589 FHN162 310E MAINROAD
7162065.589 FHN162 320E EXIT
7163065.589 FHO169 320E ENTRY
7163565.589 FHO169 330E MAINROAD
7164065.589 FHO169 340E EXIT
7165065.589 FHP176 340E ENTRY
7165565.589 FHP176 350E MAINROAD
7166065.589 FHP176 360E EXIT
7167065.589 FHQ183 360E ENTRY
7167565.589 FHQ183 370E MAINROAD
7168065.589 FHQ183 380E EXIT
7169065.589 FHR190 0E ENTRY
7169565.589 FHR190 10E MAINROAD
7170065.589 FHR190 20E EXIT
7171065.589 FHS197 20E ENTRY
7171565.589 FHS197 30E MAINROAD
7172065.589 FHS197 40E EXIT
7173065.589 FHT204 40E ENTRY
7173565.589 FHT204 50E MAINROAD
7174065.589 FHT204 60E EXIT
7175065.589 FHU211 60E ENTRY
7175565.589 FHU211 70E MAINROAD
7176065.589 FHU211 80E EXIT
7177065.589 FHV218 80E ENTRY
7177565.589 FHV218 90E MAINROAD
7178065.589 FHV218 100E EXIT
7179065.589 FHW225 100E ENTRY
7179565.589 FHW225 110E MAINROAD
7180065.589 FHW225 120E EXIT
7181065.589 FHX232 120E ENTRY
7181565.589 FHX232 130E MAINROAD
7182065.589 FHX232 140E EXIT
7183065.589 FHY239 140E ENTRY
7183565.589 FHY239 150E MAINROAD
7184065.589 FHY239 160E EXIT
7185065.589 FHZ246 160E ENTRY
7185565.589 FHZ246 170E MAINROAD
7186065.589 FHZ246 180E EXIT
7187065.589 FIA253 180E ENTRY
7187565.589 FIA253 190E MAINROAD
7188065.589 FIA253 200E EXIT
7189065.589 FIB260 200E ENTRY
7189565.589 FIB260 210E MAINROAD
7190065.589 FIB260 220E EXIT
7191065.589 FIC267 220E ENTRY
7191565.589 FIC267 230E MAINROAD
7192065.589 FIC267 240E EXIT
7193065.589 FID274 240E ENTRY
7193565.589 FID274 250E MAINROAD
7194065.589 FID274 260E EXIT
7195065.589 FIE281 260E ENTRY
7195565.589 FIE281 270E MAINROAD
7196065.589 FIE281 280E EXIT
7197065.589 FIF288 280E ENTRY
7197565.589 FIF288 290E MAINROAD
7198065.589 FIF288 300E EXIT
7199065.589 FIG295 300E ENTRY
7199565.589 FIG295 310E MAINROAD
7200065.589 FIG295 320E EXIT
7201065.589 FIH302 320E ENTRY
7201565.589 FIH302 330E MAINROAD
7202065.589 FIH302 340E EXIT
7203065.589 FII309 340E ENTRY
7203565.589 FII309 350E MAINROAD
7204065.589 FII309 360E EXIT
7205065.589 FIJ316 360E ENTRY
7205565.589 FIJ316 370E MAINROAD
7206065.589 FIJ316 380E EXIT
7207065.589 FIK323 0E ENTRY
7207565.589 FIK323 10E MAINROAD
7208065.589 FIK323 20E EXIT
7209065.589 FIL330 20E ENTRY
7209565.589 FIL330 30E MAINROAD
7210065.589 FIL330 40E EXIT
7211065.589 FIM337 40E ENTRY
7211565.589 FIM337 50E MAINROAD
7212065.589 FIM337 60E EXIT
7213065.589 FIN344 60E ENTRY
7213565.589 FIN344 70E MAINROAD
7214065.589 FIN344 80E EXIT
7215065.589 FIO351 80E ENTRY
7215565.589 FIO351 90E MAINROAD
7216065.589 FIO351 100E EXIT
7217065.589 FIP358 100E ENTRY
7217565.589 FIP358 110E MAINROAD
7218065.589 FIP358 120E EXIT
7219065.589 FIQ365 120E ENTRY
7219565.589 FIQ365 130E MAINROAD
7220065.589 FIQ365 140E EXIT
7221065.589 FIR372 140E ENTRY
7221565.589 FIR372 150E MAINROAD
7222065.589 FIR372 160E EXIT
7223065.589 FIS379 160E ENTRY
7223565.589 FIS379 170E MAINROAD
7224065.589 FIS379 180E EXIT
7225065.589 FIT386 180E ENTRY
7225565.589 FIT386 190E MAINROAD
7226065.589 FIT386 200E EXIT
7227065.589 FIU393 200E ENTRY
7227565.589 FIU393 210E MAINROAD
7228065.589 FIU393 220E EXIT
7229065.589 FIV400 220E ENTRY
7229565.589 FIV400 230E MAINROAD
7230065.589 FIV400 240E EXIT
7231065.589 FIW407 240E ENTRY
7231565.589 FIW407 250E MAINROAD
7232065.589 FIW407 260E EXIT
7233065.589 FIX414 260E ENTRY
7233565.589 FIX414 270E MAINROAD
7234065.589 FIX414 280E EXIT
7235065.589 FIY421 280E ENTRY
7235565.589 FIY421 290E MAINROAD
7236065.589 FIY421 300E EXIT
7237065.589 FIZ428 300E ENTRY
7237565.589 FIZ428 310E MAINROAD
7238065.589 FIZ428 320E EXIT
7239065.589 FJA435 320E ENTRY
7239565.589 FJA435 330E MAINROAD
7240065.589 FJA435 340E EXIT
7241065.589 FJB442 340E ENTRY
7241565.589 FJB442 350E MAINROAD
7242065.589 FJB442 360E EXIT
7243065.589 FJC449 360E ENTRY
7243565.589 FJC449 370E MAINROAD
7244065.589 FJC449 380E EXIT
7245065.589 FJD456 0E ENTRY
7245565.589 FJD456 10E MAINROAD
7246065.589 FJD456 20E EXIT
7247065.589 FJE463 20E ENTRY
7247565.589 FJE463 30E MAINROAD
7248065.589 FJE463 40E EXIT
7249065.589 FJF470 40E ENTRY
7249565.589 FJF470 50E MAINROAD
7250065.589 FJF470 60E EXIT
7251065.589 FJG477 60E ENTRY
7251565.589 FJG477 70E MAINROAD
7252065.589 FJG477 80E EXIT
7253065.589 FJH484 80E ENTRY
7253565.589 FJH484 90E MAINROAD
7254065.589 FJH484 100E EXIT
7255065.589 FJI491 100E ENTRY
7255565.589 FJI491 110E MAINROAD
7256065.589 FJI491 120E EXIT
7257065.589 FJJ498 120E ENTRY
7257565.589 FJJ498 130E MAINROAD
7258065.589 FJJ498 140E EXIT
7259065.589 FJK505 140E ENTRY
7259565.589 FJK505 150E MAINROAD
7260065.589 FJK505 160E EXIT
7261065.589 FJL512 160E ENTRY
7261565.589 FJL512 170E MAINROAD
7262065.589 FJL512 180E EXIT
7263065.589 FJM519 180E ENTRY
7263565.589 FJM519 190E MAINROAD
7264065.589 FJM519 200E EXIT
7265065.589 FJN526 200E ENTRY
7265565.589 FJN526 210E MAINROAD
7266065.589 FJN526 220E EXIT
7267065.589 FJO533 220E ENTRY
7267565.589 FJO533 230E MAINROAD
7268065.589 FJO533 240E EXIT
7269065.589 FJP540 240E ENTRY
7269565.589 FJP540 250E MAINROAD
7270065.589 FJP540 260E EXIT
7271065.589 FJQ547 260E ENTRY
7271565.589 FJQ547 270E MAINROAD
7272065.589 FJQ547 280E EXIT
7273065.589 FJR554 280E ENTRY
7273565.589 FJR554 290E MAINROAD
7274065.589 FJR554 300E EXIT
7275065.589 FJS561 300E ENTRY
7275565.589 FJS561 310E MAINROAD
7276065.589 FJS561 320E EXIT
7277065.589 FJT568 320E ENTRY
7277565.589 FJT568 330E MAINROAD
7278065.589 FJT568 340E EXIT
7279065.589 FJU575 340E ENTRY
7279565.589 FJU575 350E MAINROAD
7280065.589 FJU575 360E EXIT
7281065.589 FJV582 360E ENTRY
7281565.589 FJV582 370E MAINROAD
7282065.589 FJV582 380E EXIT
7283065.589 FJW589 0E ENTRY
7283565.589 FJW589 10E MAINROAD
7284065.589 FJW589 20E EXIT
7285065.589 FJX596 20E ENTRY
7285565.589 FJX596 30E MAINROAD
7286065.589 FJX596 40E EXIT
7287065.589 FJY603 40E ENTRY
7287565.589 FJY603 50E MAINROAD
7288065.589 FJY603 60E EXIT
7289065.589 FJZ610 60E ENTRY
7289565.589 FJZ610 70E MAINROAD
7290065.589 FJZ610 80E EXIT
7291065.589 FKA617 80E ENTRY
7291565.589 FKA617 90E MAINROAD
7292065.589 FKA617 100E EXIT
7293065.589 FKB624 100E ENTRY
7293565.589 FKB624 110E MAINROAD
7294065.589 FKB624 120E EXIT
7295065.589 FKC631 120E ENTRY
7295565.589 FKC631 130E MAINROAD
7296065.589 FKC631 140E EXIT
7297065.589 FKD638 140E ENTRY
7297565.589 FKD638 150E MAINROAD
7298065.589 FKD638 160E EXIT
7299065.589 FKE645 160E ENTRY
7299565.589 FKE645 170E MAINROAD
7300065.589 FKE645 180E EXIT
7301065.589 FKF652 180E ENTRY
7301565.589 FKF652 190E MAINROAD
7302065.589 FKF652 200E EXIT
7303065.589 FKG659 200E ENTRY
7303565.589 FKG659 210E MAINROAD
7304065.589 FKG659 220E EXIT
7305065.589 FKH666 220E ENTRY
7305565.589 FKH666 230E MAINROAD
7306065.589 FKH666 240E EXIT
7307065.589 FKI673 240E ENTRY
7307565.589 FKI673 250E MAINROAD
7308065.589 FKI673 260E EXIT
7309065.589 FKJ680 260E ENTRY
7309565.589 FKJ680 270E MAINROAD
7310065.589 FKJ680 280E EXIT
7311065.589 FKK687 280E ENTRY
7311565.589 FKK687 290E MAINROAD
7312065.589 FKK687 300E EXIT
7313065.589 FKL694 300E ENTRY
7313565.589 FKL694 310E MAINROAD
7314065.589 FKL694 320E EXIT
7315065.589 FKM701 320E ENTRY
7315565.589 FKM701 330E MAINROAD
7316065.589 FKM701 340E EXIT
7317065.589 FKN708 340E ENTRY
7317565.589 FKN708 350E MAINROAD
7318065.589 FKN708 360E EXIT
7319065.589 FKO715 360E ENTRY
7319565.589 FKO715 370E MAINROAD
7320065.589 FKO715 380E EXIT
7321065.589 FKP722 0E ENTRY
7321565.589 FKP722 10E MAINROAD
7322065.589 FKP722 20E EXIT
7323065.589 FKQ729 20E ENTRY
7323565.589 FKQ729 30E MAINROAD
7324065.589 FKQ729 40E EXIT
7325065.589 FKR736 40E ENTRY
7325565.589 FKR736 50E MAINROAD
7326065.589 FKR736 60E EXIT
7327065.589 FKS743 60E ENTRY
7327565.589 FKS743 70E MAINROAD
7328065.589 FKS743 80E EXIT
7329065.589 FKT750 80E ENTRY
7329565.589 FKT750 90E MAINROAD
7330065.589 FKT750 100E EXIT
7331065.589 FKU757 100E ENTRY
7331565.589 FKU757 110E MAINROAD
7332065.589 FKU757 120E EXIT
7333065.589 FKV764 120E ENTRY
7333565.589 FKV764 130E MAINROAD
7334065.589 FKV764 140E EXIT
7335065.589 FKW771 140E ENTRY
7335565.589 FKW771 150E MAINROAD
7336065.589 FKW771 160E EXIT
7337065.589 FKX778 160E ENTRY
7337565.589 FKX778 170E MAINROAD
7338065.589 FKX778 180E EXIT
7339065.589 FKY785 180E ENTRY
7339565.589 FKY785 190E MAINROAD
7340065.589 FKY785 200E EXIT
7341065.589 FKZ792 200E ENTRY
7341565.589 FKZ792 210E MAINROAD
7342065.589 FKZ792 220E EXIT
7343065.589 FLA799 220E ENTRY
7343565.589 FLA799 230E MAINROAD
7344065.589 FLA799 240E EXIT
7345065.589 FLB806 240E ENTRY
7345565.589 FLB806 250E MAINROAD
7346065.589 FLB806 260E EXIT
7347065.589 FLC813 260E ENTRY
7347565.589 FLC813 270E MAINROAD
7348065.589 FLC813 280E EXIT
7349065.589 FLD820 280E ENTRY
7349565.589 FLD820 290E MAINROAD
7350065.589 FLD820 300E EXIT
7351065.589 FLE827 300E ENTRY
7351565.589 FLE827 310E MAINROAD
7352065.589 FLE827 320E EXIT
7353065.589 FLF834 320E ENTRY
7353565.589 FLF834 330E MAINROAD
7354065.589 FLF834 340E EXIT
7355065.589 FLG841 340E ENTRY
7355565.589 FLG841 350E MAINROAD
7356065.589 FLG841 360E EXIT
7357065.589 FLH848 360E ENTRY
7357565.589 FLH848 370E MAINROAD
7358065.589 FLH848 380E EXIT
7359065.589 FLI855 0E ENTRY
7359565.589 FLI855 10E MAINROAD
7360065.589 FLI855 20E EXIT
7361065.589 FLJ862 20E ENTRY
7361565.589 FLJ862 30E MAINROAD
7362065.589 FLJ862 40E EXIT
7363065.589 FLK869 40E ENTRY
7363565.589 FLK869 50E MAINROAD
7364065.589 FLK869 60E EXIT
7365065.589 FLL876 60E ENTRY
7365565.589 FLL876 70E MAINROAD
7366065.589 FLL876 80E EXIT
7367065.589 FLM883 80E ENTRY
7367565.589 FLM883 90E MAINROAD
7368065.589 FLM883 100E EXIT
7369065.589 FLN890 100E ENTRY
7369565.589 FLN890 110E MAINROAD
7370065.589 FLN890 120E EXIT
7371065.589 FLO897 120E ENTRY
7371565.589 FLO897 130E MAINROAD
7372065.589 FLO897 140E EXIT
7373065.589 FLP904 140E ENTRY
7373565.589 FLP904 150E MAINROAD
7374065.589 FLP904 160E EXIT
7375065.589 FLQ911 160E ENTRY
7375565.589 FLQ911 170E MAINROAD
7376065.589 FLQ911 180E EXIT
7377065.589 FLR918 180E ENTRY
7377565.589 FLR918 190E MAINROAD
7378065.589 FLR918 200E EXIT
7379065.589 FLS925 200E ENTRY
7379565.589 FLS925 210E MAINROAD
7380065.589 FLS925 220E EXIT
7381065.589 FLT932 220E ENTRY
7381565.589 FLT932 230E MAINROAD
7382065.589 FLT932 240E EXIT
7383065.589 FLU939 240E ENTRY
7383565.589 FLU939 250E MAINROAD
7384065.589 FLU939 260E EXIT
7385065.589 FLV946 260E ENTRY
7385565.589 FLV946 270E MAINROAD
7386065.589 FLV946 280E EXIT
7387065.589 FLW953 280E ENTRY
7387565.589 FLW953 290E MAINROAD
7388065.589 FLW953 300E EXIT
7389065.589 FLX960 300E ENTRY
7389565.589 FLX960 310E MAINROAD
7390065.589 FLX960 320E EXIT
7391065.589 FLY967 320E ENTRY
7391565.589 FLY967 330E MAINROAD
7392065.589 FLY967 340E EXIT
7393065.589 FLZ974 340E ENTRY
7393565.589 FLZ974 350E MAINROAD
7394065.589 FLZ974 360E EXIT
7395065.589 FMA981 360E ENTRY
7395565.589 FMA981 370E MAINROAD
7396065.589 FMA981 380E EXIT
7397065.589 FMB988 0E ENTRY
7397565.589 FMB988 10E MAINROAD
7398065.589 FMB988 20E EXIT
7399065.589 FMC995 20E ENTRY
7399565.589 FMC995 30E MAINROAD
7400065.589 FMC995 40E EXIT
7401065.589 FMD002 40E ENTRY
7401565.589 FMD002 50E MAINROAD
7402065.589 FMD002 60E EXIT
7403065.589 FME009 60E ENTRY
7403565.589 FME009 70E MAINROAD
7404065.589 FME009 80E EXIT
7405065.589 FMF016 80E ENTRY
7405565.589 FMF016 90E MAINROAD
7406065.589 FMF016 100E EXIT
7407065.589 FMG023 100E ENTRY
7407565.589 FMG023 110E MAINROAD
7408065.589 FMG023 120E EXIT
7409065.589 FMH030 120E ENTRY
7409565.589 FMH030 130E MAINROAD
7410065.589 FMH030 140E EXIT
7411065.589 FMI037 140E ENTRY
7411565.589 FMI037 150E MAINROAD
7412065.589 FMI037 160E EXIT
7413065.589 FMJ044 160E ENTRY
7413565.589 FMJ044 170E MAINROAD
7414065.589 FMJ044 180E EXIT
7415065.589 FMK051 180E ENTRY
7415565.589 FMK051 190E MAINROAD
7416065.589 FMK051 200E EXIT
7417065.589 FML058 200E ENTRY
7417565.589 FML058 210E MAINROAD
7418065.589 FML058 220E EXIT
7419065.589 FMM065 220E ENTRY
7419565.589 FMM065 230E MAINROAD
7420065.589 FMM065 240E EXIT
7421065.589 FMN072 240E ENTRY
7421565.589 FMN072 250E MAINROAD
7422065.589 FMN072 260E EXIT
7423065.589 FMO079 260E ENTRY
7423565.589 FMO079 270E MAINROAD
7424065.589 FMO079 280E EXIT
7425065.589 FMP086 280E ENTRY
7425565.589 FMP086 290E MAINROAD
7426065.589 FMP086 300E EXIT
7427065.589 FMQ093 300E ENTRY
7427565.589 FMQ093 310E MAINROAD
7428065.589 FMQ093 320E EXIT
7429065.589 FMR100 320E ENTRY
7429565.589 FMR100 330E MAINROAD
7430065.589 FMR100 340E EXIT
7431065.589 FMS107 340E ENTRY
7431565.589 FMS107 350E MAINROAD
7432065.589 FMS107 360E EXIT
7433065.589 FMT114 360E ENTRY
7433565.589 FMT114 370E MAINROAD
7434065.589 FMT114 380E EXIT
7435065.589 FMU121 0E ENTRY
7435565.589 FMU121 10E MAINROAD
7436065.589 FMU121 20E EXIT
7437065.589 FMV128 20E ENTRY
7437565.589 FMV128 30E MAINROAD
7438065.589 FMV128 40E EXIT
7439065.589 FMW135 40E ENTRY
7439565.589 FMW135 50E MAINROAD
7440065.589 FMW135 60E EXIT
7441065.589 FMX142 60E ENTRY
7441565.589 FMX142 70E MAINROAD
7442065.589 FMX142 80E EXIT
7443065.589 FMY149 80E ENTRY
7443565.589 FMY149 90E MAINROAD
7444065.589 FMY149 100E EXIT
7445065.589 FMZ156 100E ENTRY
7445565.589 FMZ156 110E MAINROAD
7446065.589 FMZ156 120E EXIT
7447065.589 FNA163 120E ENTRY
7447565.589 FNA163 130E MAINROAD
7448065.589 FNA163 140E EXIT
7449065.589 FNB170 140E ENTRY
7449565.589 FNB170 150E MAINROAD
7450065.589 FNB170 160E EXIT
7451065.589 FNC177 160E ENTRY
7451565.589 FNC177 170E MAINROAD
7452065.589 FNC177 180E EXIT
7453065.589 FND184 180E ENTRY
7453565.589 FND184 190E MAINROAD
7454065.589 FND184 200E EXIT
7455065.589 FNE191 200E ENTRY
7455565.589 FNE191 210E MAINROAD
7456065.589 FNE191 220E EXIT
7457065.589 FNF198 220E ENTRY
7457565.589 FNF198 230E MAINROAD
7458065.589 FNF198 240E EXIT
7459065.589 FNG205 240E ENTRY
7459565.589 FNG205 250E MAINROAD
7460065.589 FNG205 260E EXIT
7461065.589 FNH212 260E ENTRY
7461565.589 FNH212 270E MAINROAD
7462065.589 FNH212 280E EXIT
7463065.589 FNI219 280E ENTRY
7463565.589 FNI219 290E MAINROAD
7464065.589 FNI219 300E EXIT
7465065.589 FNJ226 300E ENTRY
7465565.589 FNJ226 310E MAINROAD
7466065.589 FNJ226 320E EXIT
7467065.589 FNK233 320E ENTRY
7467565.589 FNK233 330E MAINROAD
7468065.589 FNK233 340E EXIT
7469065.589 FNL240 340E ENTRY
7469565.589 FNL240 350E MAINROAD
7470065.589 FNL240 360E EXIT
7471065.589 FNM247 360E ENTRY
7471565.589 FNM247 370E MAINROAD
7472065.589 FNM247 380E EXIT
7473065.589 FNN254 0E ENTRY
7473565.589 FNN254 10E MAINROAD
7474065.589 FNN254 20E EXIT
7475065.589 FNO261 20E ENTRY
7475565.589 FNO261 30E MAINROAD
7476065.589 FNO261 40E EXIT
7477065.589 FNP268 40E ENTRY
7477565.589 FNP268 50E MAINROAD
7478065.589 FNP268 60E EXIT
7479065.589 FNQ275 60E ENTRY
7479565.589 FNQ275 70E MAINROAD
7480065.589 FNQ275 80E EXIT
7481065.589 FNR282 80E ENTRY
7481565.589 FNR282 90E MAINROAD
7482065.589 FNR282 100E EXIT
7483065.589 FNS289 100E ENTRY
7483565.589 FNS289 110E MAINROAD
7484065.589 FNS289 120E EXIT
7485065.589 FNT296 120E ENTRY
7485565.589 FNT296 130E MAINROAD
7486065.589 FNT296 140E EXIT
7487065.589 FNU303 140E ENTRY
7487565.589 FNU303 150E MAINROAD
7488065.589 FNU303 160E EXIT
7489065.589 FNV310 160E ENTRY
7489565.589 FNV310 170E MAINROAD
7490065.589 FNV310 180E EXIT
7491065.589 FNW317 180E ENTRY
7491565.589 FNW317 190E MAINROAD
7492065.589 FNW317 200E EXIT
7493065.589 FNX324 200E ENTRY
7493565.589 FNX324 210E MAINROAD
7494065.589 FNX324 220E EXIT
7495065.589 FNY331 220E ENTRY
7495565.589 FNY331 230E MAINROAD
7496065.589 FNY331 240E EXIT
7497065.589 FNZ338 240E ENTRY
7497565.589 FNZ338 250E MAINROAD
7498065.589 FNZ338 260E EXIT
7499065.589 FOA345 260E ENTRY
7499565.589 FOA345 270E MAINROAD
7500065.589 FOA345 280E EXIT
7501065.589 FOB352 280E ENTRY
7501565.589 FOB352 290E MAINROAD
7502065.589 FOB352 300E EXIT
7503065.589 FOC359 300E ENTRY
7503565.589 FOC359 310E MAINROAD
7504065.589 FOC359 320E EXIT
7505065.589 FOD366 320E ENTRY
7505565.589 FOD366 330E MAINROAD
7506065.589 FOD366 340E EXIT
7507065.589 FOE373 340E ENTRY
7507565.589 FOE373 350E MAINROAD
7508065.589 FOE373 360E EXIT
7509065.589 FOF380 360E ENTRY
7509565.589 FOF380 370E MAINROAD
7510065.589 FOF380 380E EXIT
7511065.589 FOG387 0E ENTRY
7511565.589 FOG387 10E MAINROAD
7512065.589 FOG387 20E EXIT
7513065.589 FOH394 20E ENTRY
7513565.589 FOH394 30E MAINROAD
7514065.589 FOH394 40E EXIT
7515065.589 FOI401 40E ENTRY
7515565.589 FOI401 50E MAINROAD
7516065.589 FOI401 60E EXIT
7517065.589 FOJ408 60E ENTRY
7517565.589 FOJ408 70E MAINROAD
7518065.589 FOJ408 80E EXIT
7519065.589 FOK415 80E ENTRY
7519565.589 FOK415 90E MAINROAD
7520065.589 FOK415 100E EXIT
7521065.589 FOL422 100E ENTRY
7521565.589 FOL422 110E MAINROAD
7522065.589 FOL422 120E EXIT
7523065.589 FOM429 120E ENTRY
7523565.589 FOM429 130E MAINROAD
7524065.589 FOM429 140E EXIT
7525065.589 FON436 140E ENTRY
7525565.589 FON436 150E MAINROAD
7526065.589 FON436 160E EXIT
7527065.589 FOO443 160E ENTRY
7527565.589 FOO443 170E MAINROAD
7528065.589 FOO443 180E EXIT
7529065.589 FOP450 180E ENTRY
7529565.589 FOP450 190E MAINROAD
7530065.589 FOP450 200E EXIT
7531065.589 FOQ457 200E ENTRY
7531565.589 FOQ457 210E MAINROAD
7532065.589 FOQ457 220E EXIT
7533065.589 FOR464 220E ENTRY
7533565.589 FOR464 230E MAINROAD
7534065.589 FOR464 240E EXIT
7535065.589 FOS471 240E ENTRY
7535565.589 FOS471 250E MAINROAD
7536065.589 FOS471 260E EXIT
7537065.589 FOT478 260E ENTRY
7537565.589 FOT478 270E MAINROAD
7538065.589 FOT478 280E EXIT
7539065.589 FOU485 280E ENTRY
7539565.589 FOU485 290E MAINROAD
7540065.589 FOU485 300E EXIT
7541065.589 FOV492 300E ENTRY
7541565.589 FOV492 310E MAINROAD
7542065.589 FOV492 320E EXIT
7543065.589 FOW499 320E ENTRY
7543565.589 FOW499 330E MAINROAD
7544065.589 FOW499 340E EXIT
7545065.589 FOX506 340E ENTRY
7545565.589 FOX506 350E MAINROAD
7546065.589 FOX506 360E EXIT
7547065.589 FOY513 360E ENTRY
7547565.589 FOY513 370E MAINROAD
7548065.589 FOY513 380E EXIT
7549065.589 FOZ520 0E ENTRY
7549565.589 FOZ520 10E MAINROAD
7550065.589 FOZ520 20E EXIT
7551065.589 FPA527 20E ENTRY
7551565.589 FPA527 30E MAINROAD
7552065.589 FPA527 40E EXIT
7553065.589 FPB534 40E ENTRY
7553565.589 FPB534 50E MAINROAD
7554065.589 FPB534 60E EXIT
7555065.589 FPC541 60E ENTRY
7555565.589 FPC541 70E MAINROAD
7556065.589 FPC541 80E EXIT
7557065.589 FPD548 80E ENTRY
7557565.589 FPD548 90E MAINROAD
7558065.589 FPD548 100E EXIT
7559065.589 FPE555 100E ENTRY
7559565.589 FPE555 110E MAINROAD
7560065.589 FPE555 120E EXIT
7561065.589 FPF562 120E ENTRY
7561565.589 FPF562 130E MAINROAD
7562065.589 FPF562 140E EXIT
7563065.589 FPG569 140E ENTRY
7563565.589 FPG569 150E MAINROAD
7564065.589 FPG569 160E EXIT
7565065.589 FPH576 160E ENTRY
7565565.589 FPH576 170E MAINROAD
7566065.589 FPH576 180E EXIT
7567065.589 FPI583 180E ENTRY
7567565.589 FPI583 190E MAINROAD
7568065.589 FPI583 200E EXIT
7569065.589 FPJ590 200E ENTRY
7569565.589 FPJ590 210E MAINROAD
7570065.589 FPJ590 220E EXIT
7571065.589 FPK597 220E ENTRY
7571565.589 FPK597 230E MAINROAD
7572065.589 FPK597 240E EXIT
7573065.589 FPL604 240E ENTRY
7573565.589 FPL604 250E MAINROAD
7574065.589 FPL604 260E EXIT
7575065.589 FPM611 260E ENTRY
7575565.589 FPM611 270E MAINROAD
7576065.589 FPM611 280E EXIT
7577065.589 FPN618 280E ENTRY
7577565.589 FPN618 290E MAINROAD
7578065.589 FPN618 300E EXIT
7579065.589 FPO625 300E ENTRY
7579565.589 FPO625 310E MAINROAD
7580065.589 FPO625 320E EXIT
7581065.589 FPP632 320E ENTRY
7581565.589 FPP632 330E MAINROAD
7582065.589 FPP632 340E EXIT
7583065.589 FPQ639 340E ENTRY
7583565.589 FPQ639 350E MAINROAD
7584065.589 FPQ639 360E EXIT
7585065.589 FPR646 360E ENTRY
7585565.589 FPR646 370E MAINROAD
7586065.589 FPR646 380E EXIT
7587065.589 FPS653 0E ENTRY
7587565.589 FPS653 10E MAINROAD
7588065.589 FPS653 20E EXIT
7589065.589 FPT660 20E ENTRY
7589565.589 FPT660 30E MAINROAD
7590065.589 FPT660 40E EXIT
7591065.589 FPU667 40E ENTRY
7591565.589 FPU667 50E MAINROAD
7592065.589 FPU667 60E EXIT
7593065.589 FPV674 60E ENTRY
7593565.589 FPV674 70E MAINROAD
7594065.589 FPV674 80E EXIT
7595065.589 FPW681 80E ENTRY
7595565.589 FPW681 90E MAINROAD
7596065.589 FPW681 100E EXIT
7597065.589 FPX688 100E ENTRY
7597565.589 FPX688 110E MAINROAD
7598065.589 FPX688 120E EXIT
7599065.589 FPY695 120E ENTRY
7599565.589 FPY695 130E MAINROAD
7600065.589 FPY695 140E EXIT
7601065.589 FPZ702 140E ENTRY
7601565.589 FPZ702 150E MAINROAD
7602065.589 FPZ702 160E EXIT
7603065.589 FQA709 160E ENTRY
7603565.589 FQA709 170E MAINROAD
7604065.589 FQA709 180E EXIT
7605065.589 FQB716 180E ENTRY
7605565.589 FQB716 190E MAINROAD
7606065.589 FQB716 200E EXIT
7607065.589 FQC723 200E ENTRY
7607565.589 FQC723 210E MAINROAD
7608065.589 FQC723 220E EXIT
7609065.589 FQD730 220E ENTRY
7609565.589 FQD730 230E MAINROAD
7610065.589 FQD730 240E EXIT
7611065.589 FQE737 240E ENTRY
7611565.589 FQE737 250E MAINROAD
7612065.589 FQE737 260E EXIT
7613065.589 FQF744 260E ENTRY
7613565.589 FQF744 270E MAINROAD
7614065.589 FQF744 280E EXIT
7615065.589 FQG751 280E ENTRY
7615565.589 FQG751 290E MAINROAD
7616065.589 FQG751 300E EXIT
7617065.589 FQH758 300E ENTRY
7617565.589 FQH758 310E MAINROAD
7618065.589 FQH758 320E EXIT
7619065.589 FQI765 320E ENTRY
7619565.589 FQI765 330E MAINROAD
7620065.589 FQI765 340E EXIT
7621065.589 FQJ772 340E ENTRY
7621565.589 FQJ772 350E MAINROAD
7622065.589 FQJ772 360E EXIT
7623065.589 FQK779 360E ENTRY
7623565.589 FQK779 370E MAINROAD
7624065.589 FQK779 380E EXIT
7625065.589 FQL786 0E ENTRY
7625565.589 FQL786 10E MAINROAD
7626065.589 FQL786 20E EXIT
7627065.589 FQM793 20E ENTRY
7627565.589 FQM793 30E MAINROAD
7628065.589 FQM793 40E EXIT
7629065.589 FQN800 40E ENTRY
7629565.589 FQN800 50E MAINROAD
7630065.589 FQN800 60E EXIT
7631065.589 FQO807 60E ENTRY
7631565.589 FQO807 70E MAINROAD
7632065.589 FQO807 80E EXIT
7633065.589 FQP814 80E ENTRY
7633565.589 FQP814 90E MAINROAD
7634065.589 FQP814 100E EXIT
7635065.589 FQQ821 100E ENTRY
7635565.589 FQQ821 110E MAINROAD
7636065.589 FQQ821 120E EXIT
7637065.589 FQR828 120E ENTRY
7637565.589 FQR828 130E MAINROAD
7638065.589 FQR828 140E EXIT
7639065.589 FQS835 140E ENTRY
7639565.589 FQS835 150E MAINROAD
7640065.589 FQS835 160E EXIT
7641065.589 FQT842 160E ENTRY
7641565.589 FQT842 170E MAINROAD
7642065.589 FQT842 180E EXIT
7643065.589 FQU849 180E ENTRY
7643565.589 FQU849 190E MAINROAD
7644065.589 FQU849 200E EXIT
7645065.589 FQV856 200E ENTRY
7645565.589 FQV856 210E MAINROAD
7646065.589 FQV856 220E EXIT
7647065.589 FQW863 220E ENTRY
7647565.589 FQW863 230E MAINROAD
7648065.589 FQW863 240E EXIT
7649065.589 FQX870 240E ENTRY
7649565.589 FQX870 250E MAINROAD
7650065.589 FQX870 260E EXIT
7651065.589 FQY877 260E ENTRY
7651565.589 FQY877 270E MAINROAD
7652065.589 FQY877 280E EXIT
7653065.589 FQZ884 280E ENTRY
7653565.589 FQZ884 290E MAINROAD
7654065.589 FQZ884 300E EXIT
7655065.589 FRA891 300E ENTRY
7655565.589 FRA891 310E MAINROAD
7656065.589 FRA891 320E EXIT
7657065.589 FRB898 320E ENTRY
7657565.589 FRB898 330E MAINROAD
7658065.589 FRB898 340E EXIT
7659065.589 FRC905 340E ENTRY
7659565.589 FRC905 350E MAINROAD
7660065.589 FRC905 360E EXIT
7661065.589 FRD912 360E ENTRY
7661565.589 FRD912 370E MAINROAD
7662065.589 FRD912 380E EXIT
7663065.589 FRE919 0E ENTRY
7663565.589 FRE919 10E MAINROAD
7664065.589 FRE919 20E EXIT
7665065.589 FRF926 20E ENTRY
7665565.589 FRF926 30E MAINROAD
7666065.589 FRF926 40E EXIT
7667065.589 FRG933 40E ENTRY
7667565.589 FRG933 50E MAINROAD
7668065.589 FRG933 60E EXIT
7669065.589 FRH940 60E ENTRY
7669565.589 FRH940 70E MAINROAD
7670065.589 FRH940 80E EXIT
7671065.589 FRI947 80E ENTRY
7671565.589 FRI947 90E MAINROAD
7672065.589 FRI947 100E EXIT
7673065.589 FRJ954 100E ENTRY
7673565.589 FRJ954 110E MAINROAD
7674065.589 FRJ954 120E EXIT
7675065.589 FRK961 120E ENTRY
7675565.589 FRK961 130E MAINROAD
7676065.589 FRK961 140E EXIT
7677065.589 FRL968 140E ENTRY
7677565.589 FRL968 150E MAINROAD
7678065.589 FRL968 160E EXIT
7679065.589 FRM975 160E ENTRY
7679565.589 FRM975 170E MAINROAD
7680065.589 FRM975 180E EXIT
7681065.589 FRN982 180E ENTRY
7681565.589 FRN982 190E MAINROAD
7682065.589 FRN982 200E EXIT
7683065.589 FRO989 200E ENTRY
7683565.589 FRO989 210E MAINROAD
7684065.589 FRO989 220E EXIT
7685065.589 FRP996 220E ENTRY
7685565.589 FRP996 230E MAINROAD
7686065.589 FRP996 240E EXIT
7687065.589 FRQ003 240E ENTRY
7687565.589 FRQ003 250E MAINROAD
7688065.589 FRQ003 260E EXIT
7689065.589 FRR010 260E ENTRY
7689565.589 FRR010 270E MAINROAD
7690065.589 FRR010 280E EXIT
7691065.589 FRS017 280E ENTRY
7691565.589 FRS017 290E MAINROAD
7692065.589 FRS017 300E EXIT
7693065.589 FRT024 300E ENTRY
7693565.589 FRT024 310E MAINROAD
7694065.589 FRT024 320E EXIT
7695065.589 FRU031 320E ENTRY
7695565.589 FRU031 330E MAINROAD
7696065.589 FRU031 340E EXIT
7697065.589 FRV038 340E ENTRY
7697565.589 FRV038 350E MAINROAD
7698065.589 FRV038 360E EXIT
7699065.589 FRW045 360E ENTRY
7699565.589 FRW045 370E MAINROAD
7700065.589 FRW045 380E EXIT
7701065.589 FRX052 0E ENTRY
7701565.589 FRX052 10E MAINROAD
7702065.589 FRX052 20E EXIT
7703065.589 FRY059 20E ENTRY
7703565.589 FRY059 30E MAINROAD
7704065.589 FRY059 40E EXIT
7705065.589 FRZ066 40E ENTRY
7705565.589 FRZ066 50E MAINROAD
7706065.589 FRZ066 60E EXIT
7707065.589 FSA073 60E ENTRY
7707565.589 FSA073 70E MAINROAD
7708065.589 FSA073 80E EXIT
7709065.589 FSB080 80E ENTRY
7709565.589 FSB080 90E MAINROAD
7710065.589 FSB080 100E EXIT
7711065.589 FSC087 100E ENTRY
7711565.589 FSC087 110E MAINROAD
7712065.589 FSC087 120E EXIT
7713065.589 FSD094 120E ENTRY
7713565.589 FSD094 130E MAINROAD
7714065.589 FSD094 140E EXIT
7715065.589 FSE101 140E ENTRY
7715565.589 FSE101 150E MAINROAD
7716065.589 FSE101 160E EXIT
7717065.589 FSF108 160E ENTRY
7717565.589 FSF108 170E MAINROAD
7718065.589 FSF108 180E EXIT
7719065.589 FSG115 180E ENTRY
7719565.589 FSG115 190E MAINROAD
7720065.589 FSG115 200E EXIT
7721065.589 FSH122 200E ENTRY
7721565.589 FSH122 210E MAINROAD
7722065.589 FSH122 220E EXIT
7723065.589 FSI129 220E ENTRY
7723565.589 FSI129 230E MAINROAD
7724065.589 FSI129 240E EXIT
7725065.589 FSJ136 240E ENTRY
7725565.589 FSJ136 250E MAINROAD
7726065.589 FSJ136 260E EXIT
7727065.589 FSK143 260E ENTRY
7727565.589 FSK143 270E MAINROAD
7728065.589 FSK143 280E EXIT
7729065.589 FSL150 280E ENTRY
7729565.589 FSL150 290E MAINROAD
7730065.589 FSL150 300E EXIT
7731065.589 FSM157 300E ENTRY
7731565.589 FSM157 310E MAINROAD
7732065.589 FSM157 320E EXIT
7733065.589 FSN164 320E ENTRY
7733565.589 FSN164 330E MAINROAD
7734065.589 FSN164 340E EXIT
7735065.589 FSO171 340E ENTRY
7735565.589 FSO171 350E MAINROAD
7736065.589 FSO171 360E EXIT
7737065.589 FSP178 360E ENTRY
7737565.589 FSP178 370E MAINROAD
7738065.589 FSP178 380E EXIT
7739065.589 FSQ185 0E ENTRY
7739565.589 FSQ185 10E MAINROAD
7740065.589 FSQ185 20E EXIT
7741065.589 FSR192 20E ENTRY
7741565.589 FSR192 30E MAINROAD
7742065.589 FSR192 40E EXIT
7743065.589 FSS199 40E ENTRY
7743565.589 FSS199 50E MAINROAD
7744065.589 FSS199 60E EXIT
7745065.589 FST206 60E ENTRY
7745565.589 FST206 70E MAINROAD
7746065.589 FST206 80E EXIT
7747065.589 FSU213 80E ENTRY
7747565.589 FSU213 90E MAINROAD
7748065.589 FSU213 100E EXIT
7749065.589 FSV220 100E ENTRY
7749565.589 FSV220 110E MAINROAD
7750065.589 FSV220 120E EXIT
7751065.589 FSW227 120E ENTRY
7751565.589 FSW227 130E MAINROAD
7752065.589 FSW227 140E EXIT
7753065.589 FSX234 140E ENTRY
7753565.589 FSX234 150E MAINROAD
7754065.589 FSX234 160E EXIT
7755065.589 FSY241 160E ENTRY
7755565.589 FSY241 170E MAINROAD
7756065.589 FSY241 180E EXIT
7757065.589 FSZ248 180E ENTRY
7757565.589 FSZ248 190E MAINROAD
7758065.589 FSZ248 200E EXIT
7759065.589 FTA255 200E ENTRY
7759565.589 FTA255 210E MAINROAD
7760065.589 FTA255 220E EXIT
7761065.589 FTB262 220E ENTRY
7761565.589 FTB262 230E MAINROAD
7762065.589 FTB262 240E EXIT
7763065.589 FTC269 240E ENTRY
7763565.589 FTC269 250E MAINROAD
7764065.589 FTC269 260E EXIT
7765065.589 FTD276 260E ENTRY
7765565.589 FTD276 270E MAINROAD
7766065.589 FTD276 280E EXIT
7767065.589 FTE283 280E ENTRY
7767565.589 FTE283 290E MAINROAD
7768065.589 FTE283 300E EXIT
7769065.589 FTF290 300E ENTRY
7769565.589 FTF290 310E MAINROAD
7770065.589 FTF290 320E EXIT
7771065.589 FTG297 320E ENTRY
7771565.589 FTG297 330E MAINROAD
7772065.589 FTG297 340E EXIT
7773065.589 FTH304 340E ENTRY
7773565.589 FTH304 350E MAINROAD
7774065.589 FTH304 360E EXIT
7775065.589 FTI311 360E ENTRY
7775565.589 FTI311 370E MAINROAD
7776065.589 FTI311 380E EXIT
7777065.589 FTJ318 0E ENTRY
7777565.589 FTJ318 10E MAINROAD
7778065.589 FTJ318 20E EXIT
7779065.589 FTK325 20E ENTRY
7779565.589 FTK325 30E MAINROAD
7780065.589 FTK325 40E EXIT
7781065.589 FTL332 40E ENTRY
7781565.589 FTL332 50E MAINROAD
7782065.589 FTL332 60E EXIT
7783065.589 FTM339 60E ENTRY
7783565.589 FTM339 70E MAINROAD
7784065.589 FTM339 80E EXIT
7785065.589 FTN346 80E ENTRY
7785565.589 FTN346 90E MAINROAD
7786065.589 FTN346 100E EXIT
7787065.589 FTO353 100E ENTRY
7787565.589 FTO353 110E MAINROAD
7788065.589 FTO353 120E EXIT
7789065.589 FTP360 120E ENTRY
7789565.589 FTP360 130E MAINROAD
7790065.589 FTP360 140E EXIT
7791065.589 FTQ367 140E ENTRY
7791565.589 FTQ367 150E MAINROAD
7792065.589 FTQ367 160E EXIT
7793065.589 FTR374 160E ENTRY
7793565.589 FTR374 170E MAINROAD
7794065.589 FTR374 180E EXIT
7795065.589 FTS381 180E ENTRY
7795565.589 FTS381 190E MAINROAD
7796065.589 FTS381 200E EXIT
7797065.589 FTT388 200E ENTRY
7797565.589 FTT388 210E MAINROAD
7798065.589 FTT388 220E EXIT
7799065.589 FTU395 220E ENTRY
7799565.589 FTU395 230E MAINROAD
7800065.589 FTU395 240E EXIT
7801065.589 FTV402 240E ENTRY
7801565.589 FTV402 250E MAINROAD
7802065.589 FTV402 260E EXIT
7803065.589 FTW409 260E ENTRY
7803565.589 FTW409 270E MAINROAD
7804065.589 FTW409 280E EXIT
7805065.589 FTX416 280E ENTRY
7805565.589 FTX416 290E MAINROAD
7806065.589 FTX416 300E EXIT
7807065.589 FTY423 300E ENTRY
7807565.589 FTY423 310E MAINROAD
7808065.589 FTY423 320E EXIT
7809065.589 FTZ430 320E ENTRY
7809565.589 FTZ430 330E MAINROAD
7810065.589 FTZ430 340E EXIT
7811065.589 FUA437 340E ENTRY
7811565.589 FUA437 350E MAINROAD
7812065.589 FUA437 360E EXIT
7813065.589 FUB444 360E ENTRY
7813565.589 FUB444 370E MAINROAD
7814065.589 FUB444 380E EXIT
7815065.589 FUC451 0E ENTRY
7815565.589 FUC451 10E MAINROAD
7816065.589 FUC451 20E EXIT
7817065.589 FUD458 20E ENTRY
7817565.589 FUD458 30E MAINROAD
7818065.589 FUD458 40E EXIT
7819065.589 FUE465 40E ENTRY
7819565.589 FUE465 50E MAINROAD
7820065.589 FUE465 60E EXIT
7821065.589 FUF472 60E ENTRY
7821565.589 FUF472 70E MAINROAD
7822065.589 FUF472 80E EXIT
7823065.589 FUG479 80E ENTRY
7823565.589 FUG479 90E MAINROAD
7824065.589 FUG479 100E EXIT
7825065.589 FUH486 100E ENTRY
7825565.589 FUH486 110E MAINROAD
7826065.589 FUH486 120E EXIT
7827065.589 FUI493 120E ENTRY
7827565.589 FUI493 130E MAINROAD
7828065.589 FUI493 140E EXIT
7829065.589 FUJ500 140E ENTRY
7829565.589 FUJ500 150E MAINROAD
7830065.589 FUJ500 160E EXIT
7831065.589 FUK507 160E ENTRY
7831565.589 FUK507 170E MAINROAD
7832065.589 FUK507 180E EXIT
7833065.589 FUL514 180E ENTRY
7833565.589 FUL514 190E MAINROAD
7834065.589 FUL514 200E EXIT
7835065.589 FUM521 200E ENTRY
7835565.589 FUM521 210E MAINROAD
7836065.589 FUM521 220E EXIT
7837065.589 FUN528 220E ENTRY
7837565.589 FUN528 230E MAINROAD
7838065.589 FUN528 240E EXIT
7839065.589 FUO535 240E ENTRY
7839565.589 FUO535 250E MAINROAD
7840065.589 FUO535 260E EXIT
7841065.589 FUP542 260E ENTRY
7841565.589 FUP542 270E MAINROAD
7842065.589 FUP542 280E EXIT
7843065.589 FUQ549 280E ENTRY
7843565.589 FUQ549 290E MAINROAD
7844065.589 FUQ549 300E EXIT
7845065.589 FUR556 300E ENTRY
7845565.589 FUR556 310E MAINROAD
7846065.589 FUR556 320E EXIT
7847065.589 FUS563 320E ENTRY
7847565.589 FUS563 330E MAINROAD
7848065.589 FUS563 340E EXIT
7849065.589 FUT570 340E ENTRY
7849565.589 FUT570 350E MAINROAD
7850065.589 FUT570 360E EXIT
7851065.589 FUU577 360E ENTRY
7851565.589 FUU577 370E MAINROAD
7852065.589 FUU577 380E EXIT
7853065.589 FUV584 0E ENTRY
7853565.589 FUV584 10E MAINROAD
7854065.589 FUV584 20E EXIT
7855065.589 FUW591 20E ENTRY
7855565.589 FUW591 30E MAINROAD
7856065.589 FUW591 40E EXIT
7857065.589 FUX598 40E ENTRY
7857565.589 FUX598 50E MAINROAD
7858065.589 FUX598 60E EXIT
7859065.589 FUY605 60E ENTRY
7859565.589 FUY605 70E MAINROAD
7860065.589 FUY605 80E EXIT
7861065.589 FUZ612 80E ENTRY
7861565.589 FUZ612 90E MAINROAD
7862065.589 FUZ612 100E EXIT
7863065.589 FVA619 100E ENTRY
7863565.589 FVA619 110E MAINROAD
7864065.589 FVA619 120E EXIT
7865065.589 FVB626 120E ENTRY
7865565.589 FVB626 130E MAINROAD
7866065.589 FVB626 140E EXIT
7867065.589 FVC633 140E ENTRY
7867565.589 FVC633 150E MAINROAD
7868065.589 FVC633 160E EXIT
7869065.589 FVD640 160E ENTRY
7869565.589 FVD640 170E MAINROAD
7870065.589 FVD640 180E EXIT
7871065.589 FVE647 180E ENTRY
7871565.589 FVE647 190E MAINROAD
7872065.589 FVE647 200E EXIT
7873065.589 FVF654 200E ENTRY
7873565.589 FVF654 210E MAINROAD
7874065.589 FVF654 220E EXIT
7875065.589 FVG661 220E ENTRY
7875565.589 FVG661 230E MAINROAD
7876065.589 FVG661 240E EXIT
7877065.589 FVH668 240E ENTRY
7877565.589 FVH668 250E MAINROAD
7878065.589 FVH668 260E EXIT
7879065.589 FVI675 260E ENTRY
7879565.589 FVI675 270E MAINROAD
7880065.589 FVI675 280E EXIT
7881065.589 FVJ682 280E ENTRY
7881565.589 FVJ682 290E MAINROAD
7882065.589 FVJ682 300E EXIT
7883065.589 FVK689 300E ENTRY
7883565.589 FVK689 310E MAINROAD
7884065.589 FVK689 320E EXIT
7885065.589 FVL696 320E ENTRY
7885565.589 FVL696 330E MAINROAD
7886065.589 FVL696 340E EXIT
7887065.589 FVM703 340E ENTRY
7887565.589 FVM703 350E MAINROAD
7888065.589 FVM703 360E EXIT
7889065.589 FVN710 360E ENTRY
7889565.589 FVN710 370E MAINROAD
7890065.589 FVN710 380E EXIT
7891065.589 FVO717 0E ENTRY
7891565.589 FVO717 10E MAINROAD
7892065.589 FVO717 20E EXIT
7893065.589 FVP724 20E ENTRY
7893565.589 FVP724 30E MAINROAD
7894065.589 FVP724 40E EXIT
7895065.589 FVQ731 40E ENTRY
7895565.589 FVQ731 50E MAINROAD
7896065.589 FVQ731 60E EXIT
7897065.589 FVR738 60E ENTRY
7897565.589 FVR738 70E MAINROAD
7898065.589 FVR738 80E EXIT
7899065.589 FVS745 80E ENTRY
7899565.589 FVS745 90E MAINROAD
7900065.589 FVS745 100E EXIT
7901065.589 FVT752 100E ENTRY
7901565.589 FVT752 110E MAINROAD
7902065.589 FVT752 120E EXIT
7903065.589 FVU759 120E ENTRY
7903565.589 FVU759 130E MAINROAD
7904065.589 FVU759 140E EXIT
7905065.589 FVV766 140E ENTRY
7905565.589 FVV766 150E MAINROAD
7906065.589 FVV766 160E EXIT
7907065.589 FVW773 160E ENTRY
7907565.589 FVW773 170E MAINROAD
7908065.589 FVW773 180E EXIT
7909065.589 FVX780 180E ENTRY
7909565.589 FVX780 190E MAINROAD
7910065.589 FVX780 200E EXIT
7911065.589 FVY787 200E ENTRY
7911565.589 FVY787 210E MAINROAD
7912065.589 FVY787 220E EXIT
7913065.589 FVZ794 220E ENTRY
7913565.589 FVZ794 230E MAINROAD
7914065.589 FVZ794 240E EXIT
7915065.589 FWA801 240E ENTRY
7915565.589 FWA801 250E MAINROAD
7916065.589 FWA801 260E EXIT
7917065.589 FWB808 260E ENTRY
7917565.589 FWB808 270E MAINROAD
7918065.589 FWB808 280E EXIT
7919065.589 FWC815 280E ENTRY
7919565.589 FWC815 290E MAINROAD
7920065.589 FWC815 300E EXIT
7921065.589 FWD822 300E ENTRY
7921565.589 FWD822 310E MAINROAD
7922065.589 FWD822 320E EXIT
7923065.589 FWE829 320E ENTRY
7923565.589 FWE829 330E MAINROAD
7924065.589 FWE829 340E EXIT
7925065.589 FWF836 340E ENTRY
7925565.589 FWF836 350E MAINROAD
7926065.589 FWF836 360E EXIT
7927065.589 FWG843 360E ENTRY
7927565.589 FWG843 370E MAINROAD
7928065.589 FWG843 380E EXIT
7929065.589 FWH850 0E ENTRY
7929565.589 FWH850 10E MAINROAD
7930065.589 FWH850 20E EXIT
7931065.589 FWI857 20E ENTRY
7931565.589 FWI857 30E MAINROAD
7932065.589 FWI857 40E EXIT
7933065.589 FWJ864 40E ENTRY
7933565.589 FWJ864 50E MAINROAD
7934065.589 FWJ864 60E EXIT
7935065.589 FWK871 60E ENTRY
7935565.589 FWK871 70E MAINROAD
7936065.589 FWK871 80E EXIT
7937065.589 FWL878 80E ENTRY
7937565.589 FWL878 90E MAINROAD
7938065.589 FWL878 100E EXIT
7939065.589 FWM885 100E ENTRY
7939565.589 FWM885 110E MAINROAD
7940065.589 FWM885 120E EXIT
7941065.589 FWN892 120E ENTRY
7941565.589 FWN892 130E MAINROAD
7942065.589 FWN892 140E EXIT
7943065.589 FWO899 140E ENTRY
7943565.589 FWO899 150E MAINROAD
7944065.589 FWO899 160E EXIT
7945065.589 FWP906 160E ENTRY
7945565.589 FWP906 170E MAINROAD
7946065.589 FWP906 180E EXIT
7947065.589 FWQ913 180E ENTRY
7947565.589 FWQ913 190E MAINROAD
7948065.589 FWQ913 200E EXIT
7949065.589 FWR920 200E ENTRY
7949565.589 FWR920 210E MAINROAD
7950065.589 FWR920 220E EXIT
7951065.589 FWS927 220E ENTRY
7951565.589 FWS927 230E MAINROAD
7952065.589 FWS927 240E EXIT
7953065.589 FWT934 240E ENTRY
7953565.589 FWT934 250E MAINROAD
7954065.589 FWT934 260E EXIT
7955065.589 FWU941 260E ENTRY
7955565.589 FWU941 270E MAINROAD
7956065.589 FWU941 280E EXIT
7957065.589 FWV948 280E ENTRY
7957565.589 FWV948 290E MAINROAD
7958065.589 FWV948 300E EXIT
7959065.589 FWW955 300E ENTRY
7959565.589 FWW955 310E MAINROAD
7960065.589 FWW955 320E EXIT
7961065.589 FWX962 320E ENTRY
7961565.589 FWX962 330E MAINROAD
7962065.589 FWX962 340E EXIT
7963065.589 FWY969 340E ENTRY
7963565.589 FWY969 350E MAINROAD
7964065.589 FWY969 360E EXIT
7965065.589 FWZ976 360E ENTRY
7965565.589 FWZ976 370E MAINROAD
7966065.589 FWZ976 380E EXIT
7967065.589 FXA983 0E ENTRY
7967565.589 FXA983 10E MAINROAD
7968065.589 FXA983 20E EXIT
7969065.589 FXB990 20E ENTRY
7969565.589 FXB990 30E MAINROAD
7970065.589 FXB990 40E EXIT
7971065.589 FXC997 40E ENTRY
7971565.589 FXC997 50E MAINROAD
7972065.589 FXC997 60E EXIT
7973065.589 FXD004 60E ENTRY
7973565.589 FXD004 70E MAINROAD
7974065.589 FXD004 80E EXIT
7975065.589 FXE011 80E ENTRY
7975565.589 FXE011 90E MAINROAD
7976065.589 FXE011 100E EXIT
7977065.589 FXF018 100E ENTRY
7977565.589 FXF018 110E MAINROAD
7978065.589 FXF018 120E EXIT
7979065.589 FXG025 120E ENTRY
7979565.589 FXG025 130E MAINROAD
7980065.589 FXG025 140E EXIT
7981065.589 FXH032 140E ENTRY
7981565.589 FXH032 150E MAINROAD
7982065.589 FXH032 160E EXIT
7983065.589 FXI039 160E ENTRY
7983565.589 FXI039 170E MAINROAD
7984065.589 FXI039 180E EXIT
7985065.589 FXJ046 180E ENTRY
7985565.589 FXJ046 190E MAINROAD
7986065.589 FXJ046 200E EXIT
7987065.589 FXK053 200E ENTRY
7987565.589 FXK053 210E MAINROAD
7988065.589 FXK053 220E EXIT
7989065.589 FXL060 220E ENTRY
7989565.589 FXL060 230E MAINROAD
7990065.589 FXL060 240E EXIT
7991065.589 FXM067 240E ENTRY
7991565.589 FXM067 250E MAINROAD
7992065.589 FXM067 260E EXIT
7993065.589 FXN074 260E ENTRY
7993565.589 FXN074 270E MAINROAD
7994065.589 FXN074 280E EXIT
7995065.589 FXO081 280E ENTRY
7995565.589 FXO081 290E MAINROAD
7996065.589 FXO081 300E EXIT
7997065.589 FXP088 300E ENTRY
7997565.589 FXP088 310E MAINROAD
7998065.589 FXP088 320E EXIT
7999065.589 FXQ095 320E ENTRY
7999565.589 FXQ095 330E MAINROAD
8000065.589 FXQ095 340E EXIT
8001065.589 FXR102 340E ENTRY
8001565.589 FXR102 350E MAINROAD
8002065.589 FXR102 360E EXIT
8003065.589 FXS109 360E ENTRY
8003565.589 FXS109 370E MAINROAD
8004065.589 FXS109 380E EXIT
8005065.589 FXT116 0E ENTRY
8005565.589 FXT116 10E MAINROAD
8006065.589 FXT116 20E EXIT
8007065.589 FXU123 20E ENTRY
8007565.589 FXU123 30E MAINROAD
8008065.589 FXU123 40E EXIT
8009065.589 FXV130 40E ENTRY
8009565.589 FXV130 50E MAINROAD
8010065.589 FXV130 60E EXIT
8011065.589 FXW137 60E ENTRY
8011565.589 FXW137 70E MAINROAD
8012065.589 FXW137 80E EXIT
8013065.589 FXX144 80E ENTRY
8013565.589 FXX144 90E MAINROAD
8014065.589 FXX144 100E EXIT
8015065.589 FXY151 100E ENTRY
8015565.589 FXY151 110E MAINROAD
8016065.589 FXY151 120E EXIT
8017065.589 FXZ158 120E ENTRY
8017565.589 FXZ158 130E MAINROAD
8018065.589 FXZ158 140E EXIT
8019065.589 FYA165 140E ENTRY
8019565.589 FYA165 150E MAINROAD
8020065.589 FYA165 160E EXIT
8021065.589 FYB172 160E ENTRY
8021565.589 FYB172 170E MAINROAD
8022065.589 FYB172 180E EXIT
8023065.589 FYC179 180E ENTRY
8023565.589 FYC179 190E MAINROAD
8024065.589 FYC179 200E EXIT
8025065.589 FYD186 200E ENTRY
8025565.589 FYD186 210E MAINROAD
8026065.589 FYD186 220E EXIT
8027065.589 FYE193 220E ENTRY
8027565.589 FYE193 230E MAINROAD
8028065.589 FYE193 240E EXIT
8029065.589 FYF200 240E ENTRY
8029565.589 FYF200 250E MAINROAD
8030065.589 FYF200 260E EXIT
8031065.589 FYG207 260E ENTRY
8031565.589 FYG207 270E MAINROAD
8032065.589 FYG207 280E EXIT
8033065.589 FYH214 280E ENTRY
8033565.589 FYH214 290E MAINROAD
8034065.589 FYH214 300E EXIT
8035065.589 FYI221 300E ENTRY
8035565.589 FYI221 310E MAINROAD
8036065.589 FYI221 320E EXIT
8037065.589 FYJ228 320E ENTRY
8037565.589 FYJ228 330E MAINROAD
8038065.589 FYJ228 340E EXIT
8039065.589 FYK235 340E ENTRY
8039565.589 FYK235 350E MAINROAD
8040065.589 FYK235 360E EXIT
8041065.589 FYL242 360E ENTRY
8041565.589 FYL242 370E MAINROAD
8042065.589 FYL242 380E EXIT
8043065.589 FYM249 0E ENTRY
8043565.589 FYM249 10E MAINROAD
8044065.589 FYM249 20E EXIT
8045065.589 FYN256 20E ENTRY
8045565.589 FYN256 30E MAINROAD
8046065.589 FYN256 40E EXIT
8047065.589 FYO263 40E ENTRY
8047565.589 FYO263 50E MAINROAD
8048065.589 FYO263 60E EXIT
8049065.589 FYP270 60E ENTRY
8049565.589 FYP270 70E MAINROAD
8050065.589 FYP270 80E EXIT
8051065.589 FYQ277 80E ENTRY
8051565.589 FYQ277 90E MAINROAD
8052065.589 FYQ277 100E EXIT
8053065.589 FYR284 100E ENTRY
8053565.589 FYR284 110E MAINROAD
8054065.589 FYR284 120E EXIT
8055065.589 FYS291 120E ENTRY
8055565.589 FYS291 130E MAINROAD
8056065.589 FYS291 140E EXIT
8057065.589 FYT298 140E ENTRY
8057565.589 FYT298 150E MAINROAD
8058065.589 FYT298 160E EXIT
8059065.589 FYU305 160E ENTRY
8059565.589 FYU305 170E MAINROAD
8060065.589 FYU305 180E EXIT
8061065.589 FYV312 180E ENTRY
8061565.589 FYV312 190E MAINROAD
8062065.589 FYV312 200E EXIT
8063065.589 FYW319 200E ENTRY
8063565.589 FYW319 210E MAINROAD
8064065.589 FYW319 220E EXIT
8065065.589 FYX326 220E ENTRY
8065565.589 FYX326 230E MAINROAD
8066065.589 FYX326 240E EXIT
8067065.589 FYY333 240E ENTRY
8067565.589 FYY333 250E MAINROAD
8068065.589 FYY333 260E EXIT
8069065.589 FYZ340 260E ENTRY
8069565.589 FYZ340 270E MAINROAD
8070065.589 FYZ340 280E EXIT
8071065.589 FZA347 280E ENTRY
8071565.589 FZA347 290E MAINROAD
8072065.589 FZA347 300E EXIT
8073065.589 FZB354 300E ENTRY
8073565.589 FZB354 310E MAINROAD
8074065.589 FZB354 320E EXIT
8075065.589 FZC361 320E ENTRY
8075565.589 FZC361 330E MAINROAD
8076065.589 FZC361 340E EXIT
8077065.589 FZD368 340E ENTRY
8077565.589 FZD368 350E MAINROAD
8078065.589 FZD368 360E EXIT
8079065.589 FZE375 360E ENTRY
8079565.589 FZE375 370E MAINROAD
8080065.589 FZE375 380E EXIT
8081065.589 FZF382 0E ENTRY
8081565.589 FZF382 10E MAINROAD
8082065.589 FZF382 20E EXIT
8083065.589 FZG389 20E ENTRY
8083565.589 FZG389 30E MAINROAD
8084065.589 FZG389 40E EXIT
8085065.589 FZH396 40E ENTRY
8085565.589 FZH396 50E MAINROAD
8086065.589 FZH396 60E EXIT
8087065.589 FZI403 60E ENTRY
8087565.589 FZI403 70E MAINROAD
8088065.589 FZI403 80E EXIT
8089065.589 FZJ410 80E ENTRY
8089565.589 FZJ410 90E MAINROAD
8090065.589 FZJ410 100E EXIT
8091065.589 FZK417 100E ENTRY
8091565.589 FZK417 110E MAINROAD
8092065.589 FZK417 120E EXIT
8093065.589 FZL424 120E ENTRY
8093565.589 FZL424 130E MAINROAD
8094065.589 FZL424 140E EXIT
8095065.589 FZM431 140E ENTRY
8095565.589 FZM431 150E MAINROAD
8096065.589 FZM431 160E EXIT
8097065.589 FZN438 160E ENTRY
8097565.589 FZN438 170E MAINROAD
8098065.589 FZN438 180E EXIT
8099065.589 FZO445 180E ENTRY
8099565.589 FZO445 190E MAINROAD
8100065.589 FZO445 200E EXIT
8101065.589 FZP452 200E ENTRY
8101565.589 FZP452 210E MAINROAD
8102065.589 FZP452 220E EXIT
8103065.589 FZQ459 220E ENTRY
8103565.589 FZQ459 230E MAINROAD
8104065.589 FZQ459 240E EXIT
8105065.589 FZR466 240E ENTRY
8105565.589 FZR466 250E MAINROAD
8106065.589 FZR466 260E EXIT
8107065.589 FZS473 260E ENTRY
8107565.589 FZS473 270E MAINROAD
8108065.589 FZS473 280E EXIT
8109065.589 FZT480 280E ENTRY
8109565.589 FZT480 290E MAINROAD
8110065.589 FZT480 300E EXIT
8111065.589 FZU487 300E ENTRY
8111565.589 FZU487 310E MAINROAD
8112065.589 FZU487 320E EXIT
8113065.589 FZV494 320E ENTRY
8113565.589 FZV494 330E MAINROAD
8114065.589 FZV494 340E EXIT
8115065.589 FZW501 340E ENTRY
8115565.589 FZW501 350E MAINROAD
8116065.589 FZW501 360E EXIT
8117065.589 FZX508 360E ENTRY
8117565.589 FZX508 370E MAINROAD
8118065.589 FZX508 380E EXIT
8119065.589 FZY515 0E ENTRY
8119565.589 FZY515 10E MAINROAD
8120065.589 FZY515 20E EXIT
8121065.589 FZZ522 20E ENTRY
8121565.589 FZZ522 30E MAINROAD
8122065.589 FZZ522 40E EXIT
8123065.589 GAA529 40E ENTRY
8123565.589 GAA529 50E MAINROAD
8124065.589 GAA529 60E EXIT
8125065.589 GAB536 60E ENTRY
8125565.589 GAB536 70E MAINROAD
8126065.589 GAB536 80E EXIT
8127065.589 GAC543 80E ENTRY
8127565.589 GAC543 90E MAINROAD
8128065.589 GAC543 100E EXIT
8129065.589 GAD550 100E ENTRY
8129565.589 GAD550 110E MAINROAD
8130065.589 GAD550 120E EXIT
8131065.589 GAE557 120E ENTRY
8131565.589 GAE557 130E MAINROAD
8132065.589 GAE557 140E EXIT
8133065.589 GAF564 140E ENTRY
8133565.589 GAF564 150E MAINROAD
8134065.589 GAF564 160E EXIT
8135065.589 GAG571 160E ENTRY
8135565.589 GAG571 170E MAINROAD
8136065.589 GAG571 180E EXIT
8137065.589 GAH578 180E ENTRY
8137565.589 GAH578 190E MAINROAD
8138065.589 GAH578 200E EXIT
8139065.589 GAI585 200E ENTRY
8139565.589 GAI585 210E MAINROAD
8140065.589 GAI585 220E EXIT
8141065.589 GAJ592 220E ENTRY
8141565.589 GAJ592 230E MAINROAD
8142065.589 GAJ592 240E EXIT
8143065.589 GAK599 240E ENTRY
8143565.589 GAK599 250E MAINROAD
8144065.589 GAK599 260E EXIT
8145065.589 GAL606 260E ENTRY
8145565.589 GAL606 270E MAINROAD
8146065.589 GAL606 280E EXIT
8147065.589 GAM613 280E ENTRY
8147565.589 GAM613 290E MAINROAD
8148065.589 GAM613 300E EXIT
8149065.589 GAN620 300E ENTRY
8149565.589 GAN620 310E MAINROAD
8150065.589 GAN620 320E EXIT
8151065.589 GAO627 320E ENTRY
8151565.589 GAO627 330E MAINROAD
8152065.589 GAO627 340E EXIT
8153065.589 GAP634 340E ENTRY
8153565.589 GAP634 350E MAINROAD
8154065.589 GAP634 360E EXIT
8155065.589 GAQ641 360E ENTRY
8155565.589 GAQ641 370E MAINROAD
8156065.589 GAQ641 380E EXIT
8157065.589 GAR648 0E ENTRY
8157565.589 GAR648 10E MAINROAD
8158065.589 GAR648 20E EXIT
8159065.589 GAS655 20E ENTRY
8159565.589 GAS655 30E MAINROAD
8160065.589 GAS655 40E EXIT
8161065.589 GAT662 40E ENTRY
8161565.589 GAT662 50E MAINROAD
8162065.589 GAT662 60E EXIT
8163065.589 GAU669 60E ENTRY
8163565.589 GAU669 70E MAINROAD
8164065.589 GAU669 80E EXIT
8165065.589 GAV676 80E ENTRY
8165565.589 GAV676 90E MAINROAD
8166065.589 GAV676 100E EXIT
8167065.589 GAW683 100E ENTRY
8167565.589 GAW683 110E MAINROAD
8168065.589 GAW683 120E EXIT
8169065.589 GAX690 120E ENTRY
8169565.589 GAX690 130E MAINROAD
8170065.589 GAX690 140E EXIT
8171065.589 GAY697 140E ENTRY
8171565.589 GAY697 150E MAINROAD
8172065.589 GAY697 160E EXIT
8173065.589 GAZ704 160E ENTRY
8173565.589 GAZ704 170E MAINROAD
8174065.589 GAZ704 180E EXIT
8175065.589 GBA711 180E ENTRY
8175565.589 GBA711 190E MAINROAD
8176065.589 GBA711 200E EXIT
8177065.589 GBB718 200E ENTRY
8177565.589 GBB718 210E MAINROAD
8178065.589 GBB718 220E EXIT
8179065.589 GBC725 220E ENTRY
8179565.589 GBC725 230E MAINROAD
8180065.589 GBC725 240E EXIT
8181065.589 GBD732 240E ENTRY
8181565.589 GBD732 250E MAINROAD
8182065.589 GBD732 260E EXIT
8183065.589 GBE739 260E ENTRY
8183565.589 GBE739 270E MAINROAD
8184065.589 GBE739 280E EXIT
8185065.589 GBF746 280E ENTRY
8185565.589 GBF746 290E MAINROAD
8186065.589 GBF746 300E EXIT
8187065.589 GBG753 300E ENTRY
8187565.589 GBG753 310E MAINROAD
8188065.589 GBG753 320E EXIT
8189065.589 GBH760 320E ENTRY
8189565.589 GBH760 330E MAINROAD
8190065.589 GBH760 340E EXIT
8191065.589 GBI767 340E ENTRY
8191565.589 GBI767 350E MAINROAD
8192065.589 GBI767 360E EXIT
8193065.589 GBJ774 360E ENTRY
8193565.589 GBJ774 370E MAINROAD
8194065.589 GBJ774 380E EXIT
8195065.589 GBK781 0E ENTRY
8195565.589 GBK781 10E MAINROAD
8196065.589 GBK781 20E EXIT
8197065.589 GBL788 20E ENTRY
8197565.589 GBL788 30E MAINROAD
8198065.589 GBL788 40E EXIT
8199065.589 GBM795 40E ENTRY
8199565.589 GBM795 50E MAINROAD
8200065.589 GBM795 60E EXIT
8201065.589 GBN802 60E ENTRY
8201565.589 GBN802 70E MAINROAD
8202065.589 GBN802 80E EXIT
8203065.589 GBO809 80E ENTRY
8203565.589 GBO809 90E MAINROAD
8204065.589 GBO809 100E EXIT
8205065.589 GBP816 100E ENTRY
8205565.589 GBP816 110E MAINROAD
8206065.589 GBP816 120E EXIT
8207065.589 GBQ823 120E ENTRY
8207565.589 GBQ823 130E MAINROAD
8208065.589 GBQ823 140E EXIT
8209065.589 GBR830 140E ENTRY
8209565.589 GBR830 150E MAINROAD
8210065.589 GBR830 160E EXIT
8211065.589 GBS837 160E ENTRY
8211565.589 GBS837 170E MAINROAD
8212065.589 GBS837 180E EXIT
8213065.589 GBT844 180E ENTRY
8213565.589 GBT844 190E MAINROAD
8214065.589 GBT844 200E EXIT
8215065.589 GBU851 200E ENTRY
8215565.589 GBU851 210E MAINROAD
8216065.589 GBU851 220E EXIT
8217065.589 GBV858 220E ENTRY
8217565.589 GBV858 230E MAINROAD
8218065.589 GBV858 240E EXIT
8219065.589 GBW865 240E ENTRY
8219565.589 GBW865 250E MAINROAD
8220065.589 GBW865 260E EXIT
8221065.589 GBX872 260E ENTRY
8221565.589 GBX872 270E MAINROAD
8222065.589 GBX872 280E EXIT
8223065.589 GBY879 280E ENTRY
8223565.589 GBY879 290E MAINROAD
8224065.589 GBY879 300E EXIT
8225065.589 GBZ886 300E ENTRY
8225565.589 GBZ886 310E MAINROAD
8226065.589 GBZ886 320E EXIT
8227065.589 GCA893 320E ENTRY
8227565.589 GCA893 330E MAINROAD
8228065.589 GCA893 340E EXIT
8229065.589 GCB900 340E ENTRY
8229565.589 GCB900 350E MAINROAD
8230065.589 GCB900 360E EXIT
8231065.589 GCC907 360E ENTRY
8231565.589 GCC907 370E MAINROAD
8232065.589 GCC907 380E EXIT
8233065.589 GCD914 0E ENTRY
8233565.589 GCD914 10E MAINROAD
8234065.589 GCD914 20E EXIT
8235065.589 GCE921 20E ENTRY
8235565.589 GCE921 30E MAINROAD
8236065.589 GCE921 40E EXIT
8237065.589 GCF928 40E ENTRY
8237565.589 GCF928 50E MAINROAD
8238065.589 GCF928 60E EXIT
8239065.589 GCG935 60E ENTRY
8239565.589 GCG935 70E MAINROAD
8240065.589 GCG935 80E EXIT
8241065.589 GCH942 80E ENTRY
8241565.589 GCH942 90E MAINROAD
8242065.589 GCH942 100E EXIT
8243065.589 GCI949 100E ENTRY
8243565.589 GCI949 110E MAINROAD
8244065.589 GCI949 120E EXIT
8245065.589 GCJ956 120E ENTRY
8245565.589 GCJ956 130E MAINROAD
8246065.589 GCJ956 140E EXIT
8247065.589 GCK963 140E ENTRY
8247565.589 GCK963 150E MAINROAD
8248065.589 GCK963 160E EXIT
8249065.589 GCL970 160E ENTRY
8249565.589 GCL970 170E MAINROAD
8250065.589 GCL970 180E EXIT
8251065.589 GCM977 180E ENTRY
8251565.589 GCM977 190E MAINROAD
8252065.589 GCM977 200E EXIT
8253065.589 GCN984 200E ENTRY
8253565.589 GCN984 210E MAINROAD
8254065.589 GCN984 220E EXIT
8255065.589 GCO991 220E ENTRY
8255565.589 GCO991 230E MAINROAD
8256065.589 GCO991 240E EXIT
8257065.589 GCP998 240E ENTRY
8257565.589 GCP998 250E MAINROAD
8258065.589 GCP998 260E EXIT
8259065.589 GCQ005 260E ENTRY
8259565.589 GCQ005 270E MAINROAD
8260065.589 GCQ005 280E EXIT
8261065.589 GCR012 280E ENTRY
8261565.589 GCR012 290E MAINROAD
8262065.589 GCR012 300E EXIT
8263065.589 GCS019 300E ENTRY
8263565.589 GCS019 310E MAINROAD
8264065.589 GCS019 320E EXIT
8265065.589 GCT026 320E ENTRY
8265565.589 GCT026 330E MAINROAD
8266065.589 GCT026 340E EXIT
8267065.589 GCU033 340E ENTRY
8267565.589 GCU033 350E MAINROAD
8268065.589 GCU033 360E EXIT
8269065.589 GCV040 360E ENTRY
8269565.589 GCV040 370E MAINROAD
8270065.589 GCV040 380E EXIT
8271065.589 GCW047 0E ENTRY
8271565.589 GCW047 10E MAINROAD
8272065.589 GCW047 20E EXIT
8273065.589 GCX054 20E ENTRY
8273565.589 GCX054 30E MAINROAD
8274065.589 GCX054 40E EXIT
8275065.589 GCY061 40E ENTRY
8275565.589 GCY061 50E MAINROAD
8276065.589 GCY061 60E EXIT
8277065.589 GCZ068 60E ENTRY
8277565.589 GCZ068 70E MAINROAD
8278065.589 GCZ068 80E EXIT
8279065.589 GDA075 80E ENTRY
8279565.589 GDA075 90E MAINROAD
8280065.589 GDA075 100E EXIT
8281065.589 GDB082 100E ENTRY
8281565.589 GDB082 110E MAINROAD
8282065.589 GDB082 120E EXIT
8283065.589 GDC089 120E ENTRY
8283565.589 GDC089 130E MAINROAD
8284065.589 GDC089 140E EXIT
8285065.589 GDD096 140E ENTRY
8285565.589 GDD096 150E MAINROAD
8286065.589 GDD096 160E EXIT
8287065.589 GDE103 160E ENTRY
8287565.589 GDE103 170E MAINROAD
8288065.589 GDE103 180E EXIT
8289065.589 GDF110 180E ENTRY
8289565.589 GDF110 190E MAINROAD
8290065.589 GDF110 200E EXIT
8291065.589 GDG117 200E ENTRY
8291565.589 GDG117 210E MAINROAD
8292065.589 GDG117 220E EXIT
8293065.589 GDH124 220E ENTRY
8293565.589 GDH124 230E MAINROAD
8294065.589 GDH124 240E EXIT
8295065.589 GDI131 240E ENTRY
8295565.589 GDI131 250E MAINROAD
8296065.589 GDI131 260E EXIT
8297065.589 GDJ138 260E ENTRY
8297565.589 GDJ138 270E MAINROAD
8298065.589 GDJ138 280E EXIT
8299065.589 GDK145 280E ENTRY
8299565.589 GDK145 290E MAINROAD
8300065.589 GDK145 300E EXIT
8301065.589 GDL152 300E ENTRY
8301565.589 GDL152 310E MAINROAD
8302065.589 GDL152 320E EXIT
8303065.589 GDM159 320E ENTRY
8303565.589 GDM159 330E MAINROAD
8304065.589 GDM159 340E EXIT
8305065.589 GDN166 340E ENTRY
8305565.589 GDN166 350E MAINROAD
8306065.589 GDN166 360E EXIT
8307065.589 GDO173 360E ENTRY
8307565.589 GDO173 370E MAINROAD
8308065.589 GDO173 380E EXIT
8309065.589 GDP180 0E ENTRY
8309565.589 GDP180 10E MAINROAD
8310065.589 GDP180 20E EXIT
8311065.589 GDQ187 20E ENTRY
8311565.589 GDQ187 30E MAINROAD
8312065.589 GDQ187 40E EXIT
8313065.589 GDR194 40E ENTRY
8313565.589 GDR194 50E MAINROAD
8314065.589 GDR194 60E EXIT
8315065.589 GDS201 60E ENTRY
8315565.589 GDS201 70E MAINROAD
8316065.589 GDS201 80E EXIT
8317065.589 GDT208 80E ENTRY
8317565.589 GDT208 90E MAINROAD
8318065.589 GDT208 100E EXIT
8319065.589 GDU215 100E ENTRY
8319565.589 GDU215 110E MAINROAD
8320065.589 GDU215 120E EXIT
8321065.589 GDV222 120E ENTRY
8321565.589 GDV222 130E MAINROAD
8322065.589 GDV222 140E EXIT
8323065.589 GDW229 140E ENTRY
8323565.589 GDW229 150E MAINROAD
8324065.589 GDW229 160E EXIT
8325065.589 GDX236 160E ENTRY
8325565.589 GDX236 170E MAINROAD
8326065.589 GDX236 180E EXIT
8327065.589 GDY243 180E ENTRY
8327565.589 GDY243 190E MAINROAD
8328065.589 GDY243 200E EXIT
8329065.589 GDZ250 200E ENTRY
8329565.589 GDZ250 210E MAINROAD
8330065.589 GDZ250 220E EXIT
8331065.589 GEA257 220E ENTRY
8331565.589 GEA257 230E MAINROAD
8332065.589 GEA257 240E EXIT
8333065.589 GEB264 240E ENTRY
8333565.589 GEB264 250E MAINROAD
8334065.589 GEB264 260E EXIT
8335065.589 GEC271 260E ENTRY
8335565.589 GEC271 270E MAINROAD
8336065.589 GEC271 280E EXIT
8337065.589 GED278 280E ENTRY
8337565.589 GED278 290E MAINROAD
8338065.589 GED278 300E EXIT
8339065.589 GEE285 300E ENTRY
8339565.589 GEE285 310E MAINROAD
8340065.589 GEE285 320E EXIT
8341065.589 GEF292 320E ENTRY
8341565.589 GEF292 330E MAINROAD
8342065.589 GEF292 340E EXIT
8343065.589 GEG299 340E ENTRY
8343565.589 GEG299 350E MAINROAD
8344065.589 GEG299 360E EXIT
8345065.589 GEH306 360E ENTRY
8345565.589 GEH306 370E MAINROAD
8346065.589 GEH306 380E EXIT
8347065.589 GEI313 0E ENTRY
8347565.589 GEI313 10E MAINROAD
8348065.589 GEI313 20E EXIT
8349065.589 GEJ320 20E ENTRY
8349565.589 GEJ320 30E MAINROAD
8350065.589 GEJ320 40E EXIT
8351065.589 GEK327 40E ENTRY
8351565.589 GEK327 50E MAINROAD
8352065.589 GEK327 60E EXIT
8353065.589 GEL334 60E ENTRY
8353565.589 GEL334 70E MAINROAD
8354065.589 GEL334 80E EXIT
8355065.589 GEM341 80E ENTRY
8355565.589 GEM341 90E MAINROAD
8356065.589 GEM341 100E EXIT
8357065.589 GEN348 100E ENTRY
8357565.589 GEN348 110E MAINROAD
8358065.589 GEN348 120E EXIT
8359065.589 GEO355 120E ENTRY
8359565.589 GEO355 130E MAINROAD
8360065.589 GEO355 140E EXIT
8361065.589 GEP362 140E ENTRY
8361565.589 GEP362 150E MAINROAD
8362065.589 GEP362 160E EXIT
8363065.589 GEQ369 160E ENTRY
8363565.589 GEQ369 170E MAINROAD
8364065.589 GEQ369 180E EXIT
8365065.589 GER376 180E ENTRY
8365565.589 GER376 190E MAINROAD
8366065.589 GER376 200E EXIT
8367065.589 GES383 200E ENTRY
8367565.589 GES383 210E MAINROAD
8368065.589 GES383 220E EXIT
8369065.589 GET390 220E ENTRY
8369565.589 GET390 230E MAINROAD
8370065.589 GET390 240E EXIT
8371065.589 GEU397 240E ENTRY
8371565.589 GEU397 250E MAINROAD
8372065.589 GEU397 260E EXIT
8373065.589 GEV404 260E ENTRY
8373565.589 GEV404 270E MAINROAD
8374065.589 GEV404 280E EXIT
8375065.589 GEW411 280E ENTRY
8375565.589 GEW411 290E MAINROAD
8376065.589 GEW411 300E EXIT
8377065.589 GEX418 300E ENTRY
8377565.589 GEX418 310E MAINROAD
8378065.589 GEX418 320E EXIT
8379065.589 GEY425 320E ENTRY
8379565.589 GEY425 330E MAINROAD
8380065.589 GEY425 340E EXIT
8381065.589 GEZ432 340E ENTRY
8381565.589 GEZ432 350E MAINROAD
8382065.589 GEZ432 360E EXIT
8383065.589 GFA439 360E ENTRY
8383565.589 GFA439 370E MAINROAD
8384065.589 GFA439 380E EXIT
8385065.589 GFB446 0E ENTRY
8385565.589 GFB446 10E MAINROAD
8386065.589 GFB446 20E EXIT
8387065.589 GFC453 20E ENTRY
8387565.589 GFC453 30E MAINROAD
8388065.589 GFC453 40E EXIT
8389065.589 GFD460 40E ENTRY
8389565.589 GFD460 50E MAINROAD
8390065.589 GFD460 60E EXIT
8391065.589 GFE467 60E ENTRY
8391565.589 GFE467 70E MAINROAD
8392065.589 GFE467 80E EXIT
8393065.589 GFF474 80E ENTRY
8393565.589 GFF474 90E MAINROAD
8394065.589 GFF474 100E EXIT
8395065.589 GFG481 100E ENTRY
8395565.589 GFG481 110E MAINROAD
8396065.589 GFG481 120E EXIT
8397065.589 GFH488 120E ENTRY
8397565.589 GFH488 130E MAINROAD
8398065.589 GFH488 140E EXIT
8399065.589 GFI495 140E ENTRY
8399565.589 GFI495 150E MAINROAD
8400065.589 GFI495 160E EXIT
8401065.589 GFJ502 160E ENTRY
8401565.589 GFJ502 170E MAINROAD
8402065.589 GFJ502 180E EXIT
8403065.589 GFK509 180E ENTRY
8403565.589 GFK509 190E MAINROAD
8404065.589 GFK509 200E EXIT
8405065.589 GFL516 200E ENTRY
8405565.589 GFL516 210E MAINROAD
8406065.589 GFL516 220E EXIT
8407065.589 GFM523 220E ENTRY
8407565.589 GFM523 230E MAINROAD
8408065.589 GFM523 240E EXIT
8409065.589 GFN530 240E ENTRY
8409565.589 GFN530 250E MAINROAD
8410065.589 GFN530 260E EXIT
8411065.589 GFO537 260E ENTRY
8411565.589 GFO537 270E MAINROAD
8412065.589 GFO537 280E EXIT
8413065.589 GFP544 280E ENTRY
8413565.589 GFP544 290E MAINROAD
8414065.589 GFP544 300E EXIT
8415065.589 GFQ551 300E ENTRY
8415565.589 GFQ551 310E MAINROAD
8416065.589 GFQ551 320E EXIT
8417065.589 GFR558 320E ENTRY
8417565.589 GFR558 330E MAINROAD
8418065.589 GFR558 340E EXIT
8419065.589 GFS565 340E ENTRY
8419565.589 GFS565 350E MAINROAD
8420065.589 GFS565 360E EXIT
8421065.589 GFT572 360E ENTRY
8421565.589 GFT572 370E MAINROAD
8422065.589 GFT572 380E EXIT
8423065.589 GFU579 0E ENTRY
8423565.589 GFU579 10E MAINROAD
8424065.589 GFU579 20E EXIT
8425065.589 GFV586 20E ENTRY
8425565.589 GFV586 30E MAINROAD
8426065.589 GFV586 40E EXIT
8427065.589 GFW593 40E ENTRY
8427565.589 GFW593 50E MAINROAD
8428065.589 GFW593 60E EXIT
8429065.589 GFX600 60E ENTRY
8429565.589 GFX600 70E MAINROAD
8430065.589 GFX600 80E EXIT
8431065.589 GFY607 80E ENTRY
8431565.589 GFY607 90E MAINROAD
8432065.589 GFY607 100E EXIT
8433065.589 GFZ614 100E ENTRY
8433565.589 GFZ614 110E MAINROAD
8434065.589 GFZ614 120E EXIT
8435065.589 GGA621 120E ENTRY
8435565.589 GGA621 130E MAINROAD
8436065.589 GGA621 140E EXIT
8437065.589 GGB628 140E ENTRY
8437565.589 GGB628 150E MAINROAD
8438065.589 GGB628 160E EXIT
8439065.589 GGC635 160E ENTRY
8439565.589 GGC635 170E MAINROAD
8440065.589 GGC635 180E EXIT
8441065.589 GGD642 180E ENTRY
8441565.589 GGD642 190E MAINROAD
8442065.589 GGD642 200E EXIT
8443065.589 GGE649 200E ENTRY
8443565.589 GGE649 210E MAINROAD
8444065.589 GGE649 220E EXIT
8445065.589 GGF656 220E ENTRY
8445565.589 GGF656 230E MAINROAD
8446065.589 GGF656 240E EXIT
8447065.589 GGG663 240E ENTRY
8447565.589 GGG663 250E MAINROAD
8448065.589 GGG663 260E EXIT
8449065.589 GGH670 260E ENTRY
8449565.589 GGH670 270E MAINROAD
8450065.589 GGH670 280E EXIT
8451065.589 GGI677 280E ENTRY
8451565.589 GGI677 290E MAINROAD
8452065.589 GGI677 300E EXIT
8453065.589 GGJ684 300E ENTRY
8453565.589 GGJ684 310E MAINROAD
8454065.589 GGJ684 320E EXIT
8455065.589 GGK691 320E ENTRY
8455565.589 GGK691 330E MAINROAD
8456065.589 GGK691 340E EXIT
8457065.589 GGL698 340E ENTRY
8457565.589 GGL698 350E MAINROAD
8458065.589 GGL698 360E EXIT
8459065.589 GGM705 360E ENTRY
8459565.589 GGM705 370E MAINROAD
8460065.589 GGM705 380E EXIT
8461065.589 GGN712 0E ENTRY
8461565.589 GGN712 10E MAINROAD
8462065.589 GGN712 20E EXIT
8463065.589 GGO719 20E ENTRY
8463565.589 GGO719 30E MAINROAD
8464065.589 GGO719 40E EXIT
8465065.589 GGP726 40E ENTRY
8465565.589 GGP726 50E MAINROAD
8466065.589 GGP726 60E EXIT
8467065.589 GGQ733 60E ENTRY
8467565.589 GGQ733 70E MAINROAD
8468065.589 GGQ733 80E EXIT
8469065.589 GGR740 80E ENTRY
8469565.589 GGR740 90E MAINROAD
8470065.589 GGR740 100E EXIT
8471065.589 GGS747 100E ENTRY
8471565.589 GGS747 110E MAINROAD
8472065.589 GGS747 120E EXIT
8473065.589 GGT754 120E ENTRY
8473565.589 GGT754 130E MAINROAD
8474065.589 GGT754 140E EXIT
8475065.589 GGU761 140E ENTRY
8475565.589 GGU761 150E MAINROAD
8476065.589 GGU761 160E EXIT
8477065.589 GGV768 160E ENTRY
8477565.589 GGV768 170E MAINROAD
8478065.589 GGV768 180E EXIT
8479065.589 GGW775 180E ENTRY
8479565.589 GGW775 190E MAINROAD
8480065.589 GGW775 200E EXIT
8481065.589 GGX782 200E ENTRY
8481565.589 GGX782 210E MAINROAD
8482065.589 GGX782 220E EXIT
8483065.589 GGY789 220E ENTRY
8483565.589 GGY789 230E MAINROAD
8484065.589 GGY789 240E EXIT
8485065.589 GGZ796 240E ENTRY
8485565.589 GGZ796 250E MAINROAD
8486065.589 GGZ796 260E EXIT
8487065.589 GHA803 260E ENTRY
8487565.589 GHA803 270E MAINROAD
8488065.589 GHA803 280E EXIT
8489065.589 GHB810 280E ENTRY
8489565.589 GHB810 290E MAINROAD
8490065.589 GHB810 300E EXIT
8491065.589 GHC817 300E ENTRY
8491565.589 GHC817 310E MAINROAD
8492065.589 GHC817 320E EXIT
8493065.589 GHD824 320E ENTRY
8493565.589 GHD824 330E MAINROAD
8494065.589 GHD824 340E EXIT
8495065.589 GHE831 340E ENTRY
8495565.589 GHE831 350E MAINROAD
8496065.589 GHE831 360E EXIT
8497065.589 GHF838 360E ENTRY
8497565.589 GHF838 370E MAINROAD
8498065.589 GHF838 380E EXIT
8499065.589 GHG845 0E ENTRY
8499565.589 GHG845 10E MAINROAD
8500065.589 GHG845 20E EXIT
8501065.589 GHH852 20E ENTRY
8501565.589 GHH852 30E MAINROAD
8502065.589 GHH852 40E EXIT
8503065.589 GHI859 40E ENTRY
8503565.589 GHI859 50E MAINROAD
8504065.589 GHI859 60E EXIT
8505065.589 GHJ866 60E ENTRY
8505565.589 GHJ866 70E MAINROAD
8506065.589 GHJ866 80E EXIT
8507065.589 GHK873 80E ENTRY
8507565.589 GHK873 90E MAINROAD
8508065.589 GHK873 100E EXIT
8509065.589 GHL880 100E ENTRY
8509565.589 GHL880 110E MAINROAD
8510065.589 GHL880 120E EXIT
8511065.589 GHM887 120E ENTRY
8511565.589 GHM887 130E MAINROAD
8512065.589 GHM887 140E EXIT
8513065.589 GHN894 140E ENTRY
8513565.589 GHN894 150E MAINROAD
8514065.589 GHN894 160E EXIT
8515065.589 GHO901 160E ENTRY
8515565.589 GHO901 170E MAINROAD
8516065.589 GHO901 180E EXIT
8517065.589 GHP908 180E ENTRY
8517565.589 GHP908 190E MAINROAD
8518065.589 GHP908 200E EXIT
8519065.589 GHQ915 200E ENTRY
8519565.589 GHQ915 210E MAINROAD
8520065.589 GHQ915 220E EXIT
8521065.589 GHR922 220E ENTRY
8521565.589 GHR922 230E MAINROAD
8522065.589 GHR922 240E EXIT
8523065.589 GHS929 240E ENTRY
8523565.589 GHS929 250E MAINROAD
8524065.589 GHS929 260E EXIT
8525065.589 GHT936 260E ENTRY
8525565.589 GHT936 270E MAINROAD
8526065.589 GHT936 280E EXIT
8527065.589 GHU943 280E ENTRY
8527565.589 GHU943 290E MAINROAD
8528065.589 GHU943 300E EXIT
8529065.589 GHV950 300E ENTRY
8529565.589 GHV950 310E MAINROAD
8530065.589 GHV950 320E EXIT
8531065.589 GHW957 320E ENTRY
8531565.589 GHW957 330E MAINROAD
8532065.589 GHW957 340E EXIT
8533065.589 GHX964 340E ENTRY
8533565.589 GHX964 350E MAINROAD
8534065.589 GHX964 360E EXIT
8535065.589 GHY971 360E ENTRY
8535565.589 GHY971 370E MAINROAD
8536065.589 GHY971 380E EXIT
8537065.589 GHZ978 0E ENTRY
8537565.589 GHZ978 10E MAINROAD
8538065.589 GHZ978 20E EXIT
8539065.589 GIA985 20E ENTRY
8539565.589 GIA985 30E MAINROAD
8540065.589 GIA985 40E EXIT
8541065.589 GIB992 40E ENTRY
8541565.589 GIB992 50E MAINROAD
8542065.589 GIB992 60E EXIT
8543065.589 GIC999 60E ENTRY
8543565.589 GIC999 70E MAINROAD
8544065.589 GIC999 80E EXIT
8545065.589 GID006 80E ENTRY
8545565.589 GID006 90E MAINROAD
8546065.589 GID006 100E EXIT
8547065.589 GIE013 100E ENTRY
8547565.589 GIE013 110E MAINROAD
8548065.589 GIE013 120E EXIT
8549065.589 GIF020 120E ENTRY
8549565.589 GIF020 130E MAINROAD
8550065.589 GIF020 140E EXIT
8551065.589 GIG027 140E ENTRY
8551565.589 GIG027 150E MAINROAD
8552065.589 GIG027 160E EXIT
8553065.589 GIH034 160E ENTRY
8553565.589 GIH034 170E MAINROAD
8554065.589 GIH034 180E EXIT
8555065.589 GII041 180E ENTRY
8555565.589 GII041 190E MAINROAD
8556065.589 GII041 200E EXIT
8557065.589 GIJ048 200E ENTRY
8557565.589 GIJ048 210E MAINROAD
8558065.589 GIJ048 220E EXIT
8559065.589 GIK055 220E ENTRY
8559565.589 GIK055 230E MAINROAD
8560065.589 GIK055 240E EXIT
8561065.589 GIL062 240E ENTRY
8561565.589 GIL062 250E MAINROAD
8562065.589 GIL062 260E EXIT
8563065.589 GIM069 260E ENTRY
8563565.589 GIM069 270E MAINROAD
8564065.589 GIM069 280E EXIT
8565065.589 GIN076 280E ENTRY
8565565.589 GIN076 290E MAINROAD
8566065.589 GIN076 300E EXIT
8567065.589 GIO083 300E ENTRY
8567565.589 GIO083 310E MAINROAD
8568065.589 GIO083 320E EXIT
8569065.589 GIP090 320E ENTRY
8569565.589 GIP090 330E MAINROAD
8570065.589 GIP090 340E EXIT
8571065.589 GIQ097 340E ENTRY
8571565.589 GIQ097 350E MAINROAD
8572065.589 GIQ097 360E EXIT
8573065.589 GIR104 360E ENTRY
8573565.589 GIR104 370E MAINROAD
8574065.589 GIR104 380E EXIT
8575065.589 GIS111 0E ENTRY
8575565.589 GIS111 10E MAINROAD
8576065.589 GIS111 20E EXIT
8577065.589 GIT118 20E ENTRY
8577565.589 GIT118 30E MAINROAD
8578065.589 GIT118 40E EXIT
8579065.589 GIU125 40E ENTRY
8579565.589 GIU125 50E MAINROAD
8580065.589 GIU125 60E EXIT
8581065.589 GIV132 60E ENTRY
8581565.589 GIV132 70E MAINROAD
8582065.589 GIV132 80E EXIT
8583065.589 GIW139 80E ENTRY
8583565.589 GIW139 90E MAINROAD
8584065.589 GIW139 100E EXIT
8585065.589 GIX146 100E ENTRY
8585565.589 GIX146 110E MAINROAD
8586065.589 GIX146 120E EXIT
8587065.589 GIY153 120E ENTRY
8587565.589 GIY153 130E MAINROAD
8588065.589 GIY153 140E EXIT
8589065.589 GIZ160 140E ENTRY
8589565.589 GIZ160 150E MAINROAD
8590065.589 GIZ160 160E EXIT
8591065.589 GJA167 160E ENTRY
8591565.589 GJA167 170E MAINROAD
8592065.589 GJA167 180E EXIT
8593065.589 GJB174 180E ENTRY
8593565.589 GJB174 190E MAINROAD
8594065.589 GJB174 200E EXIT
8595065.589 GJC181 200E ENTRY
8595565.589 GJC181 210E MAINROAD
8596065.589 GJC181 220E EXIT
8597065.589 GJD188 220E ENTRY
8597565.589 GJD188 230E MAINROAD
8598065.589 GJD188 240E EXIT
8599065.589 GJE195 240E ENTRY
8599565.589 GJE195 250E MAINROAD
8600065.589 GJE195 260E EXIT
8601065.589 GJF202 260E ENTRY
8601565.589 GJF202 270E MAINROAD
8602065.589 GJF202 280E EXIT
8603065.589 GJG209 280E ENTRY
8603565.589 GJG209 290E MAINROAD
8604065.589 GJG209 300E EXIT
8605065.589 GJH216 300E ENTRY
8605565.589 GJH216 310E MAINROAD
8606065.589 GJH216 320E EXIT
8607065.589 GJI223 320E ENTRY
8607565.589 GJI223 330E MAINROAD
8608065.589 GJI223 340E EXIT
8609065.589 GJJ230 340E ENTRY
8609565.589 GJJ230 350E MAINROAD
8610065.589 GJJ230 360E EXIT
8611065.589 GJK237 360E ENTRY
8611565.589 GJK237 370E MAINROAD
8612065.589 GJK237 380E EXIT
8613065.589 GJL244 0E ENTRY
8613565.589 GJL244 10E MAINROAD
8614065.589 GJL244 20E EXIT
8615065.589 GJM251 20E ENTRY
8615565.589 GJM251 30E MAINROAD
8616065.589 GJM251 40E EXIT
8617065.589 GJN258 40E ENTRY
8617565.589 GJN258 50E MAINROAD
8618065.589 GJN258 60E EXIT
8619065.589 GJO265 60E ENTRY
8619565.589 GJO265 70E MAINROAD
8620065.589 GJO265 80E EXIT
8621065.589 GJP272 80E ENTRY
8621565.589 GJP272 90E MAINROAD
8622065.589 GJP272 100E EXIT
8623065.589 GJQ279 100E ENTRY
8623565.589 GJQ279 110E MAINROAD
8624065.589 GJQ279 120E EXIT
8625065.589 GJR286 120E ENTRY
8625565.589 GJR286 130E MAINROAD
8626065.589 GJR286 140E EXIT
8627065.589 GJS293 140E ENTRY
8627565.589 GJS293 150E MAINROAD
8628065.589 GJS293 160E EXIT
8629065.589 GJT300 160E ENTRY
8629565.589 GJT300 170E MAINROAD
8630065.589 GJT300 180E EXIT
8631065.589 GJU307 180E ENTRY
8631565.589 GJU307 190E MAINROAD
8632065.589 GJU307 200E EXIT
8633065.589 GJV314 200E ENTRY
8633565.589 GJV314 210E MAINROAD
8634065.589 GJV314 220E EXIT
8635065.589 GJW321 220E ENTRY
8635565.589 GJW321 230E MAINROAD
8636065.589 GJW321 240E EXIT
8637065.589 GJX328 240E ENTRY
8637565.589 GJX328 250E MAINROAD
8638065.589 GJX328 260E EXIT
8639065.589 GJY335 260E ENTRY
8639565.589 GJY335 270E MAINROAD
8640065.589 GJY335 280E EXIT
8641065.589 GJZ342 280E ENTRY
8641565.589 GJZ342 290E MAINROAD
8642065.589 GJZ342 300E EXIT
8643065.589 GKA349 300E ENTRY
8643565.589 GKA349 310E MAINROAD
8644065.589 GKA349 320E EXIT
8645065.589 GKB356 320E ENTRY
8645565.589 GKB356 330E MAINROAD
8646065.589 GKB356 340E EXIT
8647065.589 GKC363 340E ENTRY
8647565.589 GKC363 350E MAINROAD
8648065.589 GKC363 360E EXIT
8649065.589 GKD370 360E ENTRY
8649565.589 GKD370 370E MAINROAD
8650065.589 GKD370 380E EXIT
8651065.589 GKE377 0E ENTRY
8651565.589 GKE377 10E MAINROAD
8652065.589 GKE377 20E EXIT
8653065.589 GKF384 20E ENTRY
8653565.589 GKF384 30E MAINROAD
8654065.589 GKF384 40E EXIT
8655065.589 GKG391 40E ENTRY
8655565.589 GKG391 50E MAINROAD
8656065.589 GKG391 60E EXIT
8657065.589 GKH398 60E ENTRY
8657565.589 GKH398 70E MAINROAD
8658065.589 GKH398 80E EXIT
8659065.589 GKI405 80E ENTRY
8659565.589 GKI405 90E MAINROAD
8660065.589 GKI405 100E EXIT
8661065.589 GKJ412 100E ENTRY
8661565.589 GKJ412 110E MAINROAD
8662065.589 GKJ412 120E EXIT
8663065.589 GKK419 120E ENTRY
8663565.589 GKK419 130E MAINROAD
8664065.589 GKK419 140E EXIT
8665065.589 GKL426 140E ENTRY
8665565.589 GKL426 150E MAINROAD
8666065.589 GKL426 160E EXIT
8667065.589 GKM433 160E ENTRY
8667565.589 GKM433 170E MAINROAD
8668065.589 GKM433 180E EXIT
8669065.589 GKN440 180E ENTRY
8669565.589 GKN440 190E MAINROAD
8670065.589 GKN440 200E EXIT
8671065.589 GKO447 200E ENTRY
8671565.589 GKO447 210E MAINROAD
8672065.589 GKO447 220E EXIT
8673065.589 GKP454 220E ENTRY
8673565.589 GKP454 230E MAINROAD
8674065.589 GKP454 240E EXIT
8675065.589 GKQ461 240E ENTRY
8675565.589 GKQ461 250E MAINROAD
8676065.589 GKQ461 260E EXIT
8677065.589 GKR468 260E ENTRY
8677565.589 GKR468 270E MAINROAD
8678065.589 GKR468 280E EXIT
8679065.589 GKS475 280E ENTRY
8679565.589 GKS475 290E MAINROAD
8680065.589 GKS475 300E EXIT
8681065.589 GKT482 300E ENTRY
8681565.589 GKT482 310E MAINROAD
8682065.589 GKT482 320E EXIT
8683065.589 GKU489 320E ENTRY
8683565.589 GKU489 330E MAINROAD
8684065.589 GKU489 340E EXIT
8685065.589 GKV496 340E ENTRY
8685565.589 GKV496 350E MAINROAD
8686065.589 GKV496 360E EXIT
8687065.589 GKW503 360E ENTRY
8687565.589 GKW503 370E MAINROAD
8688065.589 GKW503 380E EXIT
8689065.589 GKX510 0E ENTRY
8689565.589 GKX510 10E MAINROAD
8690065.589 GKX510 20E EXIT
8691065.589 GKY517 20E ENTRY
8691565.589 GKY517 30E MAINROAD
8692065.589 GKY517 40E EXIT
8693065.589 GKZ524 40E ENTRY
8693565.589 GKZ524 50E MAINROAD
8694065.589 GKZ524 60E EXIT
8695065.589 GLA531 60E ENTRY
8695565.589 GLA531 70E MAINROAD
8696065.589 GLA531 80E EXIT
8697065.589 GLB538 80E ENTRY
8697565.589 GLB538 90E MAINROAD
8698065.589 GLB538 100E EXIT
8699065.589 GLC545 100E ENTRY
8699565.589 GLC545 110E MAINROAD
8700065.589 GLC545 120E EXIT
8701065.589 GLD552 120E ENTRY
8701565.589 GLD552 130E MAINROAD
8702065.589 GLD552 140E EXIT
8703065.589 GLE559 140E ENTRY
8703565.589 GLE559 150E MAINROAD
8704065.589 GLE559 160E EXIT
8705065.589 GLF566 160E ENTRY
8705565.589 GLF566 170E MAINROAD
8706065.589 GLF566 180E EXIT
8707065.589 GLG573 180E ENTRY
8707565.589 GLG573 190E MAINROAD
8708065.589 GLG573 200E EXIT
8709065.589 GLH580 200E ENTRY
8709565.589 GLH580 210E MAINROAD
8710065.589 GLH580 220E EXIT
8711065.589 GLI587 220E ENTRY
8711565.589 GLI587 230E MAINROAD
8712065.589 GLI587 240E EXIT
8713065.589 GLJ594 240E ENTRY
8713565.589 GLJ594 250E MAINROAD
8714065.589 GLJ594 260E EXIT
8715065.589 GLK601 260E ENTRY
8715565.589 GLK601 270E MAINROAD
8716065.589 GLK601 280E EXIT
8717065.589 GLL608 280E ENTRY
8717565.589 GLL608 290E MAINROAD
8718065.589 GLL608 300E EXIT
8719065.589 GLM615 300E ENTRY
8719565.589 GLM615 310E MAINROAD
8720065.589 GLM615 320E EXIT
8721065.589 GLN622 320E ENTRY
8721565.589 GLN622 330E MAINROAD
8722065.589 GLN622 340E EXIT
8723065.589 GLO629 340E ENTRY
8723565.589 GLO629 350E MAINROAD
8724065.589 GLO629 360E EXIT
8725065.589 GLP636 360E ENTRY
8725565.589 GLP636 370E MAINROAD
8726065.589 GLP636 380E EXIT
8727065.589 GLQ643 0E ENTRY
8727565.589 GLQ643 10E MAINROAD
8728065.589 GLQ643 20E EXIT
8729065.589 GLR650 20E ENTRY
8729565.589 GLR650 30E MAINROAD
8730065.589 GLR650 40E EXIT
8731065.589 GLS657 40E ENTRY
8731565.589 GLS657 50E MAINROAD
8732065.589 GLS657 60E EXIT
8733065.589 GLT664 60E ENTRY
8733565.589 GLT664 70E MAINROAD
8734065.589 GLT664 80E EXIT
8735065.589 GLU671 80E ENTRY
8735565.589 GLU671 90E MAINROAD
8736065.589 GLU671 100E EXIT
8737065.589 GLV678 100E ENTRY
8737565.589 GLV678 110E MAINROAD
8738065.589 GLV678 120E EXIT
8739065.589 GLW685 120E ENTRY
8739565.589 GLW685 130E MAINROAD
8740065.589 GLW685 140E EXIT
8741065.589 GLX692 140E ENTRY
8741565.589 GLX692 150E MAINROAD
8742065.589 GLX692 160E EXIT
8743065.589 GLY699 160E ENTRY
8743565.589 GLY699 170E MAINROAD
8744065.589 GLY699 180E EXIT
8745065.589 GLZ706 180E ENTRY
8745565.589 GLZ706 190E MAINROAD
8746065.589 GLZ706 200E EXIT
8747065.589 GMA713 200E ENTRY
8747565.589 GMA713 210E MAINROAD
8748065.589 GMA713 220E EXIT
8749065.589 GMB720 220E ENTRY
8749565.589 GMB720 230E MAINROAD
8750065.589 GMB720 240E EXIT
8751065.589 GMC727 240E ENTRY
8751565.589 GMC727 250E MAINROAD
8752065.589 GMC727 260E EXIT
8753065.589 GMD734 260E ENTRY
8753565.589 GMD734 270E MAINROAD
8754065.589 GMD734 280E EXIT
8755065.589 GME741 280E ENTRY
8755565.589 GME741 290E MAINROAD
8756065.589 GME741 300E EXIT
8757065.589 GMF748 300E ENTRY
8757565.589 GMF748 310E MAINROAD
8758065.589 GMF748 320E EXIT
8759065.589 GMG755 320E ENTRY
8759565.589 GMG755 330E MAINROAD
8760065.589 GMG755 340E EXIT
8761065.589 GMH762 340E ENTRY
8761565.589 GMH762 350E MAINROAD
8762065.589 GMH762 360E EXIT
8763065.589 GMI769 360E ENTRY
8763565.589 GMI769 370E MAINROAD
8764065.589 GMI769 380E EXIT
8765065.589 GMJ776 0E ENTRY
8765565.589 GMJ776 10E MAINROAD
8766065.589 GMJ776 20E EXIT
8767065.589 GMK783 20E ENTRY
8767565.589 GMK783 30E MAINROAD
8768065.589 GMK783 40E EXIT
8769065.589 GML790 40E ENTRY
8769565.589 GML790 50E MAINROAD
8770065.589 GML790 60E EXIT
8771065.589 GMM797 60E ENTRY
8771565.589 GMM797 70E MAINROAD
8772065.589 GMM797 80E EXIT
8773065.589 GMN804 80E ENTRY
8773565.589 GMN804 90E MAINROAD
8774065.589 GMN804 100E EXIT
8775065.589 GMO811 100E ENTRY
8775565.589 GMO811 110E MAINROAD
8776065.589 GMO811 120E EXIT
8777065.589 GMP818 120E ENTRY
8777565.589 GMP818 130E MAINROAD
8778065.589 GMP818 140E EXIT
8779065.589 GMQ825 140E ENTRY
8779565.589 GMQ825 150E MAINROAD
8780065.589 GMQ825 160E EXIT
8781065.589 GMR832 160E ENTRY
8781565.589 GMR832 170E MAINROAD
8782065.589 GMR832 180E EXIT
8783065.589 GMS839 180E ENTRY
8783565.589 GMS839 190E MAINROAD
8784065.589 GMS839 200E EXIT
8785065.589 GMT846 200E ENTRY
8785565.589 GMT846 210E MAINROAD
8786065.589 GMT846 220E EXIT
8787065.589 GMU853 220E ENTRY
8787565.589 GMU853 230E MAINROAD
8788065.589 GMU853 240E EXIT
8789065.589 GMV860 240E ENTRY
8789565.589 GMV860 250E MAINROAD
8790065.589 GMV860 260E EXIT
8791065.589 GMW867 260E ENTRY
8791565.589 GMW867 270E MAINROAD
8792065.589 GMW867 280E EXIT
8793065.589 GMX874 280E ENTRY
8793565.589 GMX874 290E MAINROAD
8794065.589 GMX874 300E EXIT
8795065.589 GMY881 300E ENTRY
8795565.589 GMY881 310E MAINROAD
8796065.589 GMY881 320E EXIT
8797065.589 GMZ888 320E ENTRY
8797565.589 GMZ888 330E MAINROAD
8798065.589 GMZ888 340E EXIT
8799065.589 GNA895 340E ENTRY
8799565.589 GNA895 350E MAINROAD
8800065.589 GNA895 360E EXIT
8801065.589 GNB902 360E ENTRY
8801565.589 GNB902 370E MAINROAD
8802065.589 GNB902 380E EXIT
8803065.589 GNC909 0E ENTRY
8803565.589 GNC909 10E MAINROAD
8804065.589 GNC909 20E EXIT
8805065.589 GND916 20E ENTRY
8805565.589 GND916 30E MAINROAD
8806065.589 GND916 40E EXIT
8807065.589 GNE923 40E ENTRY
8807565.589 GNE923 50E MAINROAD
8808065.589 GNE923 60E EXIT
8809065.589 GNF930 60E ENTRY
8809565.589 GNF930 70E MAINROAD
8810065.589 GNF930 80E EXIT
8811065.589 GNG937 80E ENTRY
8811565.589 GNG937 90E MAINROAD
8812065.589 GNG937 100E EXIT
8813065.589 GNH944 100E ENTRY
8813565.589 GNH944 110E MAINROAD
8814065.589 GNH944 120E EXIT
8815065.589 GNI951 120E ENTRY
8815565.589 GNI951 130E MAINROAD
8816065.589 GNI951 140E EXIT
8817065.589 GNJ958 140E ENTRY
8817565.589 GNJ958 150E MAINROAD
8818065.589 GNJ958 160E EXIT
8819065.589 GNK965 160E ENTRY
8819565.589 GNK965 170E MAINROAD
8820065.589 GNK965 180E EXIT
8821065.589 GNL972 180E ENTRY
8821565.589 GNL972 190E MAINROAD
8822065.589 GNL972 200E EXIT
8823065.589 GNM979 200E ENTRY
8823565.589 GNM979 210E MAINROAD
8824065.589 GNM979 220E EXIT
8825065.589 GNN986 220E ENTRY
8825565.589 GNN986 230E MAINROAD
8826065.589 GNN986 240E EXIT
8827065.589 GNO993 240E ENTRY
8827565.589 GNO993 250E MAINROAD
8828065.589 GNO993 260E EXIT
8829065.589 GNP000 260E ENTRY
8829565.589 GNP000 270E MAINROAD
8830065.589 GNP000 280E EXIT
8831065.589 GNQ007 280E ENTRY
8831565.589 GNQ007 290E MAINROAD
8832065.589 GNQ007 300E EXIT
8833065.589 GNR014 300E ENTRY
8833565.589 GNR014 310E MAINROAD
8834065.589 GNR014 320E EXIT
8835065.589 GNS021 320E ENTRY
8835565.589 GNS021 330E MAINROAD
8836065.589 GNS021 340E EXIT
8837065.589 GNT028 340E ENTRY
8837565.589 GNT028 350E MAINROAD
8838065.589 GNT028 360E EXIT
8839065.589 GNU035 360E ENTRY
8839565.589 GNU035 370E MAINROAD
8840065.589 GNU035 380E EXIT
8841065.589 GNV042 0E ENTRY
8841565.589 GNV042 10E MAINROAD
8842065.589 GNV042 20E EXIT
8843065.589 GNW049 20E ENTRY
8843565.589 GNW049 30E MAINROAD
8844065.589 GNW049 40E EXIT
8845065.589 GNX056 40E ENTRY
8845565.589 GNX056 50E MAINROAD
8846065.589 GNX056 60E EXIT
8847065.589 GNY063 60E ENTRY
8847565.589 GNY063 70E MAINROAD
8848065.589 GNY063 80E EXIT
8849065.589 GNZ070 80E ENTRY
8849565.589 GNZ070 90E MAINROAD
8850065.589 GNZ070 100E EXIT
8851065.589 GOA077 100E ENTRY
8851565.589 GOA077 110E MAINROAD
8852065.589 GOA077 120E EXIT
8853065.589 GOB084 120E ENTRY
8853565.589 GOB084 130E MAINROAD
8854065.589 GOB084 140E EXIT
8855065.589 GOC091 140E ENTRY
8855565.589 GOC091 150E MAINROAD
8856065.589 GOC091 160E EXIT
8857065.589 GOD098 160E ENTRY
8857565.589 GOD098 170E MAINROAD
8858065.589 GOD098 180E EXIT
8859065.589 GOE105 180E ENTRY
8859565.589 GOE105 190E MAINROAD
8860065.589 GOE105 200E EXIT
8861065.589 GOF112 200E ENTRY
8861565.589 GOF112 210E MAINROAD
8862065.589 GOF112 220E EXIT
8863065.589 GOG119 220E ENTRY
8863565.589 GOG119 230E MAINROAD
8864065.589 GOG119 240E EXIT
8865065.589 GOH126 240E ENTRY
8865565.589 GOH126 250E MAINROAD
8866065.589 GOH126 260E EXIT
8867065.589 GOI133 260E ENTRY
8867565.589 GOI133 270E MAINROAD
8868065.589 GOI133 280E EXIT
8869065.589 GOJ140 280E ENTRY
8869565.589 GOJ140 290E MAINROAD
8870065.589 GOJ140 300E EXIT
8871065.589 GOK147 300E ENTRY
8871565.589 GOK147 310E MAINROAD
8872065.589 GOK147 320E EXIT
8873065.589 GOL154 320E ENTRY
8873565.589 GOL154 330E MAINROAD
8874065.589 GOL154 340E EXIT
8875065.589 GOM161 340E ENTRY
8875565.589 GOM161 350E MAINROAD
8876065.589 GOM161 360E EXIT
8877065.589 GON168 360E ENTRY
8877565.589 GON168 370E MAINROAD
8878065.589 GON168 380E EXIT
8879065.589 GOO175 0E ENTRY
8879565.589 GOO175 10E MAINROAD
8880065.589 GOO175 20E EXIT
8881065.589 GOP182 20E ENTRY
8881565.589 GOP182 30E MAINROAD
8882065.589 GOP182 40E EXIT
8883065.589 GOQ189 40E ENTRY
8883565.589 GOQ189 50E MAINROAD
8884065.589 GOQ189 60E EXIT
8885065.589 GOR196 60E ENTRY
8885565.589 GOR196 70E MAINROAD
8886065.589 GOR196 80E EXIT
8887065.589 GOS203 80E ENTRY
8887565.589 GOS203 90E MAINROAD
8888065.589 GOS203 100E EXIT
8889065.589 GOT210 100E ENTRY
8889565.589 GOT210 110E MAINROAD
8890065.589 GOT210 120E EXIT
8891065.589 GOU217 120E ENTRY
8891565.589 GOU217 130E MAINROAD
8892065.589 GOU217 140E EXIT
8893065.589 GOV224 140E ENTRY
8893565.589 GOV224 150E MAINROAD
8894065.589 GOV224 160E EXIT
8895065.589 GOW231 160E ENTRY
8895565.589 GOW231 170E MAINROAD
8896065.589 GOW231 180E EXIT
8897065.589 GOX238 180E ENTRY
8897565.589 GOX238 190E MAINROAD
8898065.589 GOX238 200E EXIT
8899065.589 GOY245 200E ENTRY
8899565.589 GOY245 210E MAINROAD
8900065.589 GOY245 220E EXIT
8901065.589 GOZ252 220E ENTRY
8901565.589 GOZ252 230E MAINROAD
8902065.589 GOZ252 240E EXIT
8903065.589 GPA259 240E ENTRY
8903565.589 GPA259 250E MAINROAD
8904065.589 GPA259 260E EXIT
8905065.589 GPB266 260E ENTRY
8905565.589 GPB266 270E MAINROAD
8906065.589 GPB266 280E EXIT
8907065.589 GPC273 280E ENTRY
8907565.589 GPC273 290E MAINROAD
8908065.589 GPC273 300E EXIT
8909065.589 GPD280 300E ENTRY
8909565.589 GPD280 310E MAINROAD
8910065.589 GPD280 320E EXIT
8911065.589 GPE287 320E ENTRY
8911565.589 GPE287 330E MAINROAD
8912065.589 GPE287 340E EXIT
8913065.589 GPF294 340E ENTRY
8913565.589 GPF294 350E MAINROAD
8914065.589 GPF294 360E EXIT
8915065.589 GPG301 360E ENTRY
8915565.589 GPG301 370E MAINROAD
8916065.589 GPG301 380E EXIT
8917065.589 GPH308 0E ENTRY
8917565.589 GPH308 10E MAINROAD
8918065.589 GPH308 20E EXIT
8919065.589 GPI315 20E ENTRY
8919565.589 GPI315 30E MAINROAD
8920065.589 GPI315 40E EXIT
8921065.589 GPJ322 40E ENTRY
8921565.589 GPJ322 50E MAINROAD
8922065.589 GPJ322 60E EXIT
8923065.589 GPK329 60E ENTRY
8923565.589 GPK329 70E MAINROAD
8924065.589 GPK329 80E EXIT
8925065.589 GPL336 80E ENTRY
8925565.589 GPL336 90E MAINROAD
8926065.589 GPL336 100E EXIT
8927065.589 GPM343 100E ENTRY
8927565.589 GPM343 110E MAINROAD
8928065.589 GPM343 120E EXIT
8929065.589 GPN350 120E ENTRY
8929565.589 GPN350 130E MAINROAD
8930065.589 GPN350 140E EXIT
8931065.589 GPO357 140E ENTRY
8931565.589 GPO357 150E MAINROAD
8932065.589 GPO357 160E EXIT
8933065.589 GPP364 160E ENTRY
8933565.589 GPP364 170E MAINROAD
8934065.589 GPP364 180E EXIT
8935065.589 GPQ371 180E ENTRY
8935565.589 GPQ371 190E MAINROAD
8936065.589 GPQ371 200E EXIT
8937065.589 GPR378 200E ENTRY
8937565.589 GPR378 210E MAINROAD
8938065.589 GPR378 220E EXIT
8939065.589 GPS385 220E ENTRY
8939565.589 GPS385 230E MAINROAD
8940065.589 GPS385 240E EXIT
8941065.589 GPT392 240E ENTRY
8941565.589 GPT392 250E MAINROAD
8942065.589 GPT392 260E EXIT
8943065.589 GPU399 260E ENTRY
8943565.589 GPU399 270E MAINROAD
8944065.589 GPU399 280E EXIT
8945065.589 GPV406 280E ENTRY
8945565.589 GPV406 290E MAINROAD
8946065.589 GPV406 300E EXIT
8947065.589 GPW413 300E ENTRY
8947565.589 GPW413 310E MAINROAD
8948065.589 GPW413 320E EXIT
8949065.589 GPX420 320E ENTRY
8949565.589 GPX420 330E MAINROAD
8950065.589 GPX420 340E EXIT
8951065.589 GPY427 340E ENTRY
8951565.589 GPY427 350E MAINROAD
8952065.589 GPY427 360E EXIT
8953065.589 GPZ434 360E ENTRY
8953565.589 GPZ434 370E MAINROAD
8954065.589 GPZ434 380E EXIT
8955065.589 GQA441 0E ENTRY
8955565.589 GQA441 10E MAINROAD
8956065.589 GQA441 20E EXIT
8957065.589 GQB448 20E ENTRY
8957565.589 GQB448 30E MAINROAD
8958065.589 GQB448 40E EXIT
8959065.589 GQC455 40E ENTRY
8959565.589 GQC455 50E MAINROAD
8960065.589 GQC455 60E EXIT
8961065.589 GQD462 60E ENTRY
8961565.589 GQD462 70E MAINROAD
8962065.589 GQD462 80E EXIT
8963065.589 GQE469 80E ENTRY
8963565.589 GQE469 90E MAINROAD
8964065.589 GQE469 100E EXIT
8965065.589 GQF476 100E ENTRY
8965565.589 GQF476 110E MAINROAD
8966065.589 GQF476 120E EXIT
8967065.589 GQG483 120E ENTRY
8967565.589 GQG483 130E MAINROAD
8968065.589 GQG483 140E EXIT
8969065.589 GQH490 140E ENTRY
8969565.589 GQH490 150E MAINROAD
8970065.589 GQH490 160E EXIT
8971065.589 GQI497 160E ENTRY
8971565.589 GQI497 170E MAINROAD
8972065.589 GQI497 180E EXIT
8973065.589 GQJ504 180E ENTRY
8973565.589 GQJ504 190E MAINROAD
8974065.589 GQJ504 200E EXIT
8975065.589 GQK511 200E ENTRY
8975565.589 GQK511 210E MAINROAD
8976065.589 GQK511 220E EXIT
8977065.589 GQL518 220E ENTRY
8977565.589 GQL518 230E MAINROAD
8978065.589 GQL518 240E EXIT
8979065.589 GQM525 240E ENTRY
8979565.589 GQM525 250E MAINROAD
8980065.589 GQM525 260E EXIT
8981065.589 GQN532 260E ENTRY
8981565.589 GQN532 270E MAINROAD
8982065.589 GQN532 280E EXIT
8983065.589 GQO539 280E ENTRY
8983565.589 GQO539 290E MAINROAD
8984065.589 GQO539 300E EXIT
8985065.589 GQP546 300E ENTRY
8985565.589 GQP546 310E MAINROAD
8986065.589 GQP546 320E EXIT
8987065.589 GQQ553 320E ENTRY
8987565.589 GQQ553 330E MAINROAD
8988065.589 GQQ553 340E EXIT
8989065.589 GQR560 340E ENTRY
8989565.589 GQR560 350E MAINROAD
8990065.589 GQR560 360E EXIT
8991065.589 GQS567 360E ENTRY
8991565.589 GQS567 370E MAINROAD
8992065.589 GQS567 380E EXIT
8993065.589 GQT574 0E ENTRY
8993565.589 GQT574 10E MAINROAD
8994065.589 GQT574 20E EXIT
8995065.589 GQU581 20E ENTRY
8995565.589 GQU581 30E MAINROAD
8996065.589 GQU581 40E EXIT
8997065.589 GQV588 40E ENTRY
8997565.589 GQV588 50E MAINROAD
8998065.589 GQV588 60E EXIT
8999065.589 GQW595 60E ENTRY
8999565.589 GQW595 70E MAINROAD
9000065.589 GQW595 80E EXIT
9001065.589 GQX602 80E ENTRY
9001565.589 GQX602 90E MAINROAD
9002065.589 GQX602 100E EXIT
9003065.589 GQY609 100E ENTRY
9003565.589 GQY609 110E MAINROAD
9004065.589 GQY609 120E EXIT
9005065.589 GQZ616 120E ENTRY
9005565.589 GQZ616 130E MAINROAD
9006065.589 GQZ616 140E EXIT
9007065.589 GRA623 140E ENTRY
9007565.589 GRA623 150E MAINROAD
9008065.589 GRA623 160E EXIT
9009065.589 GRB630 160E ENTRY
9009565.589 GRB630 170E MAINROAD
9010065.589 GRB630 180E EXIT
9011065.589 GRC637 180E ENTRY
9011565.589 GRC637 190E MAINROAD
9012065.589 GRC637 200E EXIT
9013065.589 GRD644 200E ENTRY
9013565.589 GRD644 210E MAINROAD
9014065.589 GRD644 220E EXIT
9015065.589 GRE651 220E ENTRY
9015565.589 GRE651 230E MAINROAD
9016065.589 GRE651 240E EXIT
9017065.589 GRF658 240E ENTRY
9017565.589 GRF658 250E MAINROAD
9018065.589 GRF658 260E EXIT
9019065.589 GRG665 260E ENTRY
9019565.589 GRG665 270E MAINROAD
9020065.589 GRG665 280E EXIT
9021065.589 GRH672 280E ENTRY
9021565.589 GRH672 290E MAINROAD
9022065.589 GRH672 300E EXIT
9023065.589 GRI679 300E ENTRY
9023565.589 GRI679 310E MAINROAD
9024065.589 GRI679 320E EXIT
9025065.589 GRJ686 320E ENTRY
9025565.589 GRJ686 330E MAINROAD
9026065.589 GRJ686 340E EXIT
9027065.589 GRK693 340E ENTRY
9027565.589 GRK693 350E MAINROAD
9028065.589 GRK693 360E EXIT
9029065.589 GRL700 360E ENTRY
9029565.589 GRL700 370E MAINROAD
9030065.589 GRL700 380E EXIT
9031065.589 GRM707 0E ENTRY
9031565.589 GRM707 10E MAINROAD
9032065.589 GRM707 20E EXIT
9033065.589 GRN714 20E ENTRY
9033565.589 GRN714 30E MAINROAD
9034065.589 GRN714 40E EXIT
9035065.589 GRO721 40E ENTRY
9035565.589 GRO721 50E MAINROAD
9036065.589 GRO721 60E EXIT
9037065.589 GRP728 60E ENTRY
9037565.589 GRP728 70E MAINROAD
9038065.589 GRP728 80E EXIT
9039065.589 GRQ735 80E ENTRY
9039565.589 GRQ735 90E MAINROAD
9040065.589 GRQ735 100E EXIT
9041065.589 GRR742 100E ENTRY
9041565.589 GRR742 110E MAINROAD
9042065.589 GRR742 120E EXIT
9043065.589 GRS749 120E ENTRY
9043565.589 GRS749 130E MAINROAD
9044065.589 GRS749 140E EXIT
9045065.589 GRT756 140E ENTRY
9045565.589 GRT756 150E MAINROAD
9046065.589 GRT756 160E EXIT
9047065.589 GRU763 160E ENTRY
9047565.589 GRU763 170E MAINROAD
9048065.589 GRU763 180E EXIT
9049065.589 GRV770 180E ENTRY
9049565.589 GRV770 190E MAINROAD
9050065.589 GRV770 200E EXIT
9051065.589 GRW777 200E ENTRY
9051565.589 GRW777 210E MAINROAD
9052065.589 GRW777 220E EXIT
9053065.589 GRX784 220E ENTRY
9053565.589 GRX784 230E MAINROAD
9054065.589 GRX784 240E EXIT
9055065.589 GRY791 240E ENTRY
9055565.589 GRY791 250E MAINROAD
9056065.589 GRY791 260E EXIT
9057065.589 GRZ798 260E ENTRY
9057565.589 GRZ798 270E MAINROAD
9058065.589 GRZ798 280E EXIT
9059065.589 GSA805 280E ENTRY
9059565.589 GSA805 290E MAINROAD
9060065.589 GSA805 300E EXIT
9061065.589 GSB812 300E ENTRY
9061565.589 GSB812 310E MAINROAD
9062065.589 GSB812 320E EXIT
9063065.589 GSC819 320E ENTRY
9063565.589 GSC819 330E MAINROAD
9064065.589 GSC819 340E EXIT
9065065.589 GSD826 340E ENTRY
9065565.589 GSD826 350E MAINROAD
9066065.589 GSD826 360E EXIT
9067065.589 GSE833 360E ENTRY
9067565.589 GSE833 370E MAINROAD
9068065.589 GSE833 380E EXIT
9069065.589 GSF840 0E ENTRY
9069565.589 GSF840 10E MAINROAD
9070065.589 GSF840 20E EXIT
9071065.589 GSG847 20E ENTRY
9071565.589 GSG847 30E MAINROAD
9072065.589 GSG847 40E EXIT
9073065.589 GSH854 40E ENTRY
9073565.589 GSH854 50E MAINROAD
9074065.589 GSH854 60E EXIT
9075065.589 GSI861 60E ENTRY
9075565.589 GSI861 70E MAINROAD
9076065.589 GSI861 80E EXIT
9077065.589 GSJ868 80E ENTRY
9077565.589 GSJ868 90E MAINROAD
9078065.589 GSJ868 100E EXIT
9079065.589 GSK875 100E ENTRY
9079565.589 GSK875 110E MAINROAD
9080065.589 GSK875 120E EXIT
9081065.589 GSL882 120E ENTRY
9081565.589 GSL882 130E MAINROAD
9082065.589 GSL882 140E EXIT
9083065.589 GSM889 140E ENTRY
9083565.589 GSM889 150E MAINROAD
9084065.589 GSM889 160E EXIT
9085065.589 GSN896 160E ENTRY
9085565.589 GSN896 170E MAINROAD
9086065.589 GSN896 180E EXIT
9087065.589 GSO903 180E ENTRY
9087565.589 GSO903 190E MAINROAD
9088065.589 GSO903 200E EXIT
9089065.589 GSP910 200E ENTRY
9089565.589 GSP910 210E MAINROAD
9090065.589 GSP910 220E EXIT
9091065.589 GSQ917 220E ENTRY
9091565.589 GSQ917 230E MAINROAD
9092065.589 GSQ917 240E EXIT
9093065.589 GSR924 240E ENTRY
9093565.589 GSR924 250E MAINROAD
9094065.589 GSR924 260E EXIT
9095065.589 GSS931 260E ENTRY
9095565.589 GSS931 270E MAINROAD
9096065.589 GSS931 280E EXIT
9097065.589 GST938 280E ENTRY
9097565.589 GST938 290E MAINROAD
9098065.589 GST938 300E EXIT
9099065.589 GSU945 300E ENTRY
9099565.589 GSU945 310E MAINROAD
9100065.589 GSU945 320E EXIT
9101065.589 GSV952 320E ENTRY
9101565.589 GSV952 330E MAINROAD
9102065.589 GSV952 340E EXIT
9103065.589 GSW959 340E ENTRY
9103565.589 GSW959 350E MAINROAD
9104065.589 GSW959 360E EXIT
9105065.589 GSX966 360E ENTRY
9105565.589 GSX966 370E MAINROAD
9106065.589 GSX966 380E EXIT
9107065.589 GSY973 0E ENTRY
9107565.589 GSY973 10E MAINROAD
9108065.589 GSY973 20E EXIT
9109065.589 GSZ980 20E ENTRY
9109565.589 GSZ980 30E MAINROAD
9110065.589 GSZ980 40E EXIT
9111065.589 GTA987 40E ENTRY
9111565.589 GTA987 50E MAINROAD
9112065.589 GTA987 60E EXIT
9113065.589 GTB994 60E ENTRY
9113565.589 GTB994 70E MAINROAD
9114065.589 GTB994 80E EXIT
9115065.589 GTC001 80E ENTRY
9115565.589 GTC001 90E MAINROAD
9116065.589 GTC001 100E EXIT
9117065.589 GTD008 100E ENTRY
9117565.589 GTD008 110E MAINROAD
9118065.589 GTD008 120E EXIT
9119065.589 GTE015 120E ENTRY
9119565.589 GTE015 130E MAINROAD
9120065.589 GTE015 140E EXIT
9121065.589 GTF022 140E ENTRY
9121565.589 GTF022 150E MAINROAD
9122065.589 GTF022 160E EXIT
9123065.589 GTG029 160E ENTRY
9123565.589 GTG029 170E MAINROAD
9124065.589 GTG029 180E EXIT
9125065.589 GTH036 180E ENTRY
9125565.589 GTH036 190E MAINROAD
9126065.589 GTH036 200E EXIT
9127065.589 GTI043 200E ENTRY
9127565.589 GTI043 210E MAINROAD
9128065.589 GTI043 220E EXIT
9129065.589 GTJ050 220E ENTRY
9129565.589 GTJ050 230E MAINROAD
9130065.589 GTJ050 240E EXIT
9131065.589 GTK057 240E ENTRY
9131565.589 GTK057 250E MAINROAD
9132065.589 GTK057 260E EXIT
9133065.589 GTL064 260E ENTRY
9133565.589 GTL064 270E MAINROAD
9134065.589 GTL064 280E EXIT
9135065.589 GTM071 280E ENTRY
9135565.589 GTM071 290E MAINROAD
9136065.589 GTM071 300E EXIT
9137065.589 GTN078 300E ENTRY
9137565.589 GTN078 310E MAINROAD
9138065.589 GTN078 320E EXIT
9139065.589 GTO085 320E ENTRY
9139565.589 GTO085 330E MAINROAD
9140065.589 GTO085 340E EXIT
9141065.589 GTP092 340E ENTRY
9141565.589 GTP092 350E MAINROAD
9142065.589 GTP092 360E EXIT
9143065.589 GTQ099 360E ENTRY
9143565.589 GTQ099 370E MAINROAD
9144065.589 GTQ099 380E EXIT
9145065.589 GTR106 0E ENTRY
9145565.589 GTR106 10E MAINROAD
9146065.589 GTR106 20E EXIT
9147065.589 GTS113 20E ENTRY
9147565.589 GTS113 30E MAINROAD
9148065.589 GTS113 40E EXIT
9149065.589 GTT120 40E ENTRY
9149565.589 GTT120 50E MAINROAD
9150065.589 GTT120 60E EXIT
9151065.589 GTU127 60E ENTRY
9151565.589 GTU127 70E MAINROAD
9152065.589 GTU127 80E EXIT
9153065.589 GTV134 80E ENTRY
9153565.589 GTV134 90E MAINROAD
9154065.589 GTV134 100E EXIT
9155065.589 GTW141 100E ENTRY
9155565.589 GTW141 110E MAINROAD
9156065.589 GTW141 120E EXIT
9157065.589 GTX148 120E ENTRY
9157565.589 GTX148 130E MAINROAD
9158065.589 GTX148 140E EXIT
9159065.589 GTY155 140E ENTRY
9159565.589 GTY155 150E MAINROAD
9160065.589 GTY155 160E EXIT
9161065.589 GTZ162 160E ENTRY
9161565.589 GTZ162 170E MAINROAD
9162065.589 GTZ162 180E EXIT
9163065.589 GUA169 180E ENTRY
9163565.589 GUA169 190E MAINROAD
9164065.589 GUA169 200E EXIT
9165065.589 GUB176 200E ENTRY
9165565.589 GUB176 210E MAINROAD
9166065.589 GUB176 220E EXIT
9167065.589 GUC183 220E ENTRY
9167565.589 GUC183 230E MAINROAD
9168065.589 GUC183 240E EXIT
9169065.589 GUD190 240E ENTRY
9169565.589 GUD190 250E MAINROAD
9170065.589 GUD190 260E EXIT
9171065.589 GUE197 260E ENTRY
9171565.589 GUE197 270E MAINROAD
9172065.589 GUE197 280E EXIT
9173065.589 GUF204 280E ENTRY
9173565.589 GUF204 290E MAINROAD
9174065.589 GUF204 300E EXIT
9175065.589 GUG211 300E ENTRY
9175565.589 GUG211 310E MAINROAD
9176065.589 GUG211 320E EXIT
9177065.589 GUH218 320E ENTRY
9177565.589 GUH218 330E MAINROAD
9178065.589 GUH218 340E EXIT
9179065.589 GUI225 340E ENTRY
9179565.589 GUI225 350E MAINROAD
9180065.589 GUI225 360E EXIT
9181065.589 GUJ232 360E ENTRY
9181565.589 GUJ232 370E MAINROAD
9182065.589 GUJ232 380E EXIT
9183065.589 GUK239 0E ENTRY
9183565.589 GUK239 10E MAINROAD
9184065.589 GUK239 20E EXIT
9185065.589 GUL246 20E ENTRY
9185565.589 GUL246 30E MAINROAD
9186065.589 GUL246 40E EXIT
9187065.589 GUM253 40E ENTRY
9187565.589 GUM253 50E MAINROAD
9188065.589 GUM253 60E EXIT
9189065.589 GUN260 60E ENTRY
9189565.589 GUN260 70E MAINROAD
9190065.589 GUN260 80E EXIT
9191065.589 GUO267 80E ENTRY
9191565.589 GUO267 90E MAINROAD
9192065.589 GUO267 100E EXIT
9193065.589 GUP274 100E ENTRY
9193565.589 GUP274 110E MAINROAD
9194065.589 GUP274 120E EXIT
9195065.589 GUQ281 120E ENTRY
9195565.589 GUQ281 130E MAINROAD
9196065.589 GUQ281 140E EXIT
9197065.589 GUR288 140E ENTRY
9197565.589 GUR288 150E MAINROAD
9198065.589 GUR288 160E EXIT
9199065.589 GUS295 160E ENTRY
9199565.589 GUS295 170E MAINROAD
9200065.589 GUS295 180E EXIT
9201065.589 GUT302 180E ENTRY
9201565.589 GUT302 190E MAINROAD
9202065.589 GUT302 200E EXIT
9203065.589 GUU309 200E ENTRY
9203565.589 GUU309 210E MAINROAD
9204065.589 GUU309 220E EXIT
9205065.589 GUV316 220E ENTRY
9205565.589 GUV316 230E MAINROAD
9206065.589 GUV316 240E EXIT
9207065.589 GUW323 240E ENTRY
9207565.589 GUW323 250E MAINROAD
9208065.589 GUW323 260E EXIT
9209065.589 GUX330 260E ENTRY
9209565.589 GUX330 270E MAINROAD
9210065.589 GUX330 280E EXIT
9211065.589 GUY337 280E ENTRY
9211565.589 GUY337 290E MAINROAD
9212065.589 GUY337 300E EXIT
9213065.589 GUZ344 300E ENTRY
9213565.589 GUZ344 310E MAINROAD
9214065.589 GUZ344 320E EXIT
9215065.589 GVA351 320E ENTRY
9215565.589 GVA351 330E MAINROAD
9216065.589 GVA351 340E EXIT
9217065.589 GVB358 340E ENTRY
9217565.589 GVB358 350E MAINROAD
9218065.589 GVB358 360E EXIT
9219065.589 GVC365 360E ENTRY
9219565.589 GVC365 370E MAINROAD
9220065.589 GVC365 380E EXIT
9221065.589 GVD372 0E ENTRY
9221565.589 GVD372 10E MAINROAD
9222065.589 GVD372 20E EXIT
9223065.589 GVE379 20E ENTRY
9223565.589 GVE379 30E MAINROAD
9224065.589 GVE379 40E EXIT
9225065.589 GVF386 40E ENTRY
9225565.589 GVF386 50E MAINROAD
9226065.589 GVF386 60E EXIT
9227065.589 GVG393 60E ENTRY
9227565.589 GVG393 70E MAINROAD
9228065.589 GVG393 80E EXIT
9229065.589 GVH400 80E ENTRY
9229565.589 GVH400 90E MAINROAD
9230065.589 GVH400 100E EXIT
9231065.589 GVI407 100E ENTRY
9231565.589 GVI407 110E MAINROAD
9232065.589 GVI407 120E EXIT
9233065.589 GVJ414 120E ENTRY
9233565.589 GVJ414 130E MAINROAD
9234065.589 GVJ414 140E EXIT
9235065.589 GVK421 140E ENTRY
9235565.589 GVK421 150E MAINROAD
9236065.589 GVK421 160E EXIT
9237065.589 GVL428 160E ENTRY
9237565.589 GVL428 170E MAINROAD
9238065.589 GVL428 180E EXIT
9239065.589 GVM435 180E ENTRY
9239565.589 GVM435 190E MAINROAD
9240065.589 GVM435 200E EXIT
9241065.589 GVN442 200E ENTRY
9241565.589 GVN442 210E MAINROAD
9242065.589 GVN442 220E EXIT
9243065.589 GVO449 220E ENTRY
9243565.589 GVO449 230E MAINROAD
9244065.589 GVO449 240E EXIT
9245065.589 GVP456 240E ENTRY
9245565.589 GVP456 250E MAINROAD
9246065.589 GVP456 260E EXIT
9247065.589 GVQ463 260E ENTRY
9247565.589 GVQ463 270E MAINROAD
9248065.589 GVQ463 280E EXIT
9249065.589 GVR470 280E ENTRY
9249565.589 GVR470 290E MAINROAD
9250065.589 GVR470 300E EXIT
9251065.589 GVS477 300E ENTRY
9251565.589 GVS477 310E MAINROAD
9252065.589 GVS477 320E EXIT
9253065.589 GVT484 320E ENTRY
9253565.589 GVT484 330E MAINROAD
9254065.589 GVT484 340E EXIT
9255065.589 GVU491 340E ENTRY
9255565.589 GVU491 350E MAINROAD
9256065.589 GVU491 360E EXIT
9257065.589 GVV498 360E ENTRY
9257565.589 GVV498 370E MAINROAD
9258065.589 GVV498 380E EXIT
9259065.589 GVW505 0E ENTRY
9259565.589 GVW505 10E MAINROAD
9260065.589 GVW505 20E EXIT
9261065.589 GVX512 20E ENTRY
9261565.589 GVX512 30E MAINROAD
9262065.589 GVX512 40E EXIT
9263065.589 GVY519 40E ENTRY
9263565.589 GVY519 50E MAINROAD
9264065.589 GVY519 60E EXIT
9265065.589 GVZ526 60E ENTRY
9265565.589 GVZ526 70E MAINROAD
9266065.589 GVZ526 80E EXIT
9267065.589 GWA533 80E ENTRY
9267565.589 GWA533 90E MAINROAD
9268065.589 GWA533 100E EXIT
9269065.589 GWB540 100E ENTRY
9269565.589 GWB540 110E MAINROAD
9270065.589 GWB540 120E EXIT
9271065.589 GWC547 120E ENTRY
9271565.589 GWC547 130E MAINROAD
9272065.589 GWC547 140E EXIT
9273065.589 GWD554 140E ENTRY
9273565.589 GWD554 150E MAINROAD
9274065.589 GWD554 160E EXIT
9275065.589 GWE561 160E ENTRY
9275565.589 GWE561 170E MAINROAD
9276065.589 GWE561 180E EXIT
9277065.589 GWF568 180E ENTRY
9277565.589 GWF568 190E MAINROAD
9278065.589 GWF568 200E EXIT
9279065.589 GWG575 200E ENTRY
9279565.589 GWG575 210E MAINROAD
9280065.589 GWG575 220E EXIT
9281065.589 GWH582 220E ENTRY
9281565.589 GWH582 230E MAINROAD
9282065.589 GWH582 240E EXIT
9283065.589 GWI589 240E ENTRY
9283565.589 GWI589 250E MAINROAD
9284065.589 GWI589 260E EXIT
9285065.589 GWJ596 260E ENTRY
9285565.589 GWJ596 270E MAINROAD
9286065.589 GWJ596 280E EXIT
9287065.589 GWK603 280E ENTRY
9287565.589 GWK603 290E MAINROAD
9288065.589 GWK603 300E EXIT
9289065.589 GWL610 300E ENTRY
9289565.589 GWL610 310E MAINROAD
9290065.589 GWL610 320E EXIT
9291065.589 GWM617 320E ENTRY
9291565.589 GWM617 330E MAINROAD
9292065.589 GWM617 340E EXIT
9293065.589 GWN624 340E ENTRY
9293565.589 GWN624 350E MAINROAD
9294065.589 GWN624 360E EXIT
9295065.589 GWO631 360E ENTRY
9295565.589 GWO631 370E MAINROAD
9296065.589 GWO631 380E EXIT
9297065.589 GWP638 0E ENTRY
9297565.589 GWP638 10E MAINROAD
9298065.589 GWP638 20E EXIT
9299065.589 GWQ645 20E ENTRY
9299565.589 GWQ645 30E MAINROAD
9300065.589 GWQ645 40E EXIT
9301065.589 GWR652 40E ENTRY
9301565.589 GWR652 50E MAINROAD
9302065.589 GWR652 60E EXIT
9303065.589 GWS659 60E ENTRY
9303565.589 GWS659 70E MAINROAD
9304065.589 GWS659 80E EXIT
9305065.589 GWT666 80E ENTRY
9305565.589 GWT666 90E MAINROAD
9306065.589 GWT666 100E EXIT
9307065.589 GWU673 100E ENTRY
9307565.589 GWU673 110E MAINROAD
9308065.589 GWU673 120E EXIT
9309065.589 GWV680 120E ENTRY
9309565.589 GWV680 130E MAINROAD
9310065.589 GWV680 140E EXIT
9311065.589 GWW687 140E ENTRY
9311565.589 GWW687 150E MAINROAD
9312065.589 GWW687 160E EXIT
9313065.589 GWX694 160E ENTRY
9313565.589 GWX694 170E MAINROAD
9314065.589 GWX694 180E EXIT
9315065.589 GWY701 180E ENTRY
9315565.589 GWY701 190E MAINROAD
9316065.589 GWY701 200E EXIT
9317065.589 GWZ708 200E ENTRY
9317565.589 GWZ708 210E MAINROAD
9318065.589 GWZ708 220E EXIT
9319065.589 GXA715 220E ENTRY
9319565.589 GXA715 230E MAINROAD
9320065.589 GXA715 240E EXIT
9321065.589 GXB722 240E ENTRY
9321565.589 GXB722 250E MAINROAD
9322065.589 GXB722 260E EXIT
9323065.589 GXC729 260E ENTRY
9323565.589 GXC729 270E MAINROAD
9324065.589 GXC729 280E EXIT
9325065.589 GXD736 280E ENTRY
9325565.589 GXD736 290E MAINROAD
9326065.589 GXD736 300E EXIT
9327065.589 GXE743 300E ENTRY
9327565.589 GXE743 310E MAINROAD
9328065.589 GXE743 320E EXIT
9329065.589 GXF750 320E ENTRY
9329565.589 GXF750 330E MAINROAD
9330065.589 GXF750 340E EXIT
9331065.589 GXG757 340E ENTRY
9331565.589 GXG757 350E MAINROAD
9332065.589 GXG757 360E EXIT
9333065.589 GXH764 360E ENTRY
9333565.589 GXH764 370E MAINROAD
9334065.589 GXH764 380E EXIT
9335065.589 GXI771 0E ENTRY
9335565.589 GXI771 10E MAINROAD
9336065.589 GXI771 20E EXIT
9337065.589 GXJ778 20E ENTRY
9337565.589 GXJ778 30E MAINROAD
9338065.589 GXJ778 40E EXIT
9339065.589 GXK785 40E ENTRY
9339565.589 GXK785 50E MAINROAD
9340065.589 GXK785 60E EXIT
9341065.589 GXL792 60E ENTRY
9341565.589 GXL792 70E MAINROAD
9342065.589 GXL792 80E EXIT
9343065.589 GXM799 80E ENTRY
9343565.589 GXM799 90E MAINROAD
9344065.589 GXM799 100E EXIT
9345065.589 GXN806 100E ENTRY
9345565.589 GXN806 110E MAINROAD
9346065.589 GXN806 120E EXIT
9347065.589 GXO813 120E ENTRY
9347565.589 GXO813 130E MAINROAD
9348065.589 GXO813 140E EXIT
9349065.589 GXP820 140E ENTRY
9349565.589 GXP820 150E MAINROAD
9350065.589 GXP820 160E EXIT
9351065.589 GXQ827 160E ENTRY
9351565.589 GXQ827 170E MAINROAD
9352065.589 GXQ827 180E EXIT
9353065.589 GXR834 180E ENTRY
9353565.589 GXR834 190E MAINROAD
9354065.589 GXR834 200E EXIT
9355065.589 GXS841 200E ENTRY
9355565.589 GXS841 210E MAINROAD
9356065.589 GXS841 220E EXIT
9357065.589 GXT848 220E ENTRY
9357565.589 GXT848 230E MAINROAD
9358065.589 GXT848 240E EXIT
9359065.589 GXU855 240E ENTRY
9359565.589 GXU855 250E MAINROAD
9360065.589 GXU855 260E EXIT
9361065.589 GXV862 260E ENTRY
9361565.589 GXV862 270E MAINROAD
9362065.589 GXV862 280E EXIT
9363065.589 GXW869 280E ENTRY
9363565.589 GXW869 290E MAINROAD
9364065.589 GXW869 300E EXIT
9365065.589 GXX876 300E ENTRY
9365565.589 GXX876 310E MAINROAD
9366065.589 GXX876 320E EXIT
9367065.589 GXY883 320E ENTRY
9367565.589 GXY883 330E MAINROAD
9368065.589 GXY883 340E EXIT
9369065.589 GXZ890 340E ENTRY
9369565.589 GXZ890 350E MAINROAD
9370065.589 GXZ890 360E EXIT
9371065.589 GYA897 360E ENTRY
9371565.589 GYA897 370E MAINROAD
9372065.589 GYA897 380E EXIT
9373065.589 GYB904 0E ENTRY
9373565.589 GYB904 10E MAINROAD
9374065.589 GYB904 20E EXIT
9375065.589 GYC911 20E ENTRY
9375565.589 GYC911 30E MAINROAD
9376065.589 GYC911 40E EXIT
9377065.589 GYD918 40E ENTRY
9377565.589 GYD918 50E MAINROAD
9378065.589 GYD918 60E EXIT
9379065.589 GYE925 60E ENTRY
9379565.589 GYE925 70E MAINROAD
9380065.589 GYE925 80E EXIT
9381065.589 GYF932 80E ENTRY
9381565.589 GYF932 90E MAINROAD
9382065.589 GYF932 100E EXIT
9383065.589 GYG939 100E ENTRY
9383565.589 GYG939 110E MAINROAD
9384065.589 GYG939 120E EXIT
9385065.589 GYH946 120E ENTRY
9385565.589 GYH946 130E MAINROAD
9386065.589 GYH946 140E EXIT
9387065.589 GYI953 140E ENTRY
9387565.589 GYI953 150E MAINROAD
9388065.589 GYI953 160E EXIT
9389065.589 GYJ960 160E ENTRY
9389565.589 GYJ960 170E MAINROAD
9390065.589 GYJ960 180E EXIT
9391065.589 GYK967 180E ENTRY
9391565.589 GYK967 190E MAINROAD
9392065.589 GYK967 200E EXIT
9393065.589 GYL974 200E ENTRY
9393565.589 GYL974 210E MAINROAD
9394065.589 GYL974 220E EXIT
9395065.589 GYM981 220E ENTRY
9395565.589 GYM981 230E MAINROAD
9396065.589 GYM981 240E EXIT
9397065.589 GYN988 240E ENTRY
9397565.589 GYN988 250E MAINROAD
9398065.589 GYN988 260E EXIT
9399065.589 GYO995 260E ENTRY
9399565.589 GYO995 270E MAINROAD
9400065.589 GYO995 280E EXIT
9401065.589 GYP002 280E ENTRY
9401565.589 GYP002 290E MAINROAD
9402065.589 GYP002 300E EXIT
9403065.589 GYQ009 300E ENTRY
9403565.589 GYQ009 310E MAINROAD
9404065.589 GYQ009 320E EXIT
9405065.589 GYR016 320E ENTRY
9405565.589 GYR016 330E MAINROAD
9406065.589 GYR016 340E EXIT
9407065.589 GYS023 340E ENTRY
9407565.589 GYS023 350E MAINROAD
9408065.589 GYS023 360E EXIT
9409065.589 GYT030 360E ENTRY
9409565.589 GYT030 370E MAINROAD
9410065.589 GYT030 380E EXIT
9411065.589 GYU037 0E ENTRY
9411565.589 GYU037 10E MAINROAD
9412065.589 GYU037 20E EXIT
9413065.589 GYV044 20E ENTRY
9413565.589 GYV044 30E MAINROAD
9414065.589 GYV044 40E EXIT
9415065.589 GYW051 40E ENTRY
9415565.589 GYW051 50E MAINROAD
9416065.589 GYW051 60E EXIT
9417065.589 GYX058 60E ENTRY
9417565.589 GYX058 70E MAINROAD
9418065.589 GYX058 80E EXIT
9419065.589 GYY065 80E ENTRY
9419565.589 GYY065 90E MAINROAD
9420065.589 GYY065 100E EXIT
9421065.589 GYZ072 100E ENTRY
9421565.589 GYZ072 110E MAINROAD
9422065.589 GYZ072 120E EXIT
9423065.589 GZA079 120E ENTRY
9423565.589 GZA079 130E MAINROAD
9424065.589 GZA079 140E EXIT
9425065.589 GZB086 140E ENTRY
9425565.589 GZB086 150E MAINROAD
9426065.589 GZB086 160E EXIT
9427065.589 GZC093 160E ENTRY
9427565.589 GZC093 170E MAINROAD
9428065.589 GZC093 180E EXIT
9429065.589 GZD100 180E ENTRY
9429565.589 GZD100 190E MAINROAD
9430065.589 GZD100 200E EXIT
9431065.589 GZE107 200E ENTRY
9431565.589 GZE107 210E MAINROAD
9432065.589 GZE107 220E EXIT
9433065.589 GZF114 220E ENTRY
9433565.589 GZF114 230E MAINROAD
9434065.589 GZF114 240E EXIT
9435065.589 GZG121 240E ENTRY
9435565.589 GZG121 250E MAINROAD
9436065.589 GZG121 260E EXIT
9437065.589 GZH128 260E ENTRY
9437565.589 GZH128 270E MAINROAD
9438065.589 GZH128 280E EXIT
9439065.589 GZI135 280E ENTRY
9439565.589 GZI135 290E MAINROAD
9440065.589 GZI135 300E EXIT
9441065.589 GZJ142 300E ENTRY
9441565.589 GZJ142 310E MAINROAD
9442065.589 GZJ142 320E EXIT
9443065.589 GZK149 320E ENTRY
9443565.589 GZK149 330E MAINROAD
9444065.589 GZK149 340E EXIT
9445065.589 GZL156 340E ENTRY
9445565.589 GZL156 350E MAINROAD
9446065.589 GZL156 360E EXIT
9447065.589 GZM163 360E ENTRY
9447565.589 GZM163 370E MAINROAD
9448065.589 GZM163 380E EXIT
9449065.589 GZN170 0E ENTRY
9449565.589 GZN170 10E MAINROAD
9450065.589 GZN170 20E EXIT
9451065.589 GZO177 20E ENTRY
9451565.589 GZO177 30E MAINROAD
9452065.589 GZO177 40E EXIT
9453065.589 GZP184 40E ENTRY
9453565.589 GZP184 50E MAINROAD
9454065.589 GZP184 60E EXIT
9455065.589 GZQ191 60E ENTRY
9455565.589 GZQ191 70E MAINROAD
9456065.589 GZQ191 80E EXIT
9457065.589 GZR198 80E ENTRY
9457565.589 GZR198 90E MAINROAD
9458065.589 GZR198 100E EXIT
9459065.589 GZS205 100E ENTRY
9459565.589 GZS205 110E MAINROAD
9460065.589 GZS205 120E EXIT
9461065.589 GZT212 120E ENTRY
9461565.589 GZT212 130E MAINROAD
9462065.589 GZT212 140E EXIT
9463065.589 GZU219 140E ENTRY
9463565.589 GZU219 150E MAINROAD
9464065.589 GZU219 160E EXIT
9465065.589 GZV226 160E ENTRY
9465565.589 GZV226 170E MAINROAD
9466065.589 GZV226 180E EXIT
9467065.589 GZW233 180E ENTRY
9467565.589 GZW233 190E MAINROAD
9468065.589 GZW233 200E EXIT
9469065.589 GZX240 200E ENTRY
9469565.589 GZX240 210E MAINROAD
9470065.589 GZX240 220E EXIT
9471065.589 GZY247 220E ENTRY
9471565.589 GZY247 230E MAINROAD
9472065.589 GZY247 240E EXIT
9473065.589 GZZ254 240E ENTRY
9473565.589 GZZ254 250E MAINROAD
9474065.589 GZZ254 260E EXIT
9475065.589 HAA261 260E ENTRY
9475565.589 HAA261 270E MAINROAD
9476065.589 HAA261 280E EXIT
9477065.589 HAB268 280E ENTRY
9477565.589 HAB268 290E MAINROAD
9478065.589 HAB268 300E EXIT
9479065.589 HAC275 300E ENTRY
9479565.589 HAC275 310E MAINROAD
9480065.589 HAC275 320E EXIT
9481065.589 HAD282 320E ENTRY
9481565.589 HAD282 330E MAINROAD
9482065.589 HAD282 340E EXIT
9483065.589 HAE289 340E ENTRY
9483565.589 HAE289 350E MAINROAD
9484065.589 HAE289 360E EXIT
9485065.589 HAF296 360E ENTRY
9485565.589 HAF296 370E MAINROAD
9486065.589 HAF296 380E EXIT
9487065.589 HAG303 0E ENTRY
9487565.589 HAG303 10E MAINROAD
9488065.589 HAG303 20E EXIT
9489065.589 HAH310 20E ENTRY
9489565.589 HAH310 30E MAINROAD
9490065.589 HAH310 40E EXIT
9491065.589 HAI317 40E ENTRY
9491565.589 HAI317 50E MAINROAD
9492065.589 HAI317 60E EXIT
9493065.589 HAJ324 60E ENTRY
9493565.589 HAJ324 70E MAINROAD
9494065.589 HAJ324 80E EXIT
9495065.589 HAK331 80E ENTRY
9495565.589 HAK331 90E MAINROAD
9496065.589 HAK331 100E EXIT
9497065.589 HAL338 100E ENTRY
9497565.589 HAL338 110E MAINROAD
9498065.589 HAL338 120E EXIT
9499065.589 HAM345 120E ENTRY
9499565.589 HAM345 130E MAINROAD
9500065.589 HAM345 140E EXIT
9501065.589 HAN352 140E ENTRY
9501565.589 HAN352 150E MAINROAD
9502065.589 HAN352 160E EXIT
9503065.589 HAO359 160E ENTRY
9503565.589 HAO359 170E MAINROAD
9504065.589 HAO359 180E EXIT
9505065.589 HAP366 180E ENTRY
9505565.589 HAP366 190E MAINROAD
9506065.589 HAP366 200E EXIT
9507065.589 HAQ373 200E ENTRY
9507565.589 HAQ373 210E MAINROAD
9508065.589 HAQ373 220E EXIT
9509065.589 HAR380 220E ENTRY
9509565.589 HAR380 230E MAINROAD
9510065.589 HAR380 240E EXIT
9511065.589 HAS387 240E ENTRY
9511565.589 HAS387 250E MAINROAD
9512065.589 HAS387 260E EXIT
9513065.589 HAT394 260E ENTRY
9513565.589 HAT394 270E MAINROAD
9514065.589 HAT394 280E EXIT
9515065.589 HAU401 280E ENTRY
9515565.589 HAU401 290E MAINROAD
9516065.589 HAU401 300E EXIT
9517065.589 HAV408 300E ENTRY
9517565.589 HAV408 310E MAINROAD
9518065.589 HAV408 320E EXIT
9519065.589 HAW415 320E ENTRY
9519565.589 HAW415 330E MAINROAD
9520065.589 HAW415 340E EXIT
9521065.589 HAX422 340E ENTRY
9521565.589 HAX422 350E MAINROAD
9522065.589 HAX422 360E EXIT
9523065.589 HAY429 360E ENTRY
9523565.589 HAY429 370E MAINROAD
9524065.589 HAY429 380E EXIT
9525065.589 HAZ436 0E ENTRY
9525565.589 HAZ436 10E MAINROAD
9526065.589 HAZ436 20E EXIT
9527065.589 HBA443 20E ENTRY
9527565.589 HBA443 30E MAINROAD
9528065.589 HBA443 40E EXIT
9529065.589 HBB450 40E ENTRY
9529565.589 HBB450 50E MAINROAD
9530065.589 HBB450 60E EXIT
9531065.589 HBC457 60E ENTRY
9531565.589 HBC457 70E MAINROAD
9532065.589 HBC457 80E EXIT
9533065.589 HBD464 80E ENTRY
9533565.589 HBD464 90E MAINROAD
9534065.589 HBD464 100E EXIT
9535065.589 HBE471 100E ENTRY
9535565.589 HBE471 110E MAINROAD
9536065.589 HBE471 120E EXIT
9537065.589 HBF478 120E ENTRY
9537565.589 HBF478 130E MAINROAD
9538065.589 HBF478 140E EXIT
9539065.589 HBG485 140E ENTRY
9539565.589 HBG485 150E MAINROAD
9540065.589 HBG485 160E EXIT
9541065.589 HBH492 160E ENTRY
9541565.589 HBH492 170E MAINROAD
9542065.589 HBH492 180E EXIT
9543065.589 HBI499 180E ENTRY
9543565.589 HBI499 190E MAINROAD
9544065.589 HBI499 200E EXIT
9545065.589 HBJ506 200E ENTRY
9545565.589 HBJ506 210E MAINROAD
9546065.589 HBJ506 220E EXIT
9547065.589 HBK513 220E ENTRY
9547565.589 HBK513 230E MAINROAD
9548065.589 HBK513 240E EXIT
9549065.589 HBL520 240E ENTRY
9549565.589 HBL520 250E MAINROAD
9550065.589 HBL520 260E EXIT
9551065.589 HBM527 260E ENTRY
9551565.589 HBM527 270E MAINROAD
9552065.589 HBM527 280E EXIT
9553065.589 HBN534 280E ENTRY
9553565.589 HBN534 290E MAINROAD
9554065.589 HBN534 300E EXIT
9555065.589 HBO541 300E ENTRY
9555565.589 HBO541 310E MAINROAD
9556065.589 HBO541 320E EXIT
9557065.589 HBP548 320E ENTRY
9557565.589 HBP548 330E MAINROAD
9558065.589 HBP548 340E EXIT
9559065.589 HBQ555 340E ENTRY
9559565.589 HBQ555 350E MAINROAD
9560065.589 HBQ555 360E EXIT
9561065.589 HBR562 360E ENTRY
9561565.589 HBR562 370E MAINROAD
9562065.589 HBR562 380E EXIT
9563065.589 HBS569 0E ENTRY
9563565.589 HBS569 10E MAINROAD
9564065.589 HBS569 20E EXIT
9565065.589 HBT576 20E ENTRY
9565565.589 HBT576 30E MAINROAD
9566065.589 HBT576 40E EXIT
9567065.589 HBU583 40E ENTRY
9567565.589 HBU583 50E MAINROAD
9568065.589 HBU583 60E EXIT
9569065.589 HBV590 60E ENTRY
9569565.589 HBV590 70E MAINROAD
9570065.589 HBV590 80E EXIT
9571065.589 HBW597 80E ENTRY
9571565.589 HBW597 90E MAINROAD
9572065.589 HBW597 100E EXIT
9573065.589 HBX604 100E ENTRY
9573565.589 HBX604 110E MAINROAD
9574065.589 HBX604 120E EXIT
9575065.589 HBY611 120E ENTRY
9575565.589 HBY611 130E MAINROAD
9576065.589 HBY611 140E EXIT
9577065.589 HBZ618 140E ENTRY
9577565.589 HBZ618 150E MAINROAD
9578065.589 HBZ618 160E EXIT
9579065.589 HCA625 160E ENTRY
9579565.589 HCA625 170E MAINROAD
9580065.589 HCA625 180E EXIT
9581065.589 HCB632 180E ENTRY
9581565.589 HCB632 190E MAINROAD
9582065.589 HCB632 200E EXIT
9583065.589 HCC639 200E ENTRY
9583565.589 HCC639 210E MAINROAD
9584065.589 HCC639 220E EXIT
9585065.589 HCD646 220E ENTRY
9585565.589 HCD646 230E MAINROAD
9586065.589 HCD646 240E EXIT
9587065.589 HCE653 240E ENTRY
9587565.589 HCE653 250E MAINROAD
9588065.589 HCE653 260E EXIT
9589065.589 HCF660 260E ENTRY
9589565.589 HCF660 270E MAINROAD
9590065.589 HCF660 280E EXIT
9591065.589 HCG667 280E ENTRY
9591565.589 HCG667 290E MAINROAD
9592065.589 HCG667 300E EXIT
9593065.589 HCH674 300E ENTRY
9593565.589 HCH674 310E MAINROAD
9594065.589 HCH674 320E EXIT
9595065.589 HCI681 320E ENTRY
9595565.589 HCI681 330E MAINROAD
9596065.589 HCI681 340E EXIT
9597065.589 HCJ688 340E ENTRY
9597565.589 HCJ688 350E MAINROAD
9598065.589 HCJ688 360E EXIT
9599065.589 HCK695 360E ENTRY
9599565.589 HCK695 370E MAINROAD
9600065.589 HCK695 380E EXIT
9601065.589 HCL702 0E ENTRY
9601565.589 HCL702 10E MAINROAD
9602065.589 HCL702 20E EXIT
9603065.589 HCM709 20E ENTRY
9603565.589 HCM709 30E MAINROAD
9604065.589 HCM709 40E EXIT
9605065.589 HCN716 40E ENTRY
9605565.589 HCN716 50E MAINROAD
9606065.589 HCN716 60E EXIT
9607065.589 HCO723 60E ENTRY
9607565.589 HCO723 70E MAINROAD
9608065.589 HCO723 80E EXIT
9609065.589 HCP730 80E ENTRY
9609565.589 HCP730 90E MAINROAD
9610065.589 HCP730 100E EXIT
9611065.589 HCQ737 100E ENTRY
9611565.589 HCQ737 110E MAINROAD
9612065.589 HCQ737 120E EXIT
9613065.589 HCR744 120E ENTRY
9613565.589 HCR744 130E MAINROAD
9614065.589 HCR744 140E EXIT
9615065.589 HCS751 140E ENTRY
9615565.589 HCS751 150E MAINROAD
9616065.589 HCS751 160E EXIT
9617065.589 HCT758 160E ENTRY
9617565.589 HCT758 170E MAINROAD
9618065.589 HCT758 180E EXIT
9619065.589 HCU765 180E ENTRY
9619565.589 HCU765 190E MAINROAD
9620065.589 HCU765 200E EXIT
9621065.589 HCV772 200E ENTRY
9621565.589 HCV772 210E MAINROAD
9622065.589 HCV772 220E EXIT
9623065.589 HCW779 220E ENTRY
9623565.589 HCW779 230E MAINROAD
9624065.589 HCW779 240E EXIT
9625065.589 HCX786 240E ENTRY
9625565.589 HCX786 250E MAINROAD
9626065.589 HCX786 260E EXIT
9627065.589 HCY793 260E ENTRY
9627565.589 HCY793 270E MAINROAD
9628065.589 HCY793 280E EXIT
9629065.589 HCZ800 280E ENTRY
9629565.589 HCZ800 290E MAINROAD
9630065.589 HCZ800 300E EXIT
9631065.589 HDA807 300E ENTRY
9631565.589 HDA807 310E MAINROAD
9632065.589 HDA807 320E EXIT
9633065.589 HDB814 320E ENTRY
9633565.589 HDB814 330E MAINROAD
9634065.589 HDB814 340E EXIT
9635065.589 HDC821 340E ENTRY
9635565.589 HDC821 350E MAINROAD
9636065.589 HDC821 360E EXIT
9637065.589 HDD828 360E ENTRY
9637565.589 HDD828 370E MAINROAD
9638065.589 HDD828 380E EXIT
9639065.589 HDE835 0E ENTRY
9639565.589 HDE835 10E MAINROAD
9640065.589 HDE835 20E EXIT
9641065.589 HDF842 20E ENTRY
9641565.589 HDF842 30E MAINROAD
9642065.589 HDF842 40E EXIT
9643065.589 HDG849 40E ENTRY
9643565.589 HDG849 50E MAINROAD
9644065.589 HDG849 60E EXIT
9645065.589 HDH856 60E ENTRY
9645565.589 HDH856 70E MAINROAD
9646065.589 HDH856 80E EXIT
9647065.589 HDI863 80E ENTRY
9647565.589 HDI863 90E MAINROAD
9648065.589 HDI863 100E EXIT
9649065.589 HDJ870 100E ENTRY
9649565.589 HDJ870 110E MAINROAD
9650065.589 HDJ870 120E EXIT
9651065.589 HDK877 120E ENTRY
9651565.589 HDK877 130E MAINROAD
9652065.589 HDK877 140E EXIT
9653065.589 HDL884 140E ENTRY
9653565.589 HDL884 150E MAINROAD
9654065.589 HDL884 160E EXIT
9655065.589 HDM891 160E ENTRY
9655565.589 HDM891 170E MAINROAD
9656065.589 HDM891 180E EXIT
9657065.589 HDN898 180E ENTRY
9657565.589 HDN898 190E MAINROAD
9658065.589 HDN898 200E EXIT
9659065.589 HDO905 200E ENTRY
9659565.589 HDO905 210E MAINROAD
9660065.589 HDO905 220E EXIT
9661065.589 HDP912 220E ENTRY
9661565.589 HDP912 230E MAINROAD
9662065.589 HDP912 240E EXIT
9663065.589 HDQ919 240E ENTRY
9663565.589 HDQ919 250E MAINROAD
9664065.589 HDQ919 260E EXIT
9665065.589 HDR926 260E ENTRY
9665565.589 HDR926 270E MAINROAD
9666065.589 HDR926 280E EXIT
9667065.589 HDS933 280E ENTRY
9667565.589 HDS933 290E MAINROAD
9668065.589 HDS933 300E EXIT
9669065.589 HDT940 300E ENTRY
9669565.589 HDT940 310E MAINROAD
9670065.589 HDT940 320E EXIT
9671065.589 HDU947 320E ENTRY
9671565.589 HDU947 330E MAINROAD
9672065.589 HDU947 340E EXIT
9673065.589 HDV954 340E ENTRY
9673565.589 HDV954 350E MAINROAD
9674065.589 HDV954 360E EXIT
9675065.589 HDW961 360E ENTRY
9675565.589 HDW961 370E MAINROAD
9676065.589 HDW961 380E EXIT
9677065.589 HDX968 0E ENTRY
9677565.589 HDX968 10E MAINROAD
9678065.589 HDX968 20E EXIT
9679065.589 HDY975 20E ENTRY
9679565.589 HDY975 30E MAINROAD
9680065.589 HDY975 40E EXIT
9681065.589 HDZ982 40E ENTRY
9681565.589 HDZ982 50E MAINROAD
9682065.589 HDZ982 60E EXIT
9683065.589 HEA989 60E ENTRY
9683565.589 HEA989 70E MAINROAD
9684065.589 HEA989 80E EXIT
9685065.589 HEB996 80E ENTRY
9685565.589 HEB996 90E MAINROAD
9686065.589 HEB996 100E EXIT
9687065.589 HEC003 100E ENTRY
9687565.589 HEC003 110E MAINROAD
9688065.589 HEC003 120E EXIT
9689065.589 HED010 120E ENTRY
9689565.589 HED010 130E MAINROAD
9690065.589 HED010 140E EXIT
9691065.589 HEE017 140E ENTRY
9691565.589 HEE017 150E MAINROAD
9692065.589 HEE017 160E EXIT
9693065.589 HEF024 160E ENTRY
9693565.589 HEF024 170E MAINROAD
9694065.589 HEF024 180E EXIT
9695065.589 HEG031 180E ENTRY
9695565.589 HEG031 190E MAINROAD
9696065.589 HEG031 200E EXIT
9697065.589 HEH038 200E ENTRY
9697565.589 HEH038 210E MAINROAD
9698065.589 HEH038 220E EXIT
9699065.589 HEI045 220E ENTRY
9699565.589 HEI045 230E MAINROAD
9700065.589 HEI045 240E EXIT
9701065.589 HEJ052 240E ENTRY
9701565.589 HEJ052 250E MAINROAD
9702065.589 HEJ052 260E EXIT
9703065.589 HEK059 260E ENTRY
9703565.589 HEK059 270E MAINROAD
9704065.589 HEK059 280E EXIT
9705065.589 HEL066 280E ENTRY
9705565.589 HEL066 290E MAINROAD
9706065.589 HEL066 300E EXIT
9707065.589 HEM073 300E ENTRY
9707565.589 HEM073 310E MAINROAD
9708065.589 HEM073 320E EXIT
9709065.589 HEN080 320E ENTRY
9709565.589 HEN080 330E MAINROAD
9710065.589 HEN080 340E EXIT
9711065.589 HEO087 340E ENTRY
9711565.589 HEO087 350E MAINROAD
9712065.589 HEO087 360E EXIT
9713065.589 HEP094 360E ENTRY
9713565.589 HEP094 370E MAINROAD
9714065.589 HEP094 380E EXIT
9715065.589 HEQ101 0E ENTRY
9715565.589 HEQ101 10E MAINROAD
9716065.589 HEQ101 20E EXIT
9717065.589 HER108 20E ENTRY
9717565.589 HER108 30E MAINROAD
9718065.589 HER108 40E EXIT
9719065.589 HES115 40E ENTRY
9719565.589 HES115 50E MAINROAD
9720065.589 HES115 60E EXIT
9721065.589 HET122 60E ENTRY
9721565.589 HET122 70E MAINROAD
9722065.589 HET122 80E EXIT
9723065.589 HEU129 80E ENTRY
9723565.589 HEU129 90E MAINROAD
9724065.589 HEU129 100E EXIT
9725065.589 HEV136 100E ENTRY
9725565.589 HEV136 110E MAINROAD
9726065.589 HEV136 120E EXIT
9727065.589 HEW143 120E ENTRY
9727565.589 HEW143 130E MAINROAD
9728065.589 HEW143 140E EXIT
9729065.589 HEX150 140E ENTRY
9729565.589 HEX150 150E MAINROAD
9730065.589 HEX150 160E EXIT
9731065.589 HEY157 160E ENTRY
9731565.589 HEY157 170E MAINROAD
9732065.589 HEY157 180E EXIT
9733065.589 HEZ164 180E ENTRY
9733565.589 HEZ164 190E MAINROAD
9734065.589 HEZ164 200E EXIT
9735065.589 HFA171 200E ENTRY
9735565.589 HFA171 210E MAINROAD
9736065.589 HFA171 220E EXIT
9737065.589 HFB178 220E ENTRY
9737565.589 HFB178 230E MAINROAD
9738065.589 HFB178 240E EXIT
9739065.589 HFC185 240E ENTRY
9739565.589 HFC185 250E MAINROAD
9740065.589 HFC185 260E EXIT
9741065.589 HFD192 260E ENTRY
9741565.589 HFD192 270E MAINROAD
9742065.589 HFD192 280E EXIT
9743065.589 HFE199 280E ENTRY
9743565.589 HFE199 290E MAINROAD
9744065.589 HFE199 300E EXIT
9745065.589 HFF206 300E ENTRY
9745565.589 HFF206 310E MAINROAD
9746065.589 HFF206 320E EXIT
9747065.589 HFG213 320E ENTRY
9747565.589 HFG213 330E MAINROAD
9748065.589 HFG213 340E EXIT
9749065.589 HFH220 340E ENTRY
9749565.589 HFH220 350E MAINROAD
9750065.589 HFH220 360E EXIT
9751065.589 HFI227 360E ENTRY
9751565.589 HFI227 370E MAINROAD
9752065.589 HFI227 380E EXIT
9753065.589 HFJ234 0E ENTRY
9753565.589 HFJ234 10E MAINROAD
9754065.589 HFJ234 20E EXIT
9755065.589 HFK241 20E ENTRY
9755565.589 HFK241 30E MAINROAD
9756065.589 HFK241 40E EXIT
9757065.589 HFL248 40E ENTRY
9757565.589 HFL248 50E MAINROAD
9758065.589 HFL248 60E EXIT
9759065.589 HFM255 60E ENTRY
9759565.589 HFM255 70E MAINROAD
9760065.589 HFM255 80E EXIT
9761065.589 HFN262 80E ENTRY
9761565.589 HFN262 90E MAINROAD
9762065.589 HFN262 100E EXIT
9763065.589 HFO269 100E ENTRY
9763565.589 HFO269 110E MAINROAD
9764065.589 HFO269 120E EXIT
9765065.589 HFP276 120E ENTRY
9765565.589 HFP276 130E MAINROAD
9766065.589 HFP276 140E EXIT
9767065.589 HFQ283 140E ENTRY
9767565.589 HFQ283 150E MAINROAD
9768065.589 HFQ283 160E EXIT
9769065.589 HFR290 160E ENTRY
9769565.589 HFR290 170E MAINROAD
9770065.589 HFR290 180E EXIT
9771065.589 HFS297 180E ENTRY
9771565.589 HFS297 190E MAINROAD
9772065.589 HFS297 200E EXIT
9773065.589 HFT304 200E ENTRY
9773565.589 HFT304 210E MAINROAD
9774065.589 HFT304 220E EXIT
9775065.589 HFU311 220E ENTRY
9775565.589 HFU311 230E MAINROAD
9776065.589 HFU311 240E EXIT
9777065.589 HFV318 240E ENTRY
9777565.589 HFV318 250E MAINROAD
9778065.589 HFV318 260E EXIT
9779065.589 HFW325 260E ENTRY
9779565.589 HFW325 270E MAINROAD
9780065.589 HFW325 280E EXIT
9781065.589 HFX332 280E ENTRY
9781565.589 HFX332 290E MAINROAD
9782065.589 HFX332 300E EXIT
9783065.589 HFY339 300E ENTRY
9783565.589 HFY339 310E MAINROAD
9784065.589 HFY339 320E EXIT
9785065.589 HFZ346 320E ENTRY
9785565.589 HFZ346 330E MAINROAD
9786065.589 HFZ346 340E EXIT
9787065.589 HGA353 340E ENTRY
9787565.589 HGA353 350E MAINROAD
9788065.589 HGA353 360E EXIT
9789065.589 HGB360 360E ENTRY
9789565.589 HGB360 370E MAINROAD
9790065.589 HGB360 380E EXIT
9791065.589 HGC367 0E ENTRY
9791565.589 HGC367 10E MAINROAD
9792065.589 HGC367 20E EXIT
9793065.589 HGD374 20E ENTRY
9793565.589 HGD374 30E MAINROAD
9794065.589 HGD374 40E EXIT
9795065.589 HGE381 40E ENTRY
9795565.589 HGE381 50E MAINROAD
9796065.589 HGE381 60E EXIT
9797065.589 HGF388 60E ENTRY
9797565.589 HGF388 70E MAINROAD
9798065.589 HGF388 80E EXIT
9799065.589 HGG395 80E ENTRY
9799565.589 HGG395 90E MAINROAD
9800065.589 HGG395 100E EXIT
9801065.589 HGH402 100E ENTRY
9801565.589 HGH402 110E MAINROAD
9802065.589 HGH402 120E EXIT
9803065.589 HGI409 120E ENTRY
9803565.589 HGI409 130E MAINROAD
9804065.589 HGI409 140E EXIT
9805065.589 HGJ416 140E ENTRY
9805565.589 HGJ416 150E MAINROAD
9806065.589 HGJ416 160E EXIT
9807065.589 HGK423 160E ENTRY
9807565.589 HGK423 170E MAINROAD
9808065.589 HGK423 180E EXIT
9809065.589 HGL430 180E ENTRY
9809565.589 HGL430 190E MAINROAD
9810065.589 HGL430 200E EXIT
9811065.589 HGM437 200E ENTRY
9811565.589 HGM437 210E MAINROAD
9812065.589 HGM437 220E EXIT
9813065.589 HGN444 220E ENTRY
9813565.589 HGN444 230E MAINROAD
9814065.589 HGN444 240E EXIT
9815065.589 HGO451 240E ENTRY
9815565.589 HGO451 250E MAINROAD
9816065.589 HGO451 260E EXIT
9817065.589 HGP458 260E ENTRY
9817565.589 HGP458 270E MAINROAD
9818065.589 HGP458 280E EXIT
9819065.589 HGQ465 280E ENTRY
9819565.589 HGQ465 290E MAINROAD
9820065.589 HGQ465 300E EXIT
9821065.589 HGR472 300E ENTRY
9821565.589 HGR472 310E MAINROAD
9822065.589 HGR472 320E EXIT
9823065.589 HGS479 320E ENTRY
9823565.589 HGS479 330E MAINROAD
9824065.589 HGS479 340E EXIT
9825065.589 HGT486 340E ENTRY
9825565.589 HGT486 350E MAINROAD
9826065.589 HGT486 360E EXIT
9827065.589 HGU493 360E ENTRY
9827565.589 HGU493 370E MAINROAD
9828065.589 HGU493 380E EXIT
9829065.589 HGV500 0E ENTRY
9829565.589 HGV500 10E MAINROAD
9830065.589 HGV500 20E EXIT
9831065.589 HGW507 20E ENTRY
9831565.589 HGW507 30E MAINROAD
9832065.589 HGW507 40E EXIT
9833065.589 HGX514 40E ENTRY
9833565.589 HGX514 50E MAINROAD
9834065.589 HGX514 60E EXIT
9835065.589 HGY521 60E ENTRY
9835565.589 HGY521 70E MAINROAD
9836065.589 HGY521 80E EXIT
9837065.589 HGZ528 80E ENTRY
9837565.589 HGZ528 90E MAINROAD
9838065.589 HGZ528 100E EXIT
9839065.589 HHA535 100E ENTRY
9839565.589 HHA535 110E MAINROAD
9840065.589 HHA535 120E EXIT
9841065.589 HHB542 120E ENTRY
9841565.589 HHB542 130E MAINROAD
9842065.589 HHB542 140E EXIT
9843065.589 HHC549 140E ENTRY
9843565.589 HHC549 150E MAINROAD
9844065.589 HHC549 160E EXIT
9845065.589 HHD556 160E ENTRY
9845565.589 HHD556 170E MAINROAD
9846065.589 HHD556 180E EXIT
9847065.589 HHE563 180E ENTRY
9847565.589 HHE563 190E MAINROAD
9848065.589 HHE563 200E EXIT
9849065.589 HHF570 200E ENTRY
9849565.589 HHF570 210E MAINROAD
9850065.589 HHF570 220E EXIT
9851065.589 HHG577 220E ENTRY
9851565.589 HHG577 230E MAINROAD
9852065.589 HHG577 240E EXIT
9853065.589 HHH584 240E ENTRY
9853565.589 HHH584 250E MAINROAD
9854065.589 HHH584 260E EXIT
9855065.589 HHI591 260E ENTRY
9855565.589 HHI591 270E MAINROAD
9856065.589 HHI591 280E EXIT
9857065.589 HHJ598 280E ENTRY
9857565.589 HHJ598 290E MAINROAD
9858065.589 HHJ598 300E EXIT
9859065.589 HHK605 300E ENTRY
9859565.589 HHK605 310E MAINROAD
9860065.589 HHK605 320E EXIT
9861065.589 HHL612 320E ENTRY
9861565.589 HHL612 330E MAINROAD
9862065.589 HHL612 340E EXIT
9863065.589 HHM619 340E ENTRY
9863565.589 HHM619 350E MAINROAD
9864065.589 HHM619 360E EXIT
9865065.589 HHN626 360E ENTRY
9865565.589 HHN626 370E MAINROAD
9866065.589 HHN626 380E EXIT
9867065.589 HHO633 0E ENTRY
9867565.589 HHO633 10E MAINROAD
9868065.589 HHO633 20E EXIT
9869065.589 HHP640 20E ENTRY
9869565.589 HHP640 30E MAINROAD
9870065.589 HHP640 40E EXIT
9871065.589 HHQ647 40E ENTRY
9871565.589 HHQ647 50E MAINROAD
9872065.589 HHQ647 60E EXIT
9873065.589 HHR654 60E ENTRY
9873565.589 HHR654 70E MAINROAD
9874065.589 HHR654 80E EXIT
9875065.589 HHS661 80E ENTRY
9875565.589 HHS661 90E MAINROAD
9876065.589 HHS661 100E EXIT
9877065.589 HHT668 100E ENTRY
9877565.589 HHT668 110E MAINROAD
9878065.589 HHT668 120E EXIT
9879065.589 HHU675 120E ENTRY
9879565.589 HHU675 130E MAINROAD
9880065.589 HHU675 140E EXIT
9881065.589 HHV682 140E ENTRY
9881565.589 HHV682 150E MAINROAD
9882065.589 HHV682 160E EXIT
9883065.589 HHW689 160E ENTRY
9883565.589 HHW689 170E MAINROAD
9884065.589 HHW689 180E EXIT
9885065.589 HHX696 180E ENTRY
9885565.589 HHX696 190E MAINROAD
9886065.589 HHX696 200E EXIT
9887065.589 HHY703 200E ENTRY
9887565.589 HHY703 210E MAINROAD
9888065.589 HHY703 220E EXIT
9889065.589 HHZ710 220E ENTRY
9889565.589 HHZ710 230E MAINROAD
9890065.589 HHZ710 240E EXIT
9891065.589 HIA717 240E ENTRY
9891565.589 HIA717 250E MAINROAD
9892065.589 HIA717 260E EXIT
9893065.589 HIB724 260E ENTRY
9893565.589 HIB724 270E MAINROAD
9894065.589 HIB724 280E EXIT
9895065.589 HIC731 280E ENTRY
9895565.589 HIC731 290E MAINROAD
9896065.589 HIC731 300E EXIT
9897065.589 HID738 300E ENTRY
9897565.589 HID738 310E MAINROAD
9898065.589 HID738 320E EXIT
9899065.589 HIE745 320E ENTRY
9899565.589 HIE745 330E MAINROAD
9900065.589 HIE745 340E EXIT
9901065.589 HIF752 340E ENTRY
9901565.589 HIF752 350E MAINROAD
9902065.589 HIF752 360E EXIT
9903065.589 HIG759 360E ENTRY
9903565.589 HIG759 370E MAINROAD
9904065.589 HIG759 380E EXIT
9905065.589 HIH766 0E ENTRY
9905565.589 HIH766 10E MAINROAD
9906065.589 HIH766 20E EXIT
9907065.589 HII773 20E ENTRY
9907565.589 HII773 30E MAINROAD
9908065.589 HII773 40E EXIT
9909065.589 HIJ780 40E ENTRY
9909565.589 HIJ780 50E MAINROAD
9910065.589 HIJ780 60E EXIT
9911065.589 HIK787 60E ENTRY
9911565.589 HIK787 70E MAINROAD
9912065.589 HIK787 80E EXIT
9913065.589 HIL794 80E ENTRY
9913565.589 HIL794 90E MAINROAD
9914065.589 HIL794 100E EXIT
9915065.589 HIM801 100E ENTRY
9915565.589 HIM801 110E MAINROAD
9916065.589 HIM801 120E EXIT
9917065.589 HIN808 120E ENTRY
9917565.589 HIN808 130E MAINROAD
9918065.589 HIN808 140E EXIT
9919065.589 HIO815 140E ENTRY
9919565.589 HIO815 150E MAINROAD
9920065.589 HIO815 160E EXIT
9921065.589 HIP822 160E ENTRY
9921565.589 HIP822 170E MAINROAD
9922065.589 HIP822 180E EXIT
9923065.589 HIQ829 180E ENTRY
9923565.589 HIQ829 190E MAINROAD
9924065.589 HIQ829 200E EXIT
9925065.589 HIR836 200E ENTRY
9925565.589 HIR836 210E MAINROAD
9926065.589 HIR836 220E EXIT
9927065.589 HIS843 220E ENTRY
9927565.589 HIS843 230E MAINROAD
9928065.589 HIS843 240E EXIT
9929065.589 HIT850 240E ENTRY
9929565.589 HIT850 250E MAINROAD
9930065.589 HIT850 260E EXIT
9931065.589 HIU857 260E ENTRY
9931565.589 HIU857 270E MAINROAD
9932065.589 HIU857 280E EXIT
9933065.589 HIV864 280E ENTRY
9933565.589 HIV864 290E MAINROAD
9934065.589 HIV864 300E EXIT
9935065.589 HIW871 300E ENTRY
9935565.589 HIW871 310E MAINROAD
9936065.589 HIW871 320E EXIT
9937065.589 HIX878 320E ENTRY
9937565.589 HIX878 330E MAINROAD
9938065.589 HIX878 340E EXIT
9939065.589 HIY885 340E ENTRY
9939565.589 HIY885 350E MAINROAD
9940065.589 HIY885 360E EXIT
9941065.589 HIZ892 360E ENTRY
9941565.589 HIZ892 370E MAINROAD
9942065.589 HIZ892 380E EXIT
9943065.589 HJA899 0E ENTRY
9943565.589 HJA899 10E MAINROAD
9944065.589 HJA899 20E EXIT
9945065.589 HJB906 20E ENTRY
9945565.589 HJB906 30E MAINROAD
9946065.589 HJB906 40E EXIT
9947065.589 HJC913 40E ENTRY
9947565.589 HJC913 50E MAINROAD
9948065.589 HJC913 60E EXIT
9949065.589 HJD920 60E ENTRY
9949565.589 HJD920 70E MAINROAD
9950065.589 HJD920 80E EXIT
9951065.589 HJE927 80E ENTRY
9951565.589 HJE927 90E MAINROAD
9952065.589 HJE927 100E EXIT
9953065.589 HJF934 100E ENTRY
9953565.589 HJF934 110E MAINROAD
9954065.589 HJF934 120E EXIT
9955065.589 HJG941 120E ENTRY
9955565.589 HJG941 130E MAINROAD
9956065.589 HJG941 140E EXIT
9957065.589 HJH948 140E ENTRY
9957565.589 HJH948 150E MAINROAD
9958065.589 HJH948 160E EXIT
9959065.589 HJI955 160E ENTRY
9959565.589 HJI955 170E MAINROAD
9960065.589 HJI955 180E EXIT
9961065.589 HJJ962 180E ENTRY
9961565.589 HJJ962 190E MAINROAD
9962065.589 HJJ962 200E EXIT
9963065.589 HJK969 200E ENTRY
9963565.589 HJK969 210E MAINROAD
9964065.589 HJK969 220E EXIT
9965065.589 HJL976 220E ENTRY
9965565.589 HJL976 230E MAINROAD
9966065.589 HJL976 240E EXIT
9967065.589 HJM983 240E ENTRY
9967565.589 HJM983 250E MAINROAD
9968065.589 HJM983 260E EXIT
9969065.589 HJN990 260E ENTRY
9969565.589 HJN990 270E MAINROAD
9970065.589 HJN990 280E EXIT
9971065.589 HJO997 280E ENTRY
9971565.589 HJO997 290E MAINROAD
9972065.589 HJO997 300E EXIT
9973065.589 HJP004 300E ENTRY
9973565.589 HJP004 310E MAINROAD
9974065.589 HJP004 320E EXIT
9975065.589 HJQ011 320E ENTRY
9975565.589 HJQ011 330E MAINROAD
9976065.589 HJQ011 340E EXIT
9977065.589 HJR018 340E ENTRY
9977565.589 HJR018 350E MAINROAD
9978065.589 HJR018 360E EXIT
9979065.589 HJS025 360E ENTRY
9979565.589 HJS025 370E MAINROAD
9980065.589 HJS025 380E EXIT
9981065.589 HJT032 0E ENTRY
9981565.589 HJT032 10E MAINROAD
9982065.589 HJT032 20E EXIT
9983065.589 HJU039 20E ENTRY
9983565.589 HJU039 30E MAINROAD
9984065.589 HJU039 40E EXIT
9985065.589 HJV046 40E ENTRY
9985565.589 HJV046 50E MAINROAD
9986065.589 HJV046 60E EXIT
9987065.589 HJW053 60E ENTRY
9987565.589 HJW053 70E MAINROAD
9988065.589 HJW053 80E EXIT
9989065.589 HJX060 80E ENTRY
9989565.589 HJX060 90E MAINROAD
9990065.589 HJX060 100E EXIT
9991065.589 HJY067 100E ENTRY
9991565.589 HJY067 110E MAINROAD
9992065.589 HJY067 120E EXIT
9993065.589 HJZ074 120E ENTRY
9993565.589 HJZ074 130E MAINROAD
9994065.589 HJZ074 140E EXIT
9995065.589 HKA081 140E ENTRY
9995565.589 HKA081 150E MAINROAD
9996065.589 HKA081 160E EXIT
9997065.589 HKB088 160E ENTRY
9997565.589 HKB088 170E MAINROAD
9998065.589 HKB088 180E EXIT
9999065.589 HKC095 180E ENTRY
9999565.589 HKC095 190E MAINROAD
10000065.589 HKC095 200E EXIT
10001065.589 HKD102 200E ENTRY
10001565.589 HKD102 210E MAINROAD
10002065.589 HKD102 220E EXIT
10003065.589 HKE109 220E ENTRY
10003565.589 HKE109 230E MAINROAD
10004065.589 HKE109 240E EXIT
10005065.589 HKF116 240E ENTRY
10005565.589 HKF116 250E MAINROAD
10006065.589 HKF116 260E EXIT
10007065.589 HKG123 260E ENTRY
10007565.589 HKG123 270E MAINROAD
10008065.589 HKG123 280E EXIT
10009065.589 HKH130 280E ENTRY
10009565.589 HKH130 290E MAINROAD
10010065.589 HKH130 300E EXIT
10011065.589 HKI137 300E ENTRY
10011565.589 HKI137 310E MAINROAD
10012065.589 HKI137 320E EXIT
10013065.589 HKJ144 320E ENTRY
10013565.589 HKJ144 330E MAINROAD
10014065.589 HKJ144 340E EXIT
10015065.589 HKK151 340E ENTRY
10015565.589 HKK151 350E MAINROAD
10016065.589 HKK151 360E EXIT
10017065.589 HKL158 360E ENTRY
10017565.589 HKL158 370E MAINROAD
10018065.589 HKL158 380E EXIT
10019065.589 HKM165 0E ENTRY
10019565.589 HKM165 10E MAINROAD
10020065.589 HKM165 20E EXIT
10021065.589 HKN172 20E ENTRY
10021565.589 HKN172 30E MAINROAD
10022065.589 HKN172 40E EXIT
10023065.589 HKO179 40E ENTRY
10023565.589 HKO179 50E MAINROAD
10024065.589 HKO179 60E EXIT
10025065.589 HKP186 60E ENTRY
10025565.589 HKP186 70E MAINROAD
10026065.589 HKP186 80E EXIT
10027065.589 HKQ193 80E ENTRY
10027565.589 HKQ193 90E MAINROAD
10028065.589 HKQ193 100E EXIT
10029065.589 HKR200 100E ENTRY
10029565.589 HKR200 110E MAINROAD
10030065.589 HKR200 120E EXIT
10031065.589 HKS207 120E ENTRY
10031565.589 HKS207 130E MAINROAD
10032065.589 HKS207 140E EXIT
10033065.589 HKT214 140E ENTRY
10033565.589 HKT214 150E MAINROAD
10034065.589 HKT214 160E EXIT
10035065.589 HKU221 160E ENTRY
10035565.589 HKU221 170E MAINROAD
10036065.589 HKU221 180E EXIT
10037065.589 HKV228 180E ENTRY
10037565.589 HKV228 190E MAINROAD
10038065.589 HKV228 200E EXIT
10039065.589 HKW235 200E ENTRY
10039565.589 HKW235 210E MAINROAD
10040065.589 HKW235 220E EXIT
10041065.589 HKX242 220E ENTRY
10041565.589 HKX242 230E MAINROAD
10042065.589 HKX242 240E EXIT
10043065.589 HKY249 240E ENTRY
10043565.589 HKY249 250E MAINROAD
10044065.589 HKY249 260E EXIT
10045065.589 HKZ256 260E ENTRY
10045565.589 HKZ256 270E MAINROAD
10046065.589 HKZ256 280E EXIT
10047065.589 HLA263 280E ENTRY
10047565.589 HLA263 290E MAINROAD
10048065.589 HLA263 300E EXIT
10049065.589 HLB270 300E ENTRY
10049565.589 HLB270 310E MAINROAD
10050065.589 HLB270 320E EXIT
10051065.589 HLC277 320E ENTRY
10051565.589 HLC277 330E MAINROAD
10052065.589 HLC277 340E EXIT
10053065.589 HLD284 340E ENTRY
10053565.589 HLD284 350E MAINROAD
10054065.589 HLD284 360E EXIT
10055065.589 HLE291 360E ENTRY
10055565.589 HLE291 370E MAINROAD
10056065.589 HLE291 380E EXIT
10057065.589 HLF298 0E ENTRY
10057565.589 HLF298 10E MAINROAD
10058065.589 HLF298 20E EXIT
10059065.589 HLG305 20E ENTRY
10059565.589 HLG305 30E MAINROAD
10060065.589 HLG305 40E EXIT
10061065.589 HLH312 40E ENTRY
10061565.589 HLH312 50E MAINROAD
10062065.589 HLH312 60E EXIT
10063065.589 HLI319 60E ENTRY
10063565.589 HLI319 70E MAINROAD
10064065.589 HLI319 80E EXIT
10065065.589 HLJ326 80E ENTRY
10065565.589 HLJ326 90E MAINROAD
10066065.589 HLJ326 100E EXIT
10067065.589 HLK333 100E ENTRY
10067565.589 HLK333 110E MAINROAD
10068065.589 HLK333 120E EXIT
10069065.589 HLL340 120E ENTRY
10069565.589 HLL340 130E MAINROAD
10070065.589 HLL340 140E EXIT
10071065.589 HLM347 140E ENTRY
10071565.589 HLM347 150E MAINROAD
10072065.589 HLM347 160E EXIT
10073065.589 HLN354 160E ENTRY
10073565.589 HLN354 170E MAINROAD
10074065.589 HLN354 180E EXIT
10075065.589 HLO361 180E ENTRY
10075565.589 HLO361 190E MAINROAD
10076065.589 HLO361 200E EXIT
10077065.589 HLP368 200E ENTRY
10077565.589 HLP368 210E MAINROAD
10078065.589 HLP368 220E EXIT
10079065.589 HLQ375 220E ENTRY
10079565.589 HLQ375 230E MAINROAD
10080065.589 HLQ375 240E EXIT
10081065.589 HLR382 240E ENTRY
10081565.589 HLR382 250E MAINROAD
10082065.589 HLR382 260E EXIT
10083065.589 HLS389 260E ENTRY
10083565.589 HLS389 270E MAINROAD
10084065.589 HLS389 280E EXIT
10085065.589 HLT396 280E ENTRY
10085565.589 HLT396 290E MAINROAD
10086065.589 HLT396 300E EXIT
10087065.589 HLU403 300E ENTRY
10087565.589 HLU403 310E MAINROAD
10088065.589 HLU403 320E EXIT
10089065.589 HLV410 320E ENTRY
10089565.589 HLV410 330E MAINROAD
10090065.589 HLV410 340E EXIT
10091065.589 HLW417 340E ENTRY
10091565.589 HLW417 350E MAINROAD
10092065.589 HLW417 360E EXIT
10093065.589 HLX424 360E ENTRY
10093565.589 HLX424 370E MAINROAD
10094065.589 HLX424 380E EXIT
10095065.589 HLY431 0E ENTRY
10095565.589 HLY431 10E MAINROAD
10096065.589 HLY431 20E EXIT
10097065.589 HLZ438 20E ENTRY
10097565.589 HLZ438 30E MAINROAD
10098065.589 HLZ438 40E EXIT
10099065.589 HMA445 40E ENTRY
10099565.589 HMA445 50E MAINROAD
10100065.589 HMA445 60E EXIT
10101065.589 HMB452 60E ENTRY
10101565.589 HMB452 70E MAINROAD
10102065.589 HMB452 80E EXIT
10103065.589 HMC459 80E ENTRY
10103565.589 HMC459 90E MAINROAD
10104065.589 HMC459 100E EXIT
10105065.589 HMD466 100E ENTRY
10105565.589 HMD466 110E MAINROAD
10106065.589 HMD466 120E EXIT
10107065.589 HME473 120E ENTRY
10107565.589 HME473 130E MAINROAD
10108065.589 HME473 140E EXIT
10109065.589 HMF480 140E ENTRY
10109565.589 HMF480 150E MAINROAD
10110065.589 HMF480 160E EXIT
10111065.589 HMG487 160E ENTRY
10111565.589 HMG487 170E MAINROAD
10112065.589 HMG487 180E EXIT
10113065.589 HMH494 180E ENTRY
10113565.589 HMH494 190E MAINROAD
10114065.589 HMH494 200E EXIT
10115065.589 HMI501 200E ENTRY
10115565.589 HMI501 210E MAINROAD
10116065.589 HMI501 220E EXIT
10117065.589 HMJ508 220E ENTRY
10117565.589 HMJ508 230E MAINROAD
10118065.589 HMJ508 240E EXIT
10119065.589 HMK515 240E ENTRY
10119565.589 HMK515 250E MAINROAD
10120065.589 HMK515 260E EXIT
10121065.589 HML522 260E ENTRY
10121565.589 HML522 270E MAINROAD
10122065.589 HML522 280E EXIT
10123065.589 HMM529 280E ENTRY
10123565.589 HMM529 290E MAINROAD
10124065.589 HMM529 300E EXIT
10125065.589 HMN536 300E ENTRY
10125565.589 HMN536 310E MAINROAD
10126065.589 HMN536 320E EXIT
10127065.589 HMO543 320E ENTRY
10127565.589 HMO543 330E MAINROAD
10128065.589 HMO543 340E EXIT
10129065.589 HMP550 340E ENTRY
10129565.589 HMP550 350E MAINROAD
10130065.589 HMP550 360E EXIT
10131065.589 HMQ557 360E ENTRY
10131565.589 HMQ557 370E MAINROAD
10132065.589 HMQ557 380E EXIT
10133065.589 HMR564 0E ENTRY
10133565.589 HMR564 10E MAINROAD
10134065.589 HMR564 20E EXIT
10135065.589 HMS571 20E ENTRY
10135565.589 HMS571 30E MAINROAD
10136065.589 HMS571 40E EXIT
10137065.589 HMT578 40E ENTRY
10137565.589 HMT578 50E MAINROAD
10138065.589 HMT578 60E EXIT
10139065.589 HMU585 60E ENTRY
10139565.589 HMU585 70E MAINROAD
10140065.589 HMU585 80E EXIT
10141065.589 HMV592 80E ENTRY
10141565.589 HMV592 90E MAINROAD
10142065.589 HMV592 100E EXIT
10143065.589 HMW599 100E ENTRY
10143565.589 HMW599 110E MAINROAD
10144065.589 HMW599 120E EXIT
10145065.589 HMX606 120E ENTRY
10145565.589 HMX606 130E MAINROAD
10146065.589 HMX606 140E EXIT
10147065.589 HMY613 140E ENTRY
10147565.589 HMY613 150E MAINROAD
10148065.589 HMY613 160E EXIT
10149065.589 HMZ620 160E ENTRY
10149565.589 HMZ620 170E MAINROAD
10150065.589 HMZ620 180E EXIT
10151065.589 HNA627 180E ENTRY
10151565.589 HNA627 190E MAINROAD
10152065.589 HNA627 200E EXIT
10153065.589 HNB634 200E ENTRY
10153565.589 HNB634 210E MAINROAD
10154065.589 HNB634 220E EXIT
10155065.589 HNC641 220E ENTRY
10155565.589 HNC641 230E MAINROAD
10156065.589 HNC641 240E EXIT
10157065.589 HND648 240E ENTRY
10157565.589 HND648 250E MAINROAD
10158065.589 HND648 260E EXIT
10159065.589 HNE655 260E ENTRY
10159565.589 HNE655 270E MAINROAD
10160065.589 HNE655 280E EXIT
10161065.589 HNF662 280E ENTRY
10161565.589 HNF662 290E MAINROAD
10162065.589 HNF662 300E EXIT
10163065.589 HNG669 300E ENTRY
10163565.589 HNG669 310E MAINROAD
10164065.589 HNG669 320E EXIT
10165065.589 HNH676 320E ENTRY
10165565.589 HNH676 330E MAINROAD
10166065.589 HNH676 340E EXIT
10167065.589 HNI683 340E ENTRY
10167565.589 HNI683 350E MAINROAD
10168065.589 HNI683 360E EXIT
10169065.589 HNJ690 360E ENTRY
10169565.589 HNJ690 370E MAINROAD
10170065.589 HNJ690 380E EXIT
10171065.589 HNK697 0E ENTRY
10171565.589 HNK697 10E MAINROAD
10172065.589 HNK697 20E EXIT
10173065.589 HNL704 20E ENTRY
10173565.589 HNL704 30E MAINROAD
10174065.589 HNL704 40E EXIT
10175065.589 HNM711 40E ENTRY
10175565.589 HNM711 50E MAINROAD
10176065.589 HNM711 60E EXIT
10177065.589 HNN718 60E ENTRY
10177565.589 HNN718 70E MAINROAD
10178065.589 HNN718 80E EXIT
10179065.589 HNO725 80E ENTRY
10179565.589 HNO725 90E MAINROAD
10180065.589 HNO725 100E EXIT
10181065.589 HNP732 100E ENTRY
10181565.589 HNP732 110E MAINROAD
10182065.589 HNP732 120E EXIT
10183065.589 HNQ739 120E ENTRY
10183565.589 HNQ739 130E MAINROAD
10184065.589 HNQ739 140E EXIT
10185065.589 HNR746 140E ENTRY
10185565.589 HNR746 150E MAINROAD
10186065.589 HNR746 160E EXIT
10187065.589 HNS753 160E ENTRY
10187565.589 HNS753 170E MAINROAD
10188065.589 HNS753 180E EXIT
10189065.589 HNT760 180E ENTRY
10189565.589 HNT760 190E MAINROAD
10190065.589 HNT760 200E EXIT
10191065.589 HNU767 200E ENTRY
10191565.589 HNU767 210E MAINROAD
10192065.589 HNU767 220E EXIT
10193065.589 HNV774 220E ENTRY
10193565.589 HNV774 230E MAINROAD
10194065.589 HNV774 240E EXIT
10195065.589 HNW781 240E ENTRY
10195565.589 HNW781 250E MAINROAD
10196065.589 HNW781 260E EXIT
10197065.589 HNX788 260E ENTRY
10197565.589 HNX788 270E MAINROAD
10198065.589 HNX788 280E EXIT
10199065.589 HNY795 280E ENTRY
10199565.589 HNY795 290E MAINROAD
10200065.589 HNY795 300E EXIT
10201065.589 HNZ802 300E ENTRY
10201565.589 HNZ802 310E MAINROAD
10202065.589 HNZ802 320E EXIT
10203065.589 HOA809 320E ENTRY
10203565.589 HOA809 330E MAINROAD
10204065.589 HOA809 340E EXIT
10205065.589 HOB816 340E ENTRY
10205565.589 HOB816 350E MAINROAD
10206065.589 HOB816 360E EXIT
10207065.589 HOC823 360E ENTRY
10207565.589 HOC823 370E MAINROAD
10208065.589 HOC823 380E EXIT
10209065.589 HOD830 0E ENTRY
10209565.589 HOD830 10E MAINROAD
10210065.589 HOD830 20E EXIT
10211065.589 HOE837 20E ENTRY
10211565.589 HOE837 30E MAINROAD
10212065.589 HOE837 40E EXIT
10213065.589 HOF844 40E ENTRY
10213565.589 HOF844 50E MAINROAD
10214065.589 HOF844 60E EXIT
10215065.589 HOG851 60E ENTRY
10215565.589 HOG851 70E MAINROAD
10216065.589 HOG851 80E EXIT
10217065.589 HOH858 80E ENTRY
10217565.589 HOH858 90E MAINROAD
10218065.589 HOH858 100E EXIT
10219065.589 HOI865 100E ENTRY
10219565.589 HOI865 110E MAINROAD
10220065.589 HOI865 120E EXIT
10221065.589 HOJ872 120E ENTRY
10221565.589 HOJ872 130E MAINROAD
10222065.589 HOJ872 140E EXIT
10223065.589 HOK879 140E ENTRY
10223565.589 HOK879 150E MAINROAD
10224065.589 HOK879 160E EXIT
10225065.589 HOL886 160E ENTRY
10225565.589 HOL886 170E MAINROAD
10226065.589 HOL886 180E EXIT
10227065.589 HOM893 180E ENTRY
10227565.589 HOM893 190E MAINROAD
10228065.589 HOM893 200E EXIT
10229065.589 HON900 200E ENTRY
10229565.589 HON900 210E MAINROAD
10230065.589 HON900 220E EXIT
10231065.589 HOO907 220E ENTRY
10231565.589 HOO907 230E MAINROAD
10232065.589 HOO907 240E EXIT
10233065.589 HOP914 240E ENTRY
10233565.589 HOP914 250E MAINROAD
10234065.589 HOP914 260E EXIT
10235065.589 HOQ921 260E ENTRY
10235565.589 HOQ921 270E MAINROAD
10236065.589 HOQ921 280E EXIT
10237065.589 HOR928 280E ENTRY
10237565.589 HOR928 290E MAINROAD
10238065.589 HOR928 300E EXIT
10239065.589 HOS935 300E ENTRY
10239565.589 HOS935 310E MAINROAD
10240065.589 HOS935 320E EXIT
10241065.589 HOT942 320E ENTRY
10241565.589 HOT942 330E MAINROAD
10242065.589 HOT942 340E EXIT
10243065.589 HOU949 340E ENTRY
10243565.589 HOU949 350E MAINROAD
10244065.589 HOU949 360E EXIT
10245065.589 HOV956 360E ENTRY
10245565.589 HOV956 370E MAINROAD
10246065.589 HOV956 380E EXIT
10247065.589 HOW963 0E ENTRY
10247565.589 HOW963 10E MAINROAD
10248065.589 HOW963 20E EXIT
10249065.589 HOX970 20E ENTRY
10249565.589 HOX970 30E MAINROAD
10250065.589 HOX970 40E EXIT
10251065.589 HOY977 40E ENTRY
10251565.589 HOY977 50E MAINROAD
10252065.589 HOY977 60E EXIT
10253065.589 HOZ984 60E ENTRY
10253565.589 HOZ984 70E MAINROAD
10254065.589 HOZ984 80E EXIT
10255065.589 HPA991 80E ENTRY
10255565.589 HPA991 90E MAINROAD
10256065.589 HPA991 100E EXIT
10257065.589 HPB998 100E ENTRY
10257565.589 HPB998 110E MAINROAD
10258065.589 HPB998 120E EXIT
10259065.589 HPC005 120E ENTRY
10259565.589 HPC005 130E MAINROAD
10260065.589 HPC005 140E EXIT
10261065.589 HPD012 140E ENTRY
10261565.589 HPD012 150E MAINROAD
10262065.589 HPD012 160E EXIT
10263065.589 HPE019 160E ENTRY
10263565.589 HPE019 170E MAINROAD
10264065.589 HPE019 180E EXIT
10265065.589 HPF026 180E ENTRY
10265565.589 HPF026 190E MAINROAD
10266065.589 HPF026 200E EXIT
10267065.589 HPG033 200E ENTRY
10267565.589 HPG033 210E MAINROAD
10268065.589 HPG033 220E EXIT
10269065.589 HPH040 220E ENTRY
10269565.589 HPH040 230E MAINROAD
10270065.589 HPH040 240E EXIT
10271065.589 HPI047 240E ENTRY
10271565.589 HPI047 250E MAINROAD
10272065.589 HPI047 260E EXIT
10273065.589 HPJ054 260E ENTRY
10273565.589 HPJ054 270E MAINROAD
10274065.589 HPJ054 280E EXIT
10275065.589 HPK061 280E ENTRY
10275565.589 HPK061 290E MAINROAD
10276065.589 HPK061 300E EXIT
10277065.589 HPL068 300E ENTRY
10277565.589 HPL068 310E MAINROAD
10278065.589 HPL068 320E EXIT
10279065.589 HPM075 320E ENTRY
10279565.589 HPM075 330E MAINROAD
10280065.589 HPM075 340E EXIT
10281065.589 HPN082 340E ENTRY
10281565.589 HPN082 350E MAINROAD
10282065.589 HPN082 360E EXIT
10283065.589 HPO089 360E ENTRY
10283565.589 HPO089 370E MAINROAD
10284065.589 HPO089 380E EXIT
10285065.589 HPP096 0E ENTRY
10285565.589 HPP096 10E MAINROAD
10286065.589 HPP096 20E EXIT
10287065.589 HPQ103 20E ENTRY
10287565.589 HPQ103 30E MAINROAD
10288065.589 HPQ103 40E EXIT
10289065.589 HPR110 40E ENTRY
10289565.589 HPR110 50E MAINROAD
10290065.589 HPR110 60E EXIT
10291065.589 HPS117 60E ENTRY
10291565.589 HPS117 70E MAINROAD
10292065.589 HPS117 80E EXIT
10293065.589 HPT124 80E ENTRY
10293565.589 HPT124 90E MAINROAD
10294065.589 HPT124 100E EXIT
10295065.589 HPU131 100E ENTRY
10295565.589 HPU131 110E MAINROAD
10296065.589 HPU131 120E EXIT
10297065.589 HPV138 120E ENTRY
10297565.589 HPV138 130E MAINROAD
10298065.589 HPV138 140E EXIT
10299065.589 HPW145 140E ENTRY
10299565.589 HPW145 150E MAINROAD
10300065.589 HPW145 160E EXIT
10301065.589 HPX152 160E ENTRY
10301565.589 HPX152 170E MAINROAD
10302065.589 HPX152 180E EXIT
10303065.589 HPY159 180E ENTRY
10303565.589 HPY159 190E MAINROAD
10304065.589 HPY159 200E EXIT
10305065.589 HPZ166 200E ENTRY
10305565.589 HPZ166 210E MAINROAD
10306065.589 HPZ166 220E EXIT
10307065.589 HQA173 220E ENTRY
10307565.589 HQA173 230E MAINROAD
10308065.589 HQA173 240E EXIT
10309065.589 HQB180 240E ENTRY
10309565.589 HQB180 250E MAINROAD
10310065.589 HQB180 260E EXIT
10311065.589 HQC187 260E ENTRY
10311565.589 HQC187 270E MAINROAD
10312065.589 HQC187 280E EXIT
10313065.589 HQD194 280E ENTRY
10313565.589 HQD194 290E MAINROAD
10314065.589 HQD194 300E EXIT
10315065.589 HQE201 300E ENTRY
10315565.589 HQE201 310E MAINROAD
10316065.589 HQE201 320E EXIT
10317065.589 HQF208 320E ENTRY
10317565.589 HQF208 330E MAINROAD
10318065.589 HQF208 340E EXIT
10319065.589 HQG215 340E ENTRY
10319565.589 HQG215 350E MAINROAD
10320065.589 HQG215 360E EXIT
10321065.589 HQH222 360E ENTRY
10321565.589 HQH222 370E MAINROAD
10322065.589 HQH222 380E EXIT
10323065.589 HQI229 0E ENTRY
10323565.589 HQI229 10E MAINROAD
10324065.589 HQI229 20E EXIT
10325065.589 HQJ236 20E ENTRY
10325565.589 HQJ236 30E MAINROAD
10326065.589 HQJ236 40E EXIT
10327065.589 HQK243 40E ENTRY
10327565.589 HQK243 50E MAINROAD
10328065.589 HQK243 60E EXIT
10329065.589 HQL250 60E ENTRY
10329565.589 HQL250 70E MAINROAD
10330065.589 HQL250 80E EXIT
10331065.589 HQM257 80E ENTRY
10331565.589 HQM257 90E MAINROAD
10332065.589 HQM257 100E EXIT
10333065.589 HQN264 100E ENTRY
10333565.589 HQN264 110E MAINROAD
10334065.589 HQN264 120E EXIT
10335065.589 HQO271 120E ENTRY
10335565.589 HQO271 130E MAINROAD
10336065.589 HQO271 140E EXIT
10337065.589 HQP278 140E ENTRY
10337565.589 HQP278 150E MAINROAD
10338065.589 HQP278 160E EXIT
10339065.589 HQQ285 160E ENTRY
10339565.589 HQQ285 170E MAINROAD
10340065.589 HQQ285 180E EXIT
10341065.589 HQR292 180E ENTRY
10341565.589 HQR292 190E MAINROAD
10342065.589 HQR292 200E EXIT
10343065.589 HQS299 200E ENTRY
10343565.589 HQS299 210E MAINROAD
10344065.589 HQS299 220E EXIT
10345065.589 HQT306 220E ENTRY
10345565.589 HQT306 230E MAINROAD
10346065.589 HQT306 240E EXIT
10347065.589 HQU313 240E ENTRY
10347565.589 HQU313 250E MAINROAD
10348065.589 HQU313 260E EXIT
10349065.589 HQV320 260E ENTRY
10349565.589 HQV320 270E MAINROAD
10350065.589 HQV320 280E EXIT
10351065.589 HQW327 280E ENTRY
10351565.589 HQW327 290E MAINROAD
10352065.589 HQW327 300E EXIT
10353065.589 HQX334 300E ENTRY
10353565.589 HQX334 310E MAINROAD
10354065.589 HQX334 320E EXIT
10355065.589 HQY341 320E ENTRY
10355565.589 HQY341 330E MAINROAD
10356065.589 HQY341 340E EXIT
10357065.589 HQZ348 340E ENTRY
10357565.589 HQZ348 350E MAINROAD
10358065.589 HQZ348 360E EXIT
10359065.589 HRA355 360E ENTRY
10359565.589 HRA355 370E MAINROAD
10360065.589 HRA355 380E EXIT
10361065.589 HRB362 0E ENTRY
10361565.589 HRB362 10E MAINROAD
10362065.589 HRB362 20E EXIT
10363065.589 HRC369 20E ENTRY
10363565.589 HRC369 30E MAINROAD
10364065.589 HRC369 40E EXIT
10365065.589 HRD376 40E ENTRY
10365565.589 HRD376 50E MAINROAD
10366065.589 HRD376 60E EXIT
10367065.589 HRE383 60E ENTRY
10367565.589 HRE383 70E MAINROAD
10368065.589 HRE383 80E EXIT
10369065.589 HRF390 80E ENTRY
10369565.589 HRF390 90E MAINROAD
10370065.589 HRF390 100E EXIT
10371065.589 HRG397 100E ENTRY
10371565.589 HRG397 110E MAINROAD
10372065.589 HRG397 120E EXIT
10373065.589 HRH404 120E ENTRY
10373565.589 HRH404 130E MAINROAD
10374065.589 HRH404 140E EXIT
10375065.589 HRI411 140E ENTRY
10375565.589 HRI411 150E MAINROAD
10376065.589 HRI411 160E EXIT
10377065.589 HRJ418 160E ENTRY
10377565.589 HRJ418 170E MAINROAD
10378065.589 HRJ418 180E EXIT
10379065.589 HRK425 180E ENTRY
10379565.589 HRK425 190E MAINROAD
10380065.589 HRK425 200E EXIT
10381065.589 HRL432 200E ENTRY
10381565.589 HRL432 210E MAINROAD
10382065.589 HRL432 220E EXIT
10383065.589 HRM439 220E ENTRY
10383565.589 HRM439 230E MAINROAD
10384065.589 HRM439 240E EXIT
10385065.589 HRN446 240E ENTRY
10385565.589 HRN446 250E MAINROAD
10386065.589 HRN446 260E EXIT
10387065.589 HRO453 260E ENTRY
10387565.589 HRO453 270E MAINROAD
10388065.589 HRO453 280E EXIT
10389065.589 HRP460 280E ENTRY
10389565.589 HRP460 290E MAINROAD
10390065.589 HRP460 300E EXIT
10391065.589 HRQ467 300E ENTRY
10391565.589 HRQ467 310E MAINROAD
10392065.589 HRQ467 320E EXIT
10393065.589 HRR474 320E ENTRY
10393565.589 HRR474 330E MAINROAD
10394065.589 HRR474 340E EXIT
10395065.589 HRS481 340E ENTRY
10395565.589 HRS481 350E MAINROAD
10396065.589 HRS481 360E EXIT
10397065.589 HRT488 360E ENTRY
10397565.589 HRT488 370E MAINROAD
10398065.589 HRT488 380E EXIT
10399065.589 HRU495 0E ENTRY
10399565.589 HRU495 10E MAINROAD
10400065.589 HRU495 20E EXIT
10401065.589 HRV502 20E ENTRY
10401565.589 HRV502 30E MAINROAD
10402065.589 HRV502 40E EXIT
10403065.589 HRW509 40E ENTRY
10403565.589 HRW509 50E MAINROAD
10404065.589 HRW509 60E EXIT
10405065.589 HRX516 60E ENTRY
10405565.589 HRX516 70E MAINROAD
10406065.589 HRX516 80E EXIT
10407065.589 HRY523 80E ENTRY
10407565.589 HRY523 90E MAINROAD
10408065.589 HRY523 100E EXIT
10409065.589 HRZ530 100E ENTRY
10409565.589 HRZ530 110E MAINROAD
10410065.589 HRZ530 120E EXIT
10411065.589 HSA537 120E ENTRY
10411565.589 HSA537 130E MAINROAD
10412065.589 HSA537 140E EXIT
10413065.589 HSB544 140E ENTRY
10413565.589 HSB544 150E MAINROAD
10414065.589 HSB544 160E EXIT
10415065.589 HSC551 160E ENTRY
10415565.589 HSC551 170E MAINROAD
10416065.589 HSC551 180E EXIT
10417065.589 HSD558 180E ENTRY
10417565.589 HSD558 190E MAINROAD
10418065.589 HSD558 200E EXIT
10419065.589 HSE565 200E ENTRY
10419565.589 HSE565 210E MAINROAD
10420065.589 HSE565 220E EXIT
10421065.589 HSF572 220E ENTRY
10421565.589 HSF572 230E MAINROAD
10422065.589 HSF572 240E EXIT
10423065.589 HSG579 240E ENTRY
10423565.589 HSG579 250E MAINROAD
10424065.589 HSG579 260E EXIT
10425065.589 HSH586 260E ENTRY
10425565.589 HSH586 270E MAINROAD
10426065.589 HSH586 280E EXIT
10427065.589 HSI593 280E ENTRY
10427565.589 HSI593 290E MAINROAD
10428065.589 HSI593 300E EXIT
10429065.589 HSJ600 300E ENTRY
10429565.589 HSJ600 310E MAINROAD
10430065.589 HSJ600 320E EXIT
10431065.589 HSK607 320E ENTRY
10431565.589 HSK607 330E MAINROAD
10432065.589 HSK607 340E EXIT
10433065.589 HSL614 340E ENTRY
10433565.589 HSL614 350E MAINROAD
10434065.589 HSL614 360E EXIT
10435065.589 HSM621 360E ENTRY
10435565.589 HSM621 370E MAINROAD
10436065.589 HSM621 380E EXIT
10437065.589 HSN628 0E ENTRY
10437565.589 HSN628 10E MAINROAD
10438065.589 HSN628 20E EXIT
10439065.589 HSO635 20E ENTRY
10439565.589 HSO635 30E MAINROAD
10440065.589 HSO635 40E EXIT
10441065.589 HSP642 40E ENTRY
10441565.589 HSP642 50E MAINROAD
10442065.589 HSP642 60E EXIT
10443065.589 HSQ649 60E ENTRY
10443565.589 HSQ649 70E MAINROAD
10444065.589 HSQ649 80E EXIT
10445065.589 HSR656 80E ENTRY
10445565.589 HSR656 90E MAINROAD
10446065.589 HSR656 100E EXIT
10447065.589 HSS663 100E ENTRY
10447565.589 HSS663 110E MAINROAD
10448065.589 HSS663 120E EXIT
10449065.589 HST670 120E ENTRY
10449565.589 HST670 130E MAINROAD
10450065.589 HST670 140E EXIT
10451065.589 HSU677 140E ENTRY
10451565.589 HSU677 150E MAINROAD
10452065.589 HSU677 160E EXIT
10453065.589 HSV684 160E ENTRY
10453565.589 HSV684 170E MAINROAD
10454065.589 HSV684 180E EXIT
10455065.589 HSW691 180E ENTRY
10455565.589 HSW691 190E MAINROAD
10456065.589 HSW691 200E EXIT
10457065.589 HSX698 200E ENTRY
10457565.589 HSX698 210E MAINROAD
10458065.589 HSX698 220E EXIT
10459065.589 HSY705 220E ENTRY
10459565.589 HSY705 230E MAINROAD
10460065.589 HSY705 240E EXIT
10461065.589 HSZ712 240E ENTRY
10461565.589 HSZ712 250E MAINROAD
10462065.589 HSZ712 260E EXIT
10463065.589 HTA719 260E ENTRY
10463565.589 HTA719 270E MAINROAD
10464065.589 HTA719 280E EXIT
10465065.589 HTB726 280E ENTRY
10465565.589 HTB726 290E MAINROAD
10466065.589 HTB726 300E EXIT
10467065.589 HTC733 300E ENTRY
10467565.589 HTC733 310E MAINROAD
10468065.589 HTC733 320E EXIT
10469065.589 HTD740 320E ENTRY
10469565.589 HTD740 330E MAINROAD
10470065.589 HTD740 340E EXIT
10471065.589 HTE747 340E ENTRY
10471565.589 HTE747 350E MAINROAD
10472065.589 HTE747 360E EXIT
10473065.589 HTF754 360E ENTRY
10473565.589 HTF754 370E MAINROAD
10474065.589 HTF754 380E EXIT
10475065.589 HTG761 0E ENTRY
10475565.589 HTG761 10E MAINROAD
10476065.589 HTG761 20E EXIT
10477065.589 HTH768 20E ENTRY
10477565.589 HTH768 30E MAINROAD
10478065.589 HTH768 40E EXIT
10479065.589 HTI775 40E ENTRY
10479565.589 HTI775 50E MAINROAD
10480065.589 HTI775 60E EXIT
10481065.589 HTJ782 60E ENTRY
10481565.589 HTJ782 70E MAINROAD
10482065.589 HTJ782 80E EXIT
10483065.589 HTK789 80E ENTRY
10483565.589 HTK789 90E MAINROAD
10484065.589 HTK789 100E EXIT
10485065.589 HTL796 100E ENTRY
10485565.589 HTL796 110E MAINROAD
10486065.589 HTL796 120E EXIT
10487065.589 HTM803 120E ENTRY
10487565.589 HTM803 130E MAINROAD
10488065.589 HTM803 140E EXIT
10489065.589 HTN810 140E ENTRY
10489565.589 HTN810 150E MAINROAD
10490065.589 HTN810 160E EXIT
10491065.589 HTO817 160E ENTRY
10491565.589 HTO817 170E MAINROAD
10492065.589 HTO817 180E EXIT
10493065.589 HTP824 180E ENTRY
10493565.589 HTP824 190E MAINROAD
10494065.589 HTP824 200E EXIT
10495065.589 HTQ831 200E ENTRY
10495565.589 HTQ831 210E MAINROAD
10496065.589 HTQ831 220E EXIT
10497065.589 HTR838 220E ENTRY
10497565.589 HTR838 230E MAINROAD
10498065.589 HTR838 240E EXIT
10499065.589 HTS845 240E ENTRY
10499565.589 HTS845 250E MAINROAD
10500065.589 HTS845 260E EXIT
10501065.589 HTT852 260E ENTRY
10501565.589 HTT852 270E MAINROAD
10502065.589 HTT852 280E EXIT
10503065.589 HTU859 280E ENTRY
10503565.589 HTU859 290E MAINROAD
10504065.589 HTU859 300E EXIT
10505065.589 HTV866 300E ENTRY
10505565.589 HTV866 310E MAINROAD
10506065.589 HTV866 320E EXIT
10507065.589 HTW873 320E ENTRY
10507565.589 HTW873 330E MAINROAD
10508065.589 HTW873 340E EXIT
10509065.589 HTX880 340E ENTRY
10509565.589 HTX880 350E MAINROAD
10510065.589 HTX880 360E EXIT
10511065.589 HTY887 360E ENTRY
10511565.589 HTY887 370E MAINROAD
10512065.589 HTY887 380E EXIT
10513065.589 HTZ894 0E ENTRY
10513565.589 HTZ894 10E MAINROAD
10514065.589 HTZ894 20E EXIT
10515065.589 HUA901 20E ENTRY
10515565.589 HUA901 30E MAINROAD
10516065.589 HUA901 40E EXIT
10517065.589 HUB908 40E ENTRY
10517565.589 HUB908 50E MAINROAD
10518065.589 HUB908 60E EXIT
10519065.589 HUC915 60E ENTRY
10519565.589 HUC915 70E MAINROAD
10520065.589 HUC915 80E EXIT
10521065.589 HUD922 80E ENTRY
10521565.589 HUD922 90E MAINROAD
10522065.589 HUD922 100E EXIT
10523065.589 HUE929 100E ENTRY
10523565.589 HUE929 110E MAINROAD
10524065.589 HUE929 120E EXIT
10525065.589 HUF936 120E ENTRY
10525565.589 HUF936 130E MAINROAD
10526065.589 HUF936 140E EXIT
10527065.589 HUG943 140E ENTRY
10527565.589 HUG943 150E MAINROAD
10528065.589 HUG943 160E EXIT
10529065.589 HUH950 160E ENTRY
10529565.589 HUH950 170E MAINROAD
10530065.589 HUH950 180E EXIT
10531065.589 HUI957 180E ENTRY
10531565.589 HUI957 190E MAINROAD
10532065.589 HUI957 200E EXIT
10533065.589 HUJ964 200E ENTRY
10533565.589 HUJ964 210E MAINROAD
10534065.589 HUJ964 220E EXIT
10535065.589 HUK971 220E ENTRY
10535565.589 HUK971 230E MAINROAD
10536065.589 HUK971 240E EXIT
10537065.589 HUL978 240E ENTRY
10537565.589 HUL978 250E MAINROAD
10538065.589 HUL978 260E EXIT
10539065.589 HUM985 260E ENTRY
10539565.589 HUM985 270E MAINROAD
10540065.589 HUM985 280E EXIT
10541065.589 HUN992 280E ENTRY
10541565.589 HUN992 290E MAINROAD
10542065.589 HUN992 300E EXIT
10543065.589 HUO999 300E ENTRY
10543565.589 HUO999 310E MAINROAD
10544065.589 HUO999 320E EXIT
10545065.589 HUP006 320E ENTRY
10545565.589 HUP006 330E MAINROAD
10546065.589 HUP006 340E EXIT
10547065.589 HUQ013 340E ENTRY
10547565.589 HUQ013 350E MAINROAD
10548065.589 HUQ013 360E EXIT
10549065.589 HUR020 360E ENTRY
10549565.589 HUR020 370E MAINROAD
10550065.589 HUR020 380E EXIT
10551065.589 HUS027 0E ENTRY
10551565.589 HUS027 10E MAINROAD
10552065.589 HUS027 20E EXIT
10553065.589 HUT034 20E ENTRY
10553565.589 HUT034 30E MAINROAD
10554065.589 HUT034 40E EXIT
10555065.589 HUU041 40E ENTRY
10555565.589 HUU041 50E MAINROAD
10556065.589 HUU041 60E EXIT
10557065.589 HUV048 60E ENTRY
10557565.589 HUV048 70E MAINROAD
10558065.589 HUV048 80E EXIT
10559065.589 HUW055 80E ENTRY
10559565.589 HUW055 90E MAINROAD
10560065.589 HUW055 100E EXIT
10561065.589 HUX062 100E ENTRY
10561565.589 HUX062 110E MAINROAD
10562065.589 HUX062 120E EXIT
10563065.589 HUY069 120E ENTRY
10563565.589 HUY069 130E MAINROAD
10564065.589 HUY069 140E EXIT
10565065.589 HUZ076 140E ENTRY
10565565.589 HUZ076 150E MAINROAD
10566065.589 HUZ076 160E EXIT
10567065.589 HVA083 160E ENTRY
10567565.589 HVA083 170E MAINROAD
10568065.589 HVA083 180E EXIT
10569065.589 HVB090 180E ENTRY
10569565.589 HVB090 190E MAINROAD
10570065.589 HVB090 200E EXIT
10571065.589 HVC097 200E ENTRY
10571565.589 HVC097 210E MAINROAD
10572065.589 HVC097 220E EXIT
10573065.589 HVD104 220E ENTRY
10573565.589 HVD104 230E MAINROAD
10574065.589 HVD104 240E EXIT
10575065.589 HVE111 240E ENTRY
10575565.589 HVE111 250E MAINROAD
10576065.589 HVE111 260E EXIT
10577065.589 HVF118 260E ENTRY
10577565.589 HVF118 270E MAINROAD
10578065.589 HVF118 280E EXIT
10579065.589 HVG125 280E ENTRY
10579565.589 HVG125 290E MAINROAD
10580065.589 HVG125 300E EXIT
10581065.589 HVH132 300E ENTRY
10581565.589 HVH132 310E MAINROAD
10582065.589 HVH132 320E EXIT
10583065.589 HVI139 320E ENTRY
10583565.589 HVI139 330E MAINROAD
10584065.589 HVI139 340E EXIT
10585065.589 HVJ146 340E ENTRY
10585565.589 HVJ146 350E MAINROAD
10586065.589 HVJ146 360E EXIT
10587065.589 HVK153 360E ENTRY
10587565.589 HVK153 370E MAINROAD
10588065.589 HVK153 380E EXIT
10589065.589 HVL160 0E ENTRY
10589565.589 HVL160 10E MAINROAD
10590065.589 HVL160 20E EXIT
10591065.589 HVM167 20E ENTRY
10591565.589 HVM167 30E MAINROAD
10592065.589 HVM167 40E EXIT
10593065.589 HVN174 40E ENTRY
10593565.589 HVN174 50E MAINROAD
10594065.589 HVN174 60E EXIT
10595065.589 HVO181 60E ENTRY
10595565.589 HVO181 70E MAINROAD
10596065.589 HVO181 80E EXIT
10597065.589 HVP188 80E ENTRY
10597565.589 HVP188 90E MAINROAD
10598065.589 HVP188 100E EXIT
10599065.589 HVQ195 100E ENTRY
10599565.589 HVQ195 110E MAINROAD
10600065.589 HVQ195 120E EXIT
10601065.589 HVR202 120E ENTRY
10601565.589 HVR202 130E MAINROAD
10602065.589 HVR202 140E EXIT
10603065.589 HVS209 140E ENTRY
10603565.589 HVS209 150E MAINROAD
10604065.589 HVS209 160E EXIT
10605065.589 HVT216 160E ENTRY
10605565.589 HVT216 170E MAINROAD
10606065.589 HVT216 180E EXIT
10607065.589 HVU223 180E ENTRY
10607565.589 HVU223 190E MAINROAD
10608065.589 HVU223 200E EXIT
10609065.589 HVV230 200E ENTRY
10609565.589 HVV230 210E MAINROAD
10610065.589 HVV230 220E EXIT
10611065.589 HVW237 220E ENTRY
10611565.589 HVW237 230E MAINROAD
10612065.589 HVW237 240E EXIT
10613065.589 HVX244 240E ENTRY
10613565.589 HVX244 250E MAINROAD
10614065.589 HVX244 260E EXIT
10615065.589 HVY251 260E ENTRY
10615565.589 HVY251 270E MAINROAD
10616065.589 HVY251 280E EXIT
10617065.589 HVZ258 280E ENTRY
10617565.589 HVZ258 290E MAINROAD
10618065.589 HVZ258 300E EXIT
10619065.589 HWA265 300E ENTRY
10619565.589 HWA265 310E MAINROAD
10620065.589 HWA265 320E EXIT
10621065.589 HWB272 320E ENTRY
10621565.589 HWB272 330E MAINROAD
10622065.589 HWB272 340E EXIT
10623065.589 HWC279 340E ENTRY
10623565.589 HWC279 350E MAINROAD
10624065.589 HWC279 360E EXIT
10625065.589 HWD286 360E ENTRY
10625565.589 HWD286 370E MAINROAD
10626065.589 HWD286 380E EXIT
10627065.589 HWE293 0E ENTRY
10627565.589 HWE293 10E MAINROAD
10628065.589 HWE293 20E EXIT
10629065.589 HWF300 20E ENTRY
10629565.589 HWF300 30E MAINROAD
10630065.589 HWF300 40E EXIT
10631065.589 HWG307 40E ENTRY
10631565.589 HWG307 50E MAINROAD
10632065.589 HWG307 60E EXIT
10633065.589 HWH314 60E ENTRY
10633565.589 HWH314 70E MAINROAD
10634065.589 HWH314 80E EXIT
10635065.589 HWI321 80E ENTRY
10635565.589 HWI321 90E MAINROAD
10636065.589 HWI321 100E EXIT
10637065.589 HWJ328 100E ENTRY
10637565.589 HWJ328 110E MAINROAD
10638065.589 HWJ328 120E EXIT
10639065.589 HWK335 120E ENTRY
10639565.589 HWK335 130E MAINROAD
10640065.589 HWK335 140E EXIT
10641065.589 HWL342 140E ENTRY
10641565.589 HWL342 150E MAINROAD
10642065.589 HWL342 160E EXIT
10643065.589 HWM349 160E ENTRY
10643565.589 HWM349 170E MAINROAD
10644065.589 HWM349 180E EXIT
10645065.589 HWN356 180E ENTRY
10645565.589 HWN356 190E MAINROAD
10646065.589 HWN356 200E EXIT
10647065.589 HWO363 200E ENTRY
10647565.589 HWO363 210E MAINROAD
10648065.589 HWO363 220E EXIT
10649065.589 HWP370 220E ENTRY
10649565.589 HWP370 230E MAINROAD
10650065.589 HWP370 240E EXIT
10651065.589 HWQ377 240E ENTRY
10651565.589 HWQ377 250E MAINROAD
10652065.589 HWQ377 260E EXIT
10653065.589 HWR384 260E ENTRY
10653565.589 HWR384 270E MAINROAD
10654065.589 HWR384 280E EXIT
10655065.589 HWS391 280E ENTRY
10655565.589 HWS391 290E MAINROAD
10656065.589 HWS391 300E EXIT
10657065.589 HWT398 300E ENTRY
10657565.589 HWT398 310E MAINROAD
10658065.589 HWT398 320E EXIT
10659065.589 HWU405 320E ENTRY
10659565.589 HWU405 330E MAINROAD
10660065.589 HWU405 340E EXIT
10661065.589 HWV412 340E ENTRY
10661565.589 HWV412 350E MAINROAD
10662065.589 HWV412 360E EXIT
10663065.589 HWW419 360E ENTRY
10663565.589 HWW419 370E MAINROAD
10664065.589 HWW419 380E EXIT
10665065.589 HWX426 0E ENTRY
10665565.589 HWX426 10E MAINROAD
10666065.589 HWX426 20E EXIT
10667065.589 HWY433 20E ENTRY
10667565.589 HWY433 30E MAINROAD
10668065.589 HWY433 40E EXIT
10669065.589 HWZ440 40E ENTRY
10669565.589 HWZ440 50E MAINROAD
10670065.589 HWZ440 60E EXIT
10671065.589 HXA447 60E ENTRY
10671565.589 HXA447 70E MAINROAD
10672065.589 HXA447 80E EXIT
10673065.589 HXB454 80E ENTRY
10673565.589 HXB454 90E MAINROAD
10674065.589 HXB454 100E EXIT
10675065.589 HXC461 100E ENTRY
10675565.589 HXC461 110E MAINROAD
10676065.589 HXC461 120E EXIT
10677065.589 HXD468 120E ENTRY
10677565.589 HXD468 130E MAINROAD
10678065.589 HXD468 140E EXIT
10679065.589 HXE475 140E ENTRY
10679565.589 HXE475 150E MAINROAD
10680065.589 HXE475 160E EXIT
10681065.589 HXF482 160E ENTRY
10681565.589 HXF482 170E MAINROAD
10682065.589 HXF482 180E EXIT
10683065.589 HXG489 180E ENTRY
10683565.589 HXG489 190E MAINROAD
10684065.589 HXG489 200E EXIT
10685065.589 HXH496 200E ENTRY
10685565.589 HXH496 210E MAINROAD
10686065.589 HXH496 220E EXIT
10687065.589 HXI503 220E ENTRY
10687565.589 HXI503 230E MAINROAD
10688065.589 HXI503 240E EXIT
10689065.589 HXJ510 240E ENTRY
10689565.589 HXJ510 250E MAINROAD
10690065.589 HXJ510 260E EXIT
10691065.589 HXK517 260E ENTRY
10691565.589 HXK517 270E MAINROAD
10692065.589 HXK517 280E EXIT
10693065.589 HXL524 280E ENTRY
10693565.589 HXL524 290E MAINROAD
10694065.589 HXL524 300E EXIT
10695065.589 HXM531 300E ENTRY
10695565.589 HXM531 310E MAINROAD
10696065.589 HXM531 320E EXIT
10697065.589 HXN538 320E ENTRY
10697565.589 HXN538 330E MAINROAD
10698065.589 HXN538 340E EXIT
10699065.589 HXO545 340E ENTRY
10699565.589 HXO545 350E MAINROAD
10700065.589 HXO545 360E EXIT
10701065.589 HXP552 360E ENTRY
10701565.589 HXP552 370E MAINROAD
10702065.589 HXP552 380E EXIT
10703065.589 HXQ559 0E ENTRY
10703565.589 HXQ559 10E MAINROAD
10704065.589 HXQ559 20E EXIT
10705065.589 HXR566 20E ENTRY
10705565.589 HXR566 30E MAINROAD
10706065.589 HXR566 40E EXIT
10707065.589 HXS573 40E ENTRY
10707565.589 HXS573 50E MAINROAD
10708065.589 HXS573 60E EXIT
10709065.589 HXT580 60E ENTRY
10709565.589 HXT580 70E MAINROAD
10710065.589 HXT580 80E EXIT
10711065.589 HXU587 80E ENTRY
10711565.589 HXU587 90E MAINROAD
10712065.589 HXU587 100E EXIT
10713065.589 HXV594 100E ENTRY
10713565.589 HXV594 110E MAINROAD
10714065.589 HXV594 120E EXIT
10715065.589 HXW601 120E ENTRY
10715565.589 HXW601 130E MAINROAD
10716065.589 HXW601 140E EXIT
10717065.589 HXX608 140E ENTRY
10717565.589 HXX608 150E MAINROAD
10718065.589 HXX608 160E EXIT
10719065.589 HXY615 160E ENTRY
10719565.589 HXY615 170E MAINROAD
10720065.589 HXY615 180E EXIT
10721065.589 HXZ622 180E ENTRY
10721565.589 HXZ622 190E MAINROAD
10722065.589 HXZ622 200E EXIT
10723065.589 HYA629 200E ENTRY
10723565.589 HYA629 210E MAINROAD
10724065.589 HYA629 220E EXIT
10725065.589 HYB636 220E ENTRY
10725565.589 HYB636 230E MAINROAD
10726065.589 HYB636 240E EXIT
10727065.589 HYC643 240E ENTRY
10727565.589 HYC643 250E MAINROAD
10728065.589 HYC643 260E EXIT
10729065.589 HYD650 260E ENTRY
10729565.589 HYD650 270E MAINROAD
10730065.589 HYD650 280E EXIT
10731065.589 HYE657 280E ENTRY
10731565.589 HYE657 290E MAINROAD
10732065.589 HYE657 300E EXIT
10733065.589 HYF664 300E ENTRY
10733565.589 HYF664 310E MAINROAD
10734065.589 HYF664 320E EXIT
10735065.589 HYG671 320E ENTRY
10735565.589 HYG671 330E MAINROAD
10736065.589 HYG671 340E EXIT
10737065.589 HYH678 340E ENTRY
10737565.589 HYH678 350E MAINROAD
10738065.589 HYH678 360E EXIT
10739065.589 HYI685 360E ENTRY
10739565.589 HYI685 370E MAINROAD
10740065.589 HYI685 380E EXIT
10741065.589 HYJ692 0E ENTRY
10741565.589 HYJ692 10E MAINROAD
10742065.589 HYJ692 20E EXIT
10743065.589 HYK699 20E ENTRY
10743565.589 HYK699 30E MAINROAD
10744065.589 HYK699 40E EXIT
10745065.589 HYL706 40E ENTRY
10745565.589 HYL706 50E MAINROAD
10746065.589 HYL706 60E EXIT
10747065.589 HYM713 60E ENTRY
10747565.589 HYM713 70E MAINROAD
10748065.589 HYM713 80E EXIT
10749065.589 HYN720 80E ENTRY
10749565.589 HYN720 90E MAINROAD
10750065.589 HYN720 100E EXIT
10751065.589 HYO727 100E ENTRY
10751565.589 HYO727 110E MAINROAD
10752065.589 HYO727 120E EXIT
10753065.589 HYP734 120E ENTRY
10753565.589 HYP734 130E MAINROAD
10754065.589 HYP734 140E EXIT
10755065.589 HYQ741 140E ENTRY
10755565.589 HYQ741 150E MAINROAD
10756065.589 HYQ741 160E EXIT
10757065.589 HYR748 160E ENTRY
10757565.589 HYR748 170E MAINROAD
10758065.589 HYR748 180E EXIT
10759065.589 HYS755 180E ENTRY
10759565.589 HYS755 190E MAINROAD
10760065.589 HYS755 200E EXIT
10761065.589 HYT762 200E ENTRY
10761565.589 HYT762 210E MAINROAD
10762065.589 HYT762 220E EXIT
10763065.589 HYU769 220E ENTRY
10763565.589 HYU769 230E MAINROAD
10764065.589 HYU769 240E EXIT
10765065.589 HYV776 240E ENTRY
10765565.589 HYV776 250E MAINROAD
10766065.589 HYV776 260E EXIT
10767065.589 HYW783 260E ENTRY
10767565.589 HYW783 270E MAINROAD
10768065.589 HYW783 280E EXIT
10769065.589 HYX790 280E ENTRY
10769565.589 HYX790 290E MAINROAD
10770065.589 HYX790 300E EXIT
10771065.589 HYY797 300E ENTRY
10771565.589 HYY797 310E MAINROAD
10772065.589 HYY797 320E EXIT
10773065.589 HYZ804 320E ENTRY
10773565.589 HYZ804 330E MAINROAD
10774065.589 HYZ804 340E EXIT
10775065.589 HZA811 340E ENTRY
10775565.589 HZA811 350E MAINROAD
10776065.589 HZA811 360E EXIT
10777065.589 HZB818 360E ENTRY
10777565.589 HZB818 370E MAINROAD
10778065.589 HZB818 380E EXIT
10779065.589 HZC825 0E ENTRY
10779565.589 HZC825 10E MAINROAD
10780065.589 HZC825 20E EXIT
10781065.589 HZD832 20E ENTRY
10781565.589 HZD832 30E MAINROAD
10782065.589 HZD832 40E EXIT
10783065.589 HZE839 40E ENTRY
10783565.589 HZE839 50E MAINROAD
10784065.589 HZE839 60E EXIT
10785065.589 HZF846 60E ENTRY
10785565.589 HZF846 70E MAINROAD
10786065.589 HZF846 80E EXIT
10787065.589 HZG853 80E ENTRY
10787565.589 HZG853 90E MAINROAD
10788065.589 HZG853 100E EXIT
10789065.589 HZH860 100E ENTRY
10789565.589 HZH860 110E MAINROAD
10790065.589 HZH860 120E EXIT
10791065.589 HZI867 120E ENTRY
10791565.589 HZI867 130E MAINROAD
10792065.589 HZI867 140E EXIT
10793065.589 HZJ874 140E ENTRY
10793565.589 HZJ874 150E MAINROAD
10794065.589 HZJ874 160E EXIT
10795065.589 HZK881 160E ENTRY
10795565.589 HZK881 170E MAINROAD
10796065.589 HZK881 180E EXIT
10797065.589 HZL888 180E ENTRY
10797565.589 HZL888 190E MAINROAD
10798065.589 HZL888 200E EXIT
10799065.589 HZM895 200E ENTRY
10799565.589 HZM895 210E MAINROAD
10800065.589 HZM895 220E EXIT
10801065.589 HZN902 220E ENTRY
10801565.589 HZN902 230E MAINROAD
10802065.589 HZN902 240E EXIT
10803065.589 HZO909 240E ENTRY
10803565.589 HZO909 250E MAINROAD
10804065.589 HZO909 260E EXIT
10805065.589 HZP916 260E ENTRY
10805565.589 HZP916 270E MAINROAD
10806065.589 HZP916 280E EXIT
10807065.589 HZQ923 280E ENTRY
10807565.589 HZQ923 290E MAINROAD
10808065.589 HZQ923 300E EXIT
10809065.589 HZR930 300E ENTRY
10809565.589 HZR930 310E MAINROAD
10810065.589 HZR930 320E EXIT
10811065.589 HZS937 320E ENTRY
10811565.589 HZS937 330E MAINROAD
10812065.589 HZS937 340E EXIT
10813065.589 HZT944 340E ENTRY
10813565.589 HZT944 350E MAINROAD
10814065.589 HZT944 360E EXIT
10815065.589 HZU951 360E ENTRY
10815565.589 HZU951 370E MAINROAD
10816065.589 HZU951 380E EXIT
10817065.589 HZV958 0E ENTRY
10817565.589 HZV958 10E MAINROAD
10818065.589 HZV958 20E EXIT
10819065.589 HZW965 20E ENTRY
10819565.589 HZW965 30E MAINROAD
10820065.589 HZW965 40E EXIT
10821065.589 HZX972 40E ENTRY
10821565.589 HZX972 50E MAINROAD
10822065.589 HZX972 60E EXIT
10823065.589 HZY979 60E ENTRY
10823565.589 HZY979 70E MAINROAD
10824065.589 HZY979 80E EXIT
10825065.589 HZZ986 80E ENTRY
10825565.589 HZZ986 90E MAINROAD
10826065.589 HZZ986 100E EXIT
10827065.589 IAA993 100E ENTRY
10827565.589 IAA993 110E MAINROAD
10828065.589 IAA993 120E EXIT
10829065.589 IAB000 120E ENTRY
10829565.589 IAB000 130E MAINROAD
10830065.589 IAB000 140E EXIT
10831065.589 IAC007 140E ENTRY
10831565.589 IAC007 150E MAINROAD
10832065.589 IAC007 160E EXIT
10833065.589 IAD014 160E ENTRY
10833565.589 IAD014 170E MAINROAD
10834065.589 IAD014 180E EXIT
10835065.589 IAE021 180E ENTRY
10835565.589 IAE021 190E MAINROAD
10836065.589 IAE021 200E EXIT
10837065.589 IAF028 200E ENTRY
10837565.589 IAF028 210E MAINROAD
10838065.589 IAF028 220E EXIT
10839065.589 IAG035 220E ENTRY
10839565.589 IAG035 230E MAINROAD
10840065.589 IAG035 240E EXIT
10841065.589 IAH042 240E ENTRY
10841565.589 IAH042 250E MAINROAD
10842065.589 IAH042 260E EXIT
10843065.589 IAI049 260E ENTRY
10843565.589 IAI049 270E MAINROAD
10844065.589 IAI049 280E EXIT
10845065.589 IAJ056 280E ENTRY
10845565.589 IAJ056 290E MAINROAD
10846065.589 IAJ056 300E EXIT
10847065.589 IAK063 300E ENTRY
10847565.589 IAK063 310E MAINROAD
10848065.589 IAK063 320E EXIT
10849065.589 IAL070 320E ENTRY
10849565.589 IAL070 330E MAINROAD
10850065.589 IAL070 340E EXIT
10851065.589 IAM077 340E ENTRY
10851565.589 IAM077 350E MAINROAD
10852065.589 IAM077 360E EXIT
10853065.589 IAN084 360E ENTRY
10853565.589 IAN084 370E MAINROAD
10854065.589 IAN084 380E EXIT
10855065.589 IAO091 0E ENTRY
10855565.589 IAO091 10E MAINROAD
10856065.589 IAO091 20E EXIT
10857065.589 IAP098 20E ENTRY
10857565.589 IAP098 30E MAINROAD
10858065.589 IAP098 40E EXIT
10859065.589 IAQ105 40E ENTRY
10859565.589 IAQ105 50E MAINROAD
10860065.589 IAQ105 60E EXIT
10861065.589 IAR112 60E ENTRY
10861565.589 IAR112 70E MAINROAD
10862065.589 IAR112 80E EXIT
10863065.589 IAS119 80E ENTRY
10863565.589 IAS119 90E MAINROAD
10864065.589 IAS119 100E EXIT
10865065.589 IAT126 100E ENTRY
10865565.589 IAT126 110E MAINROAD
10866065.589 IAT126 120E EXIT
10867065.589 IAU133 120E ENTRY
10867565.589 IAU133 130E MAINROAD
10868065.589 IAU133 140E EXIT
10869065.589 IAV140 140E ENTRY
10869565.589 IAV140 150E MAINROAD
10870065.589 IAV140 160E EXIT
10871065.589 IAW147 160E ENTRY
10871565.589 IAW147 170E MAINROAD
10872065.589 IAW147 180E EXIT
10873065.589 IAX154 180E ENTRY
10873565.589 IAX154 190E MAINROAD
10874065.589 IAX154 200E EXIT
10875065.589 IAY161 200E ENTRY
10875565.589 IAY161 210E MAINROAD
10876065.589 IAY161 220E EXIT
10877065.589 IAZ168 220E ENTRY
10877565.589 IAZ168 230E MAINROAD
10878065.589 IAZ168 240E EXIT
10879065.589 IBA175 240E ENTRY
10879565.589 IBA175 250E MAINROAD
10880065.589 IBA175 260E EXIT
10881065.589 IBB182 260E ENTRY
10881565.589 IBB182 270E MAINROAD
10882065.589 IBB182 280E EXIT
10883065.589 IBC189 280E ENTRY
10883565.589 IBC189 290E MAINROAD
10884065.589 IBC189 300E EXIT
10885065.589 IBD196 300E ENTRY
10885565.589 IBD196 310E MAINROAD
10886065.589 IBD196 320E EXIT
10887065.589 IBE203 320E ENTRY
10887565.589 IBE203 330E MAINROAD
10888065.589 IBE203 340E EXIT
10889065.589 IBF210 340E ENTRY
10889565.589 IBF210 350E MAINROAD
10890065.589 IBF210 360E EXIT
10891065.589 IBG217 360E ENTRY
10891565.589 IBG217 370E MAINROAD
10892065.589 IBG217 380E EXIT
10893065.589 IBH224 0E ENTRY
10893565.589 IBH224 10E MAINROAD
10894065.589 IBH224 20E EXIT
10895065.589 IBI231 20E ENTRY
10895565.589 IBI231 30E MAINROAD
10896065.589 IBI231 40E EXIT
10897065.589 IBJ238 40E ENTRY
10897565.589 IBJ238 50E MAINROAD
10898065.589 IBJ238 60E EXIT
10899065.589 IBK245 60E ENTRY
10899565.589 IBK245 70E MAINROAD
10900065.589 IBK245 80E EXIT
10901065.589 IBL252 80E ENTRY
10901565.589 IBL252 90E MAINROAD
10902065.589 IBL252 100E EXIT
10903065.589 IBM259 100E ENTRY
10903565.589 IBM259 110E MAINROAD
10904065.589 IBM259 120E EXIT
10905065.589 IBN266 120E ENTRY
10905565.589 IBN266 130E MAINROAD
10906065.589 IBN266 140E EXIT
10907065.589 IBO273 140E ENTRY
10907565.589 IBO273 150E MAINROAD
10908065.589 IBO273 160E EXIT
10909065.589 IBP280 160E ENTRY
10909565.589 IBP280 170E MAINROAD
10910065.589 IBP280 180E EXIT
10911065.589 IBQ287 180E ENTRY
10911565.589 IBQ287 190E MAINROAD
10912065.589 IBQ287 200E EXIT
10913065.589 IBR294 200E ENTRY
10913565.589 IBR294 210E MAINROAD
10914065.589 IBR294 220E EXIT
10915065.589 IBS301 220E ENTRY
10915565.589 IBS301 230E MAINROAD
10916065.589 IBS301 240E EXIT
10917065.589 IBT308 240E ENTRY
10917565.589 IBT308 250E MAINROAD
10918065.589 IBT308 260E EXIT
10919065.589 IBU315 260E ENTRY
10919565.589 IBU315 270E MAINROAD
10920065.589 IBU315 280E EXIT
10921065.589 IBV322 280E ENTRY
10921565.589 IBV322 290E MAINROAD
10922065.589 IBV322 300E EXIT
10923065.589 IBW329 300E ENTRY
10923565.589 IBW329 310E MAINROAD
10924065.589 IBW329 320E EXIT
10925065.589 IBX336 320E ENTRY
10925565.589 IBX336 330E MAINROAD
10926065.589 IBX336 340E EXIT
10927065.589 IBY343 340E ENTRY
10927565.589 IBY343 350E MAINROAD
10928065.589 IBY343 360E EXIT
10929065.589 IBZ350 360E ENTRY
10929565.589 IBZ350 370E MAINROAD
10930065.589 IBZ350 380E EXIT
10931065.589 ICA357 0E ENTRY
10931565.589 ICA357 10E MAINROAD
10932065.589 ICA357 20E EXIT
10933065.589 ICB364 20E ENTRY
10933565.589 ICB364 30E MAINROAD
10934065.589 ICB364 40E EXIT
10935065.589 ICC371 40E ENTRY
10935565.589 ICC371 50E MAINROAD
10936065.589 ICC371 60E EXIT
10937065.589 ICD378 60E ENTRY
10937565.589 ICD378 70E MAINROAD
10938065.589 ICD378 80E EXIT
10939065.589 ICE385 80E ENTRY
10939565.589 ICE385 90E MAINROAD
10940065.589 ICE385 100E EXIT
10941065.589 ICF392 100E ENTRY
10941565.589 ICF392 110E MAINROAD
10942065.589 ICF392 120E EXIT
10943065.589 ICG399 120E ENTRY
10943565.589 ICG399 130E MAINROAD
10944065.589 ICG399 140E EXIT
10945065.589 ICH406 140E ENTRY
10945565.589 ICH406 150E MAINROAD
10946065.589 ICH406 160E EXIT
10947065.589 ICI413 160E ENTRY
10947565.589 ICI413 170E MAINROAD
10948065.589 ICI413 180E EXIT
10949065.589 ICJ420 180E ENTRY
10949565.589 ICJ420 190E MAINROAD
10950065.589 ICJ420 200E EXIT
10951065.589 ICK427 200E ENTRY
10951565.589 ICK427 210E MAINROAD
10952065.589 ICK427 220E EXIT
10953065.589 ICL434 220E ENTRY
10953565.589 ICL434 230E MAINROAD
10954065.589 ICL434 240E EXIT
10955065.589 ICM441 240E ENTRY
10955565.589 ICM441 250E MAINROAD
10956065.589 ICM441 260E EXIT
10957065.589 ICN448 260E ENTRY
10957565.589 ICN448 270E MAINROAD
10958065.589 ICN448 280E EXIT
10959065.589 ICO455 280E ENTRY
10959565.589 ICO455 290E MAINROAD
10960065.589 ICO455 300E EXIT
10961065.589 ICP462 300E ENTRY
10961565.589 ICP462 310E MAINROAD
10962065.589 ICP462 320E EXIT
10963065.589 ICQ469 320E ENTRY
10963565.589 ICQ469 330E MAINROAD
10964065.589 ICQ469 340E EXIT
10965065.589 ICR476 340E ENTRY
10965565.589 ICR476 350E MAINROAD
10966065.589 ICR476 360E EXIT
10967065.589 ICS483 360E ENTRY
10967565.589 ICS483 370E MAINROAD
10968065.589 ICS483 380E EXIT
10969065.589 ICT490 0E ENTRY
10969565.589 ICT490 10E MAINROAD
10970065.589 ICT490 20E EXIT
10971065.589 ICU497 20E ENTRY
10971565.589 ICU497 30E MAINROAD
10972065.589 ICU497 40E EXIT
10973065.589 ICV504 40E ENTRY
10973565.589 ICV504 50E MAINROAD
10974065.589 ICV504 60E EXIT
10975065.589 ICW511 60E ENTRY
10975565.589 ICW511 70E MAINROAD
10976065.589 ICW511 80E EXIT
10977065.589 ICX518 80E ENTRY
10977565.589 ICX518 90E MAINROAD
10978065.589 ICX518 100E EXIT
10979065.589 ICY525 100E ENTRY
10979565.589 ICY525 110E MAINROAD
10980065.589 ICY525 120E EXIT
10981065.589 ICZ532 120E ENTRY
10981565.589 ICZ532 130E MAINROAD
10982065.589 ICZ532 140E EXIT
10983065.589 IDA539 140E ENTRY
10983565.589 IDA539 150E MAINROAD
10984065.589 IDA539 160E EXIT
10985065.589 IDB546 160E ENTRY
10985565.589 IDB546 170E MAINROAD
10986065.589 IDB546 180E EXIT
10987065.589 IDC553 180E ENTRY
10987565.589 IDC553 190E MAINROAD
10988065.589 IDC553 200E EXIT
10989065.589 IDD560 200E ENTRY
10989565.589 IDD560 210E MAINROAD
10990065.589 IDD560 220E EXIT
10991065.589 IDE567 220E ENTRY
10991565.589 IDE567 230E MAINROAD
10992065.589 IDE567 240E EXIT
10993065.589 IDF574 240E ENTRY
10993565.589 IDF574 250E MAINROAD
10994065.589 IDF574 260E EXIT
10995065.589 IDG581 260E ENTRY
10995565.589 IDG581 270E MAINROAD
10996065.589 IDG581 280E EXIT
10997065.589 IDH588 280E ENTRY
10997565.589 IDH588 290E MAINROAD
10998065.589 IDH588 300E EXIT
10999065.589 IDI595 300E ENTRY
10999565.589 IDI595 310E MAINROAD
11000065.589 IDI595 320E EXIT
11001065.589 IDJ602 320E ENTRY
11001565.589 IDJ602 330E MAINROAD
11002065.589 IDJ602 340E EXIT
11003065.589 IDK609 340E ENTRY
11003565.589 IDK609 350E MAINROAD
11004065.589 IDK609 360E EXIT
11005065.589 IDL616 360E ENTRY
11005565.589 IDL616 370E MAINROAD
11006065.589 IDL616 380E EXIT
11007065.589 IDM623 0E ENTRY
11007565.589 IDM623 10E MAINROAD
11008065.589 IDM623 20E EXIT
11009065.589 IDN630 20E ENTRY
11009565.589 IDN630 30E MAINROAD
11010065.589 IDN630 40E EXIT
11011065.589 IDO637 40E ENTRY
11011565.589 IDO637 50E MAINROAD
11012065.589 IDO637 60E EXIT
11013065.589 IDP644 60E ENTRY
11013565.589 IDP644 70E MAINROAD
11014065.589 IDP644 80E EXIT
11015065.589 IDQ651 80E ENTRY
11015565.589 IDQ651 90E MAINROAD
11016065.589 IDQ651 100E EXIT
11017065.589 IDR658 100E ENTRY
11017565.589 IDR658 110E MAINROAD
11018065.589 IDR658 120E EXIT
11019065.589 IDS665 120E ENTRY
11019565.589 IDS665 130E MAINROAD
11020065.589 IDS665 140E EXIT
11021065.589 IDT672 140E ENTRY
11021565.589 IDT672 150E MAINROAD
11022065.589 IDT672 160E EXIT
11023065.589 IDU679 160E ENTRY
11023565.589 IDU679 170E MAINROAD
11024065.589 IDU679 180E EXIT
11025065.589 IDV686 180E ENTRY
11025565.589 IDV686 190E MAINROAD
11026065.589 IDV686 200E EXIT
11027065.589 IDW693 200E ENTRY
11027565.589 IDW693 210E MAINROAD
11028065.589 IDW693 220E EXIT
11029065.589 IDX700 220E ENTRY
11029565.589 IDX700 230E MAINROAD
11030065.589 IDX700 240E EXIT
11031065.589 IDY707 240E ENTRY
11031565.589 IDY707 250E MAINROAD
11032065.589 IDY707 260E EXIT
11033065.589 IDZ714 260E ENTRY
11033565.589 IDZ714 270E MAINROAD
11034065.589 IDZ714 280E EXIT
11035065.589 IEA721 280E ENTRY
11035565.589 IEA721 290E MAINROAD
11036065.589 IEA721 300E EXIT
11037065.589 IEB728 300E ENTRY
11037565.589 IEB728 310E MAINROAD
11038065.589 IEB728 320E EXIT
11039065.589 IEC735 320E ENTRY
11039565.589 IEC735 330E MAINROAD
11040065.589 IEC735 340E EXIT
11041065.589 IED742 340E ENTRY
11041565.589 IED742 350E MAINROAD
11042065.589 IED742 360E EXIT
11043065.589 IEE749 360E ENTRY
11043565.589 IEE749 370E MAINROAD
11044065.589 IEE749 380E EXIT
11045065.589 IEF756 0E ENTRY
11045565.589 IEF756 10E MAINROAD
11046065.589 IEF756 20E EXIT
11047065.589 IEG763 20E ENTRY
11047565.589 IEG763 30E MAINROAD
11048065.589 IEG763 40E EXIT
11049065.589 IEH770 40E ENTRY
11049565.589 IEH770 50E MAINROAD
11050065.589 IEH770 60E EXIT
11051065.589 IEI777 60E ENTRY
11051565.589 IEI777 70E MAINROAD
11052065.589 IEI777 80E EXIT
11053065.589 IEJ784 80E ENTRY
11053565.589 IEJ784 90E MAINROAD
11054065.589 IEJ784 100E EXIT
11055065.589 IEK791 100E ENTRY
11055565.589 IEK791 110E MAINROAD
11056065.589 IEK791 120E EXIT
11057065.589 IEL798 120E ENTRY
11057565.589 IEL798 130E MAINROAD
11058065.589 IEL798 140E EXIT
11059065.589 IEM805 140E ENTRY
11059565.589 IEM805 150E MAINROAD
11060065.589 IEM805 160E EXIT
11061065.589 IEN812 160E ENTRY
11061565.589 IEN812 170E MAINROAD
11062065.589 IEN812 180E EXIT
11063065.589 IEO819 180E ENTRY
11063565.589 IEO819 190E MAINROAD
11064065.589 IEO819 200E EXIT
11065065.589 IEP826 200E ENTRY
11065565.589 IEP826 210E MAINROAD
11066065.589 IEP826 220E EXIT
11067065.589 IEQ833 220E ENTRY
11067565.589 IEQ833 230E MAINROAD
11068065.589 IEQ833 240E EXIT
11069065.589 IER840 240E ENTRY
11069565.589 IER840 250E MAINROAD
11070065.589 IER840 260E EXIT
11071065.589 IES847 260E ENTRY
11071565.589 IES847 270E MAINROAD
11072065.589 IES847 280E EXIT
11073065.589 IET854 280E ENTRY
11073565.589 IET854 290E MAINROAD
11074065.589 IET854 300E EXIT
11075065.589 IEU861 300E ENTRY
11075565.589 IEU861 310E MAINROAD
11076065.589 IEU861 320E EXIT
11077065.589 IEV868 320E ENTRY
11077565.589 IEV868 330E MAINROAD
11078065.589 IEV868 340E EXIT
11079065.589 IEW875 340E ENTRY
11079565.589 IEW875 350E MAINROAD
11080065.589 IEW875 360E EXIT
11081065.589 IEX882 360E ENTRY
11081565.589 IEX882 370E MAINROAD
11082065.589 IEX882 380E EXIT
11083065.589 IEY889 0E ENTRY
11083565.589 IEY889 10E MAINROAD
11084065.589 IEY889 20E EXIT
11085065.589 IEZ896 20E ENTRY
11085565.589 IEZ896 30E MAINROAD
11086065.589 IEZ896 40E EXIT
11087065.589 IFA903 40E ENTRY
11087565.589 IFA903 50E MAINROAD
11088065.589 IFA903 60E EXIT
11089065.589 IFB910 60E ENTRY
11089565.589 IFB910 70E MAINROAD
11090065.589 IFB910 80E EXIT
11091065.589 IFC917 80E ENTRY
11091565.589 IFC917 90E MAINROAD
11092065.589 IFC917 100E EXIT
11093065.589 IFD924 100E ENTRY
11093565.589 IFD924 110E MAINROAD
11094065.589 IFD924 120E EXIT
11095065.589 IFE931 120E ENTRY
11095565.589 IFE931 130E MAINROAD
11096065.589 IFE931 140E EXIT
11097065.589 IFF938 140E ENTRY
11097565.589 IFF938 150E MAINROAD
11098065.589 IFF938 160E EXIT
11099065.589 IFG945 160E ENTRY
11099565.589 IFG945 170E MAINROAD
11100065.589 IFG945 180E EXIT
11101065.589 IFH952 180E ENTRY
11101565.589 IFH952 190E MAINROAD
11102065.589 IFH952 200E EXIT
11103065.589 IFI959 200E ENTRY
11103565.589 IFI959 210E MAINROAD
11104065.589 IFI959 220E EXIT
11105065.589 IFJ966 220E ENTRY
11105565.589 IFJ966 230E MAINROAD
11106065.589 IFJ966 240E EXIT
11107065.589 IFK973 240E ENTRY
11107565.589 IFK973 250E MAINROAD
11108065.589 IFK973 260E EXIT
11109065.589 IFL980 260E ENTRY
11109565.589 IFL980 270E MAINROAD
11110065.589 IFL980 280E EXIT
11111065.589 IFM987 280E ENTRY
11111565.589 IFM987 290E MAINROAD
11112065.589 IFM987 300E EXIT
11113065.589 IFN994 300E ENTRY
11113565.589 IFN994 310E MAINROAD
11114065.589 IFN994 320E EXIT
11115065.589 IFO001 320E ENTRY
11115565.589 IFO001 330E MAINROAD
11116065.589 IFO001 340E EXIT
11117065.589 IFP008 340E ENTRY
11117565.589 IFP008 350E MAINROAD
11118065.589 IFP008 360E EXIT
11119065.589 IFQ015 360E ENTRY
11119565.589 IFQ015 370E MAINROAD
11120065.589 IFQ015 380E EXIT
11121065.589 IFR022 0E ENTRY
11121565.589 IFR022 10E MAINROAD
11122065.589 IFR022 20E EXIT
11123065.589 IFS029 20E ENTRY
11123565.589 IFS029 30E MAINROAD
11124065.589 IFS029 40E EXIT
11125065.589 IFT036 40E ENTRY
11125565.589 IFT036 50E MAINROAD
11126065.589 IFT036 60E EXIT
11127065.589 IFU043 60E ENTRY
11127565.589 IFU043 70E MAINROAD
11128065.589 IFU043 80E EXIT
11129065.589 IFV050 80E ENTRY
11129565.589 IFV050 90E MAINROAD
11130065.589 IFV050 100E EXIT
11131065.589 IFW057 100E ENTRY
11131565.589 IFW057 110E MAINROAD
11132065.589 IFW057 120E EXIT
11133065.589 IFX064 120E ENTRY
11133565.589 IFX064 130E MAINROAD
11134065.589 IFX064 140E EXIT
11135065.589 IFY071 140E ENTRY
11135565.589 IFY071 150E MAINROAD
11136065.589 IFY071 160E EXIT
11137065.589 IFZ078 160E ENTRY
11137565.589 IFZ078 170E MAINROAD
11138065.589 IFZ078 180E EXIT
11139065.589 IGA085 180E ENTRY
11139565.589 IGA085 190E MAINROAD
11140065.589 IGA085 200E EXIT
11141065.589 IGB092 200E ENTRY
11141565.589 IGB092 210E MAINROAD
11142065.589 IGB092 220E EXIT
11143065.589 IGC099 220E ENTRY
11143565.589 IGC099 230E MAINROAD
11144065.589 IGC099 240E EXIT
11145065.589 IGD106 240E ENTRY
11145565.589 IGD106 250E MAINROAD
11146065.589 IGD106 260E EXIT
11147065.589 IGE113 260E ENTRY
11147565.589 IGE113 270E MAINROAD
11148065.589 IGE113 280E EXIT
11149065.589 IGF120 280E ENTRY
11149565.589 IGF120 290E MAINROAD
11150065.589 IGF120 300E EXIT
11151065.589 IGG127 300E ENTRY
11151565.589 IGG127 310E MAINROAD
11152065.589 IGG127 320E EXIT
11153065.589 IGH134 320E ENTRY
11153565.589 IGH134 330E MAINROAD
11154065.589 IGH134 340E EXIT
11155065.589 IGI141 340E ENTRY
11155565.589 IGI141 350E MAINROAD
11156065.589 IGI141 360E EXIT
11157065.589 IGJ148 360E ENTRY
11157565.589 IGJ148 370E MAINROAD
11158065.589 IGJ148 380E EXIT
11159065.589 IGK155 0E ENTRY
11159565.589 IGK155 10E MAINROAD
11160065.589 IGK155 20E EXIT
11161065.589 IGL162 20E ENTRY
11161565.589 IGL162 30E MAINROAD
11162065.589 IGL162 40E EXIT
11163065.589 IGM169 40E ENTRY
11163565.589 IGM169 50E MAINROAD
11164065.589 IGM169 60E EXIT
11165065.589 IGN176 60E ENTRY
11165565.589 IGN176 70E MAINROAD
11166065.589 IGN176 80E EXIT
11167065.589 IGO183 80E ENTRY
11167565.589 IGO183 90E MAINROAD
11168065.589 IGO183 100E EXIT
11169065.589 IGP190 100E ENTRY
11169565.589 IGP190 110E MAINROAD
11170065.589 IGP190 120E EXIT
11171065.589 IGQ197 120E ENTRY
11171565.589 IGQ197 130E MAINROAD
11172065.589 IGQ197 140E EXIT
11173065.589 IGR204 140E ENTRY
11173565.589 IGR204 150E MAINROAD
11174065.589 IGR204 160E EXIT
11175065.589 IGS211 160E ENTRY
11175565.589 IGS211 170E MAINROAD
11176065.589 IGS211 180E EXIT
11177065.589 IGT218 180E ENTRY
11177565.589 IGT218 190E MAINROAD
11178065.589 IGT218 200E EXIT
11179065.589 IGU225 200E ENTRY
11179565.589 IGU225 210E MAINROAD
11180065.589 IGU225 220E EXIT
11181065.589 IGV232 220E ENTRY
11181565.589 IGV232 230E MAINROAD
11182065.589 IGV232 240E EXIT
11183065.589 IGW239 240E ENTRY
11183565.589 IGW239 250E MAINROAD
11184065.589 IGW239 260E EXIT
11185065.589 IGX246 260E ENTRY
11185565.589 IGX246 270E MAINROAD
11186065.589 IGX246 280E EXIT
11187065.589 IGY253 280E ENTRY
11187565.589 IGY253 290E MAINROAD
11188065.589 IGY253 300E EXIT
11189065.589 IGZ260 300E ENTRY
11189565.589 IGZ260 310E MAINROAD
11190065.589 IGZ260 320E EXIT
11191065.589 IHA267 320E ENTRY
11191565.589 IHA267 330E MAINROAD
11192065.589 IHA267 340E EXIT
11193065.589 IHB274 340E ENTRY
11193565.589 IHB274 350E MAINROAD
11194065.589 IHB274 360E EXIT
11195065.589 IHC281 360E ENTRY
11195565.589 IHC281 370E MAINROAD
11196065.589 IHC281 380E EXIT
11197065.589 IHD288 0E ENTRY
11197565.589 IHD288 10E MAINROAD
11198065.589 IHD288 20E EXIT
11199065.589 IHE295 20E ENTRY
11199565.589 IHE295 30E MAINROAD
11200065.589 IHE295 40E EXIT
11201065.589 IHF302 40E ENTRY
11201565.589 IHF302 50E MAINROAD
11202065.589 IHF302 60E EXIT
11203065.589 IHG309 60E ENTRY
11203565.589 IHG309 70E MAINROAD
11204065.589 IHG309 80E EXIT
11205065.589 IHH316 80E ENTRY
11205565.589 IHH316 90E MAINROAD
11206065.589 IHH316 100E EXIT
11207065.589 IHI323 100E ENTRY
11207565.589 IHI323 110E MAINROAD
11208065.589 IHI323 120E EXIT
11209065.589 IHJ330 120E ENTRY
11209565.589 IHJ330 130E MAINROAD
11210065.589 IHJ330 140E EXIT
11211065.589 IHK337 140E ENTRY
11211565.589 IHK337 150E MAINROAD
11212065.589 IHK337 160E EXIT
11213065.589 IHL344 160E ENTRY
11213565.589 IHL344 170E MAINROAD
11214065.589 IHL344 180E EXIT
11215065.589 IHM351 180E ENTRY
11215565.589 IHM351 190E MAINROAD
11216065.589 IHM351 200E EXIT
11217065.589 IHN358 200E ENTRY
11217565.589 IHN358 210E MAINROAD
11218065.589 IHN358 220E EXIT
11219065.589 IHO365 220E ENTRY
11219565.589 IHO365 230E MAINROAD
11220065.589 IHO365 240E EXIT
11221065.589 IHP372 240E ENTRY
11221565.589 IHP372 250E MAINROAD
11222065.589 IHP372 260E EXIT
11223065.589 IHQ379 260E ENTRY
11223565.589 IHQ379 270E MAINROAD
11224065.589 IHQ379 280E EXIT
11225065.589 IHR386 280E ENTRY
11225565.589 IHR386 290E MAINROAD
11226065.589 IHR386 300E EXIT
11227065.589 IHS393 300E ENTRY
11227565.589 IHS393 310E MAINROAD
11228065.589 IHS393 320E EXIT
11229065.589 IHT400 320E ENTRY
11229565.589 IHT400 330E MAINROAD
11230065.589 IHT400 340E EXIT
11231065.589 IHU407 340E ENTRY
11231565.589 IHU407 350E MAINROAD
11232065.589 IHU407 360E EXIT
11233065.589 IHV414 360E ENTRY
11233565.589 IHV414 370E MAINROAD
11234065.589 IHV414 380E EXIT
11235065.589 IHW421 0E ENTRY
11235565.589 IHW421 10E MAINROAD
11236065.589 IHW421 20E EXIT
11237065.589 IHX428 20E ENTRY
11237565.589 IHX428 30E MAINROAD
11238065.589 IHX428 40E EXIT
11239065.589 IHY435 40E ENTRY
11239565.589 IHY435 50E MAINROAD
11240065.589 IHY435 60E EXIT
11241065.589 IHZ442 60E ENTRY
11241565.589 IHZ442 70E MAINROAD
11242065.589 IHZ442 80E EXIT
11243065.589 IIA449 80E ENTRY
11243565.589 IIA449 90E MAINROAD
11244065.589 IIA449 100E EXIT
11245065.589 IIB456 100E ENTRY
11245565.589 IIB456 110E MAINROAD
11246065.589 IIB456 120E EXIT
11247065.589 IIC463 120E ENTRY
11247565.589 IIC463 130E MAINROAD
11248065.589 IIC463 140E EXIT
11249065.589 IID470 140E ENTRY
11249565.589 IID470 150E MAINROAD
11250065.589 IID470 160E EXIT
11251065.589 IIE477 160E ENTRY
11251565.589 IIE477 170E MAINROAD
11252065.589 IIE477 180E EXIT
11253065.589 IIF484 180E ENTRY
11253565.589 IIF484 190E MAINROAD
11254065.589 IIF484 200E EXIT
11255065.589 IIG491 200E ENTRY
11255565.589 IIG491 210E MAINROAD
11256065.589 IIG491 220E EXIT
11257065.589 IIH498 220E ENTRY
11257565.589 IIH498 230E MAINROAD
11258065.589 IIH498 240E EXIT
11259065.589 III505 240E ENTRY
11259565.589 III505 250E MAINROAD
11260065.589 III505 260E EXIT
11261065.589 IIJ512 260E ENTRY
11261565.589 IIJ512 270E MAINROAD
11262065.589 IIJ512 280E EXIT
11263065.589 IIK519 280E ENTRY
11263565.589 IIK519 290E MAINROAD
11264065.589 IIK519 300E EXIT
11265065.589 IIL526 300E ENTRY
11265565.589 IIL526 310E MAINROAD
11266065.589 IIL526 320E EXIT
11267065.589 IIM533 320E ENTRY
11267565.589 IIM533 330E MAINROAD
11268065.589 IIM533 340E EXIT
11269065.589 IIN540 340E ENTRY
11269565.589 IIN540 350E MAINROAD
11270065.589 IIN540 360E EXIT
11271065.589 IIO547 360E ENTRY
11271565.589 IIO547 370E MAINROAD
11272065.589 IIO547 380E EXIT
11273065.589 IIP554 0E ENTRY
11273565.589 IIP554 10E MAINROAD
11274065.589 IIP554 20E EXIT
11275065.589 IIQ561 20E ENTRY
11275565.589 IIQ561 30E MAINROAD
11276065.589 IIQ561 40E EXIT
11277065.589 IIR568 40E ENTRY
11277565.589 IIR568 50E MAINROAD
11278065.589 IIR568 60E EXIT
11279065.589 IIS575 60E ENTRY
11279565.589 IIS575 70E MAINROAD
11280065.589 IIS575 80E EXIT
11281065.589 IIT582 80E ENTRY
11281565.589 IIT582 90E MAINROAD
11282065.589 IIT582 100E EXIT
11283065.589 IIU589 100E ENTRY
11283565.589 IIU589 110E MAINROAD
11284065.589 IIU589 120E EXIT
11285065.589 IIV596 120E ENTRY
11285565.589 IIV596 130E MAINROAD
11286065.589 IIV596 140E EXIT
11287065.589 IIW603 140E ENTRY
11287565.589 IIW603 150E MAINROAD
11288065.589 IIW603 160E EXIT
11289065.589 IIX610 160E ENTRY
11289565.589 IIX610 170E MAINROAD
11290065.589 IIX610 180E EXIT
11291065.589 IIY617 180E ENTRY
11291565.589 IIY617 190E MAINROAD
11292065.589 IIY617 200E EXIT
11293065.589 IIZ624 200E ENTRY
11293565.589 IIZ624 210E MAINROAD
11294065.589 IIZ624 220E EXIT
11295065.589 IJA631 220E ENTRY
11295565.589 IJA631 230E MAINROAD
11296065.589 IJA631 240E EXIT
11297065.589 IJB638 240E ENTRY
11297565.589 IJB638 250E MAINROAD
11298065.589 IJB638 260E EXIT
11299065.589 IJC645 260E ENTRY
11299565.589 IJC645 270E MAINROAD
11300065.589 IJC645 280E EXIT
11301065.589 IJD652 280E ENTRY
11301565.589 IJD652 290E MAINROAD
11302065.589 IJD652 300E EXIT
11303065.589 IJE659 300E ENTRY
11303565.589 IJE659 310E MAINROAD
11304065.589 IJE659 320E EXIT
11305065.589 IJF666 320E ENTRY
11305565.589 IJF666 330E MAINROAD
11306065.589 IJF666 340E EXIT
11307065.589 IJG673 340E ENTRY
11307565.589 IJG673 350E MAINROAD
11308065.589 IJG673 360E EXIT
11309065.589 IJH680 360E ENTRY
11309565.589 IJH680 370E MAINROAD
11310065.589 IJH680 380E EXIT
11311065.589 IJI687 0E ENTRY
11311565.589 IJI687 10E MAINROAD
11312065.589 IJI687 20E EXIT
11313065.589 IJJ694 20E ENTRY
11313565.589 IJJ694 30E MAINROAD
11314065.589 IJJ694 40E EXIT
11315065.589 IJK701 40E ENTRY
11315565.589 IJK701 50E MAINROAD
11316065.589 IJK701 60E EXIT
11317065.589 IJL708 60E ENTRY
11317565.589 IJL708 70E MAINROAD
11318065.589 IJL708 80E EXIT
11319065.589 IJM715 80E ENTRY
11319565.589 IJM715 90E MAINROAD
11320065.589 IJM715 100E EXIT
11321065.589 IJN722 100E ENTRY
11321565.589 IJN722 110E MAINROAD
11322065.589 IJN722 120E EXIT
11323065.589 IJO729 120E ENTRY
11323565.589 IJO729 130E MAINROAD
11324065.589 IJO729 140E EXIT
11325065.589 IJP736 140E ENTRY
11325565.589 IJP736 150E MAINROAD
11326065.589 IJP736 160E EXIT
11327065.589 IJQ743 160E ENTRY
11327565.589 IJQ743 170E MAINROAD
11328065.589 IJQ743 180E EXIT
11329065.589 IJR750 180E ENTRY
11329565.589 IJR750 190E MAINROAD
11330065.589 IJR750 200E EXIT
11331065.589 IJS757 200E ENTRY
11331565.589 IJS757 210E MAINROAD
11332065.589 IJS757 220E EXIT
11333065.589 IJT764 220E ENTRY
11333565.589 IJT764 230E MAINROAD
11334065.589 IJT764 240E EXIT
11335065.589 IJU771 240E ENTRY
11335565.589 IJU771 250E MAINROAD
11336065.589 IJU771 260E EXIT
11337065.589 IJV778 260E ENTRY
11337565.589 IJV778 270E MAINROAD
11338065.589 IJV778 280E EXIT
11339065.589 IJW785 280E ENTRY
11339565.589 IJW785 290E MAINROAD
11340065.589 IJW785 300E EXIT
11341065.589 IJX792 300E ENTRY
11341565.589 IJX792 310E MAINROAD
11342065.589 IJX792 320E EXIT
11343065.589 IJY799 320E ENTRY
11343565.589 IJY799 330E MAINROAD
11344065.589 IJY799 340E EXIT
11345065.589 IJZ806 340E ENTRY
11345565.589 IJZ806 350E MAINROAD
11346065.589 IJZ806 360E EXIT
11347065.589 IKA813 360E ENTRY
11347565.589 IKA813 370E MAINROAD
11348065.589 IKA813 380E EXIT
11349065.589 IKB820 0E ENTRY
11349565.589 IKB820 10E MAINROAD
11350065.589 IKB820 20E EXIT
11351065.589 IKC827 20E ENTRY
11351565.589 IKC827 30E MAINROAD
11352065.589 IKC827 40E EXIT
11353065.589 IKD834 40E ENTRY
11353565.589 IKD834 50E MAINROAD
11354065.589 IKD834 60E EXIT
11355065.589 IKE841 60E ENTRY
11355565.589 IKE841 70E MAINROAD
11356065.589 IKE841 80E EXIT
11357065.589 IKF848 80E ENTRY
11357565.589 IKF848 90E MAINROAD
11358065.589 IKF848 100E EXIT
11359065.589 IKG855 100E ENTRY
11359565.589 IKG855 110E MAINROAD
11360065.589 IKG855 120E EXIT
11361065.589 IKH862 120E ENTRY
11361565.589 IKH862 130E MAINROAD
11362065.589 IKH862 140E EXIT
11363065.589 IKI869 140E ENTRY
11363565.589 IKI869 150E MAINROAD
11364065.589 IKI869 160E EXIT
11365065.589 IKJ876 160E ENTRY
11365565.589 IKJ876 170E MAINROAD
11366065.589 IKJ876 180E EXIT
11367065.589 IKK883 180E ENTRY
11367565.589 IKK883 190E MAINROAD
11368065.589 IKK883 200E EXIT
11369065.589 IKL890 200E ENTRY
11369565.589 IKL890 210E MAINROAD
11370065.589 IKL890 220E EXIT
11371065.589 IKM897 220E ENTRY
11371565.589 IKM897 230E MAINROAD
11372065.589 IKM897 240E EXIT
11373065.589 IKN904 240E ENTRY
11373565.589 IKN904 250E MAINROAD
11374065.589 IKN904 260E EXIT
11375065.589 IKO911 260E ENTRY
11375565.589 IKO911 270E MAINROAD
11376065.589 IKO911 280E EXIT
11377065.589 IKP918 280E ENTRY
11377565.589 IKP918 290E MAINROAD
11378065.589 IKP918 300E EXIT
11379065.589 IKQ925 300E ENTRY
11379565.589 IKQ925 310E MAINROAD
11380065.589 IKQ925 320E EXIT
11381065.589 IKR932 320E ENTRY
11381565.589 IKR932 330E MAINROAD
11382065.589 IKR932 340E EXIT
11383065.589 IKS939 340E ENTRY
11383565.589 IKS939 350E MAINROAD
11384065.589 IKS939 360E EXIT
11385065.589 IKT946 360E ENTRY
11385565.589 IKT946 370E MAINROAD
11386065.589 IKT946 380E EXIT
11387065.589 IKU953 0E ENTRY
11387565.589 IKU953 10E MAINROAD
11388065.589 IKU953 20E EXIT
11389065.589 IKV960 20E ENTRY
11389565.589 IKV960 30E MAINROAD
11390065.589 IKV960 40E EXIT
11391065.589 IKW967 40E ENTRY
11391565.589 IKW967 50E MAINROAD
11392065.589 IKW967 60E EXIT
11393065.589 IKX974 60E ENTRY
11393565.589 IKX974 70E MAINROAD
11394065.589 IKX974 80E EXIT
11395065.589 IKY981 80E ENTRY
11395565.589 IKY981 90E MAINROAD
11396065.589 IKY981 100E EXIT
11397065.589 IKZ988 100E ENTRY
11397565.589 IKZ988 110E MAINROAD
11398065.589 IKZ988 120E EXIT
11399065.589 ILA995 120E ENTRY
11399565.589 ILA995 130E MAINROAD
11400065.589 ILA995 140E EXIT
11401065.589 ILB002 140E ENTRY
11401565.589 ILB002 150E MAINROAD
11402065.589 ILB002 160E EXIT
11403065.589 ILC009 160E ENTRY
11403565.589 ILC009 170E MAINROAD
11404065.589 ILC009 180E EXIT
11405065.589 ILD016 180E ENTRY
11405565.589 ILD016 190E MAINROAD
11406065.589 ILD016 200E EXIT
11407065.589 ILE023 200E ENTRY
11407565.589 ILE023 210E MAINROAD
11408065.589 ILE023 220E EXIT
11409065.589 ILF030 220E ENTRY
11409565.589 ILF030 230E MAINROAD
11410065.589 ILF030 240E EXIT
11411065.589 ILG037 240E ENTRY
11411565.589 ILG037 250E MAINROAD
11412065.589 ILG037 260E EXIT
11413065.589 ILH044 260E ENTRY
11413565.589 ILH044 270E MAINROAD
11414065.589 ILH044 280E EXIT
11415065.589 ILI051 280E ENTRY
11415565.589 ILI051 290E MAINROAD
11416065.589 ILI051 300E EXIT
11417065.589 ILJ058 300E ENTRY
11417565.589 ILJ058 310E MAINROAD
11418065.589 ILJ058 320E EXIT
11419065.589 ILK065 320E ENTRY
11419565.589 ILK065 330E MAINROAD
11420065.589 ILK065 340E EXIT
11421065.589 ILL072 340E ENTRY
11421565.589 ILL072 350E MAINROAD
11422065.589 ILL072 360E EXIT
11423065.589 ILM079 360E ENTRY
11423565.589 ILM079 370E MAINROAD
11424065.589 ILM079 380E EXIT
11425065.589 ILN086 0E ENTRY
11425565.589 ILN086 10E MAINROAD
11426065.589 ILN086 20E EXIT
11427065.589 ILO093 20E ENTRY
11427565.589 ILO093 30E MAINROAD
11428065.589 ILO093 40E EXIT
11429065.589 ILP100 40E ENTRY
11429565.589 ILP100 50E MAINROAD
11430065.589 ILP100 60E EXIT
11431065.589 ILQ107 60E ENTRY
11431565.589 ILQ107 70E MAINROAD
11432065.589 ILQ107 80E EXIT
11433065.589 ILR114 80E ENTRY
11433565.589 ILR114 90E MAINROAD
11434065.589 ILR114 100E EXIT
11435065.589 ILS121 100E ENTRY
11435565.589 ILS121 110E MAINROAD
11436065.589 ILS121 120E EXIT
11437065.589 ILT128 120E ENTRY
11437565.589 ILT128 130E MAINROAD
11438065.589 ILT128 140E EXIT
11439065.589 ILU135 140E ENTRY
11439565.589 ILU135 150E MAINROAD
11440065.589 ILU135 160E EXIT
11441065.589 ILV142 160E ENTRY
11441565.589 ILV142 170E MAINROAD
11442065.589 ILV142 180E EXIT
11443065.589 ILW149 180E ENTRY
11443565.589 ILW149 190E MAINROAD
11444065.589 ILW149 200E EXIT
11445065.589 ILX156 200E ENTRY
11445565.589 ILX156 210E MAINROAD
11446065.589 ILX156 220E EXIT
11447065.589 ILY163 220E ENTRY
11447565.589 ILY163 230E MAINROAD
11448065.589 ILY163 240E EXIT
11449065.589 ILZ170 240E ENTRY
11449565.589 ILZ170 250E MAINROAD
11450065.589 ILZ170 260E EXIT
11451065.589 IMA177 260E ENTRY
11451565.589 IMA177 270E MAINROAD
11452065.589 IMA177 280E EXIT
11453065.589 IMB184 280E ENTRY
11453565.589 IMB184 290E MAINROAD
11454065.589 IMB184 300E EXIT
11455065.589 IMC191 300E ENTRY
11455565.589 IMC191 310E MAINROAD
11456065.589 IMC191 320E EXIT
11457065.589 IMD198 320E ENTRY
11457565.589 IMD198 330E MAINROAD
11458065.589 IMD198 340E EXIT
11459065.589 IME205 340E ENTRY
11459565.589 IME205 350E MAINROAD
11460065.589 IME205 360E EXIT
11461065.589 IMF212 360E ENTRY
11461565.589 IMF212 370E MAINROAD
11462065.589 IMF212 380E EXIT
11463065.589 IMG219 0E ENTRY
11463565.589 IMG219 10E MAINROAD
11464065.589 IMG219 20E EXIT
11465065.589 IMH226 20E ENTRY
11465565.589 IMH226 30E MAINROAD
11466065.589 IMH226 40E EXIT
11467065.589 IMI233 40E ENTRY
11467565.589 IMI233 50E MAINROAD
11468065.589 IMI233 60E EXIT
11469065.589 IMJ240 60E ENTRY
11469565.589 IMJ240 70E MAINROAD
11470065.589 IMJ240 80E EXIT
11471065.589 IMK247 80E ENTRY
11471565.589 IMK247 90E MAINROAD
11472065.589 IMK247 100E EXIT
11473065.589 IML254 100E ENTRY
11473565.589 IML254 110E MAINROAD
11474065.589 IML254 120E EXIT
11475065.589 IMM261 120E ENTRY
11475565.589 IMM261 130E MAINROAD
11476065.589 IMM261 140E EXIT
11477065.589 IMN268 140E ENTRY
11477565.589 IMN268 150E MAINROAD
11478065.589 IMN268 160E EXIT
11479065.589 IMO275 160E ENTRY
11479565.589 IMO275 170E MAINROAD
11480065.589 IMO275 180E EXIT
11481065.589 IMP282 180E ENTRY
11481565.589 IMP282 190E MAINROAD
11482065.589 IMP282 200E EXIT
11483065.589 IMQ289 200E ENTRY
11483565.589 IMQ289 210E MAINROAD
11484065.589 IMQ289 220E EXIT
11485065.589 IMR296 220E ENTRY
11485565.589 IMR296 230E MAINROAD
11486065.589 IMR296 240E EXIT
11487065.589 IMS303 240E ENTRY
11487565.589 IMS303 250E MAINROAD
11488065.589 IMS303 260E EXIT
11489065.589 IMT310 260E ENTRY
11489565.589 IMT310 270E MAINROAD
11490065.589 IMT310 280E EXIT
11491065.589 IMU317 280E ENTRY
11491565.589 IMU317 290E MAINROAD
11492065.589 IMU317 300E EXIT
11493065.589 IMV324 300E ENTRY
11493565.589 IMV324 310E MAINROAD
11494065.589 IMV324 320E EXIT
11495065.589 IMW331 320E ENTRY
11495565.589 IMW331 330E MAINROAD
11496065.589 IMW331 340E EXIT
11497065.589 IMX338 340E ENTRY
11497565.589 IMX338 350E MAINROAD
11498065.589 IMX338 360E EXIT
11499065.589 IMY345 360E ENTRY
11499565.589 IMY345 370E MAINROAD
11500065.589 IMY345 380E EXIT
11501065.589 IMZ352 0E ENTRY
11501565.589 IMZ352 10E MAINROAD
11502065.589 IMZ352 20E EXIT
11503065.589 INA359 20E ENTRY
11503565.589 INA359 30E MAINROAD
11504065.589 INA359 40E EXIT
11505065.589 INB366 40E ENTRY
11505565.589 INB366 50E MAINROAD
11506065.589 INB366 60E EXIT
11507065.589 INC373 60E ENTRY
11507565.589 INC373 70E MAINROAD
11508065.589 INC373 80E EXIT
11509065.589 IND380 80E ENTRY
11509565.589 IND380 90E MAINROAD
11510065.589 IND380 100E EXIT
11511065.589 INE387 100E ENTRY
11511565.589 INE387 110E MAINROAD
11512065.589 INE387 120E EXIT
11513065.589 INF394 120E ENTRY
11513565.589 INF394 130E MAINROAD
11514065.589 INF394 140E EXIT
11515065.589 ING401 140E ENTRY
11515565.589 ING401 150E MAINROAD
11516065.589 ING401 160E EXIT
11517065.589 INH408 160E ENTRY
11517565.589 INH408 170E MAINROAD
11518065.589 INH408 180E EXIT
11519065.589 INI415 180E ENTRY
11519565.589 INI415 190E MAINROAD
11520065.589 INI415 200E EXIT
11521065.589 INJ422 200E ENTRY
11521565.589 INJ422 210E MAINROAD
11522065.589 INJ422 220E EXIT
11523065.589 INK429 220E ENTRY
11523565.589 INK429 230E MAINROAD
11524065.589 INK429 240E EXIT
11525065.589 INL436 240E ENTRY
11525565.589 INL436 250E MAINROAD
11526065.589 INL436 260E EXIT
11527065.589 INM443 260E ENTRY
11527565.589 INM443 270E MAINROAD
11528065.589 INM443 280E EXIT
11529065.589 INN450 280E ENTRY
11529565.589 INN450 290E MAINROAD
11530065.589 INN450 300E EXIT
11531065.589 INO457 300E ENTRY
11531565.589 INO457 310E MAINROAD
11532065.589 INO457 320E EXIT
11533065.589 INP464 320E ENTRY
11533565.589 INP464 330E MAINROAD
11534065.589 INP464 340E EXIT
11535065.589 INQ471 340E ENTRY
11535565.589 INQ471 350E MAINROAD
11536065.589 INQ471 360E EXIT
11537065.589 INR478 360E ENTRY
11537565.589 INR478 370E MAINROAD
11538065.589 INR478 380E EXIT
11539065.589 INS485 0E ENTRY
11539565.589 INS485 10E MAINROAD
11540065.589 INS485 20E EXIT
11541065.589 INT492 20E ENTRY
11541565.589 INT492 30E MAINROAD
11542065.589 INT492 40E EXIT
11543065.589 INU499 40E ENTRY
11543565.589 INU499 50E MAINROAD
11544065.589 INU499 60E EXIT
11545065.589 INV506 60E ENTRY
11545565.589 INV506 70E MAINROAD
11546065.589 INV506 80E EXIT
11547065.589 INW513 80E ENTRY
11547565.589 INW513 90E MAINROAD
11548065.589 INW513 100E EXIT
11549065.589 INX520 100E ENTRY
11549565.589 INX520 110E MAINROAD
11550065.589 INX520 120E EXIT
11551065.589 INY527 120E ENTRY
11551565.589 INY527 130E MAINROAD
11552065.589 INY527 140E EXIT
11553065.589 INZ534 140E ENTRY
11553565.589 INZ534 150E MAINROAD
11554065.589 INZ534 160E EXIT
11555065.589 IOA541 160E ENTRY
11555565.589 IOA541 170E MAINROAD
11556065.589 IOA541 180E EXIT
11557065.589 IOB548 180E ENTRY
11557565.589 IOB548 190E MAINROAD
11558065.589 IOB548 200E EXIT
11559065.589 IOC555 200E ENTRY
11559565.589 IOC555 210E MAINROAD
11560065.589 IOC555 220E EXIT
11561065.589 IOD562 220E ENTRY
11561565.589 IOD562 230E MAINROAD
11562065.589 IOD562 240E EXIT
11563065.589 IOE569 240E ENTRY
11563565.589 IOE569 250E MAINROAD
11564065.589 IOE569 260E EXIT
11565065.589 IOF576 260E ENTRY
11565565.589 IOF576 270E MAINROAD
11566065.589 IOF576 280E EXIT
11567065.589 IOG583 280E ENTRY
11567565.589 IOG583 290E MAINROAD
11568065.589 IOG583 300E EXIT
11569065.589 IOH590 300E ENTRY
11569565.589 IOH590 310E MAINROAD
11570065.589 IOH590 320E EXIT
11571065.589 IOI597 320E ENTRY
11571565.589 IOI597 330E MAINROAD
11572065.589 IOI597 340E EXIT
11573065.589 IOJ604 340E ENTRY
11573565.589 IOJ604 350E MAINROAD
11574065.589 IOJ604 360E EXIT
11575065.589 IOK611 360E ENTRY
11575565.589 IOK611 370E MAINROAD
11576065.589 IOK611 380E EXIT
11577065.589 IOL618 0E ENTRY
11577565.589 IOL618 10E MAINROAD
11578065.589 IOL618 20E EXIT
11579065.589 IOM625 20E ENTRY
11579565.589 IOM625 30E MAINROAD
11580065.589 IOM625 40E EXIT
11581065.589 ION632 40E ENTRY
11581565.589 ION632 50E MAINROAD
11582065.589 ION632 60E EXIT
11583065.589 IOO639 60E ENTRY
11583565.589 IOO639 70E MAINROAD
11584065.589 IOO639 80E EXIT
11585065.589 IOP646 80E ENTRY
11585565.589 IOP646 90E MAINROAD
11586065.589 IOP646 100E EXIT
11587065.589 IOQ653 100E ENTRY
11587565.589 IOQ653 110E MAINROAD
11588065.589 IOQ653 120E EXIT
11589065.589 IOR660 120E ENTRY
11589565.589 IOR660 130E MAINROAD
11590065.589 IOR660 140E EXIT
11591065.589 IOS667 140E ENTRY
11591565.589 IOS667 150E MAINROAD
11592065.589 IOS667 160E EXIT
11593065.589 IOT674 160E ENTRY
11593565.589 IOT674 170E MAINROAD
11594065.589 IOT674 180E EXIT
11595065.589 IOU681 180E ENTRY
11595565.589 IOU681 190E MAINROAD
11596065.589 IOU681 200E EXIT
11597065.589 IOV688 200E ENTRY
11597565.589 IOV688 210E MAINROAD
11598065.589 IOV688 220E EXIT
11599065.589 IOW695 220E ENTRY
11599565.589 IOW695 230E MAINROAD
11600065.589 IOW695 240E EXIT
11601065.589 IOX702 240E ENTRY
11601565.589 IOX702 250E MAINROAD
11602065.589 IOX702 260E EXIT
11603065.589 IOY709 260E ENTRY
11603565.589 IOY709 270E MAINROAD
11604065.589 IOY709 280E EXIT
11605065.589 IOZ716 280E ENTRY
11605565.589 IOZ716 290E MAINROAD
11606065.589 IOZ716 300E EXIT
11607065.589 IPA723 300E ENTRY
11607565.589 IPA723 310E MAINROAD
11608065.589 IPA723 320E EXIT
11609065.589 IPB730 320E ENTRY
11609565.589 IPB730 330E MAINROAD
11610065.589 IPB730 340E EXIT
11611065.589 IPC737 340E ENTRY
11611565.589 IPC737 350E MAINROAD
11612065.589 IPC737 360E EXIT
11613065.589 IPD744 360E ENTRY
11613565.589 IPD744 370E MAINROAD
11614065.589 IPD744 380E EXIT
11615065.589 IPE751 0E ENTRY
11615565.589 IPE751 10E MAINROAD
11616065.589 IPE751 20E EXIT
11617065.589 IPF758 20E ENTRY
11617565.589 IPF758 30E MAINROAD
11618065.589 IPF758 40E EXIT
11619065.589 IPG765 40E ENTRY
11619565.589 IPG765 50E MAINROAD
11620065.589 IPG765 60E EXIT
11621065.589 IPH772 60E ENTRY
11621565.589 IPH772 70E MAINROAD
11622065.589 IPH772 80E EXIT
11623065.589 IPI779 80E ENTRY
11623565.589 IPI779 90E MAINROAD
11624065.589 IPI779 100E EXIT
11625065.589 IPJ786 100E ENTRY
11625565.589 IPJ786 110E MAINROAD
11626065.589 IPJ786 120E EXIT
11627065.589 IPK793 120E ENTRY
11627565.589 IPK793 130E MAINROAD
11628065.589 IPK793 140E EXIT
11629065.589 IPL800 140E ENTRY
11629565.589 IPL800 150E MAINROAD
11630065.589 IPL800 160E EXIT
11631065.589 IPM807 160E ENTRY
11631565.589 IPM807 170E MAINROAD
11632065.589 IPM807 180E EXIT
11633065.589 IPN814 180E ENTRY
11633565.589 IPN814 190E MAINROAD
11634065.589 IPN814 200E EXIT
11635065.589 IPO821 200E ENTRY
11635565.589 IPO821 210E MAINROAD
11636065.589 IPO821 220E EXIT
11637065.589 IPP828 220E ENTRY
11637565.589 IPP828 230E MAINROAD
11638065.589 IPP828 240E EXIT
11639065.589 IPQ835 240E ENTRY
11639565.589 IPQ835 250E MAINROAD
11640065.589 IPQ835 260E EXIT
11641065.589 IPR842 260E ENTRY
11641565.589 IPR842 270E MAINROAD
11642065.589 IPR842 280E EXIT
11643065.589 IPS849 280E ENTRY
11643565.589 IPS849 290E MAINROAD
11644065.589 IPS849 300E EXIT
11645065.589 IPT856 300E ENTRY
11645565.589 IPT856 310E MAINROAD
11646065.589 IPT856 320E EXIT
11647065.589 IPU863 320E ENTRY
11647565.589 IPU863 330E MAINROAD
11648065.589 IPU863 340E EXIT
11649065.589 IPV870 340E ENTRY
11649565.589 IPV870 350E MAINROAD
11650065.589 IPV870 360E EXIT
11651065.589 IPW877 360E ENTRY
11651565.589 IPW877 370E MAINROAD
11652065.589 IPW877 380E EXIT
11653065.589 IPX884 0E ENTRY
11653565.589 IPX884 10E MAINROAD
11654065.589 IPX884 20E EXIT
11655065.589 IPY891 20E ENTRY
11655565.589 IPY891 30E MAINROAD
11656065.589 IPY891 40E EXIT
11657065.589 IPZ898 40E ENTRY
11657565.589 IPZ898 50E MAINROAD
11658065.589 IPZ898 60E EXIT
11659065.589 IQA905 60E ENTRY
11659565.589 IQA905 70E MAINROAD
11660065.589 IQA905 80E EXIT
11661065.589 IQB912 80E ENTRY
11661565.589 IQB912 90E MAINROAD
11662065.589 IQB912 100E EXIT
11663065.589 IQC919 100E ENTRY
11663565.589 IQC919 110E MAINROAD
11664065.589 IQC919 120E EXIT
11665065.589 IQD926 120E ENTRY
11665565.589 IQD926 130E MAINROAD
11666065.589 IQD926 140E EXIT
11667065.589 IQE933 140E ENTRY
11667565.589 IQE933 150E MAINROAD
11668065.589 IQE933 160E EXIT
11669065.589 IQF940 160E ENTRY
11669565.589 IQF940 170E MAINROAD
11670065.589 IQF940 180E EXIT
11671065.589 IQG947 180E ENTRY
11671565.589 IQG947 190E MAINROAD
11672065.589 IQG947 200E EXIT
11673065.589 IQH954 200E ENTRY
11673565.589 IQH954 210E MAINROAD
11674065.589 IQH954 220E EXIT
11675065.589 IQI961 220E ENTRY
11675565.589 IQI961 230E MAINROAD
11676065.589 IQI961 240E EXIT
11677065.589 IQJ968 240E ENTRY
11677565.589 IQJ968 250E MAINROAD
11678065.589 IQJ968 260E EXIT
11679065.589 IQK975 260E ENTRY
11679565.589 IQK975 270E MAINROAD
11680065.589 IQK975 280E EXIT
11681065.589 IQL982 280E ENTRY
11681565.589 IQL982 290E MAINROAD
11682065.589 IQL982 300E EXIT
11683065.589 IQM989 300E ENTRY
11683565.589 IQM989 310E MAINROAD
11684065.589 IQM989 320E EXIT
11685065.589 IQN996 320E ENTRY
11685565.589 IQN996 330E MAINROAD
11686065.589 IQN996 340E EXIT
11687065.589 IQO003 340E ENTRY
11687565.589 IQO003 350E MAINROAD
11688065.589 IQO003 360E EXIT
11689065.589 IQP010 360E ENTRY
11689565.589 IQP010 370E MAINROAD
11690065.589 IQP010 380E EXIT
11691065.589 IQQ017 0E ENTRY
11691565.589 IQQ017 10E MAINROAD
11692065.589 IQQ017 20E EXIT
11693065.589 IQR024 20E ENTRY
11693565.589 IQR024 30E MAINROAD
11694065.589 IQR024 40E EXIT
11695065.589 IQS031 40E ENTRY
11695565.589 IQS031 50E MAINROAD
11696065.589 IQS031 60E EXIT
11697065.589 IQT038 60E ENTRY
11697565.589 IQT038 70E MAINROAD
11698065.589 IQT038 80E EXIT
11699065.589 IQU045 80E ENTRY
11699565.589 IQU045 90E MAINROAD
11700065.589 IQU045 100E EXIT
11701065.589 IQV052 100E ENTRY
11701565.589 IQV052 110E MAINROAD
11702065.589 IQV052 120E EXIT
11703065.589 IQW059 120E ENTRY
11703565.589 IQW059 130E MAINROAD
11704065.589 IQW059 140E EXIT
11705065.589 IQX066 140E ENTRY
11705565.589 IQX066 150E MAINROAD
11706065.589 IQX066 160E EXIT
11707065.589 IQY073 160E ENTRY
11707565.589 IQY073 170E MAINROAD
11708065.589 IQY073 180E EXIT
11709065.589 IQZ080 180E ENTRY
11709565.589 IQZ080 190E MAINROAD
11710065.589 IQZ080 200E EXIT
11711065.589 IRA087 200E ENTRY
11711565.589 IRA087 210E MAINROAD
11712065.589 IRA087 220E EXIT
11713065.589 IRB094 220E ENTRY
11713565.589 IRB094 230E MAINROAD
11714065.589 IRB094 240E EXIT
11715065.589 IRC101 240E ENTRY
11715565.589 IRC101 250E MAINROAD
11716065.589 IRC101 260E EXIT
11717065.589 IRD108 260E ENTRY
11717565.589 IRD108 270E MAINROAD
11718065.589 IRD108 280E EXIT
11719065.589 IRE115 280E ENTRY
11719565.589 IRE115 290E MAINROAD
11720065.589 IRE115 300E EXIT
11721065.589 IRF122 300E ENTRY
11721565.589 IRF122 310E MAINROAD
11722065.589 IRF122 320E EXIT
11723065.589 IRG129 320E ENTRY
11723565.589 IRG129 330E MAINROAD
11724065.589 IRG129 340E EXIT
11725065.589 IRH136 340E ENTRY
11725565.589 IRH136 350E MAINROAD
11726065.589 IRH136 360E EXIT
11727065.589 IRI143 360E ENTRY
11727565.589 IRI143 370E MAINROAD
11728065.589 IRI143 380E EXIT
11729065.589 IRJ150 0E ENTRY
11729565.589 IRJ150 10E MAINROAD
11730065.589 IRJ150 20E EXIT
11731065.589 IRK157 20E ENTRY
11731565.589 IRK157 30E MAINROAD
11732065.589 IRK157 40E EXIT
11733065.589 IRL164 40E ENTRY
11733565.589 IRL164 50E MAINROAD
11734065.589 IRL164 60E EXIT
11735065.589 IRM171 60E ENTRY
11735565.589 IRM171 70E MAINROAD
11736065.589 IRM171 80E EXIT
11737065.589 IRN178 80E ENTRY
11737565.589 IRN178 90E MAINROAD
11738065.589 IRN178 100E EXIT
11739065.589 IRO185 100E ENTRY
11739565.589 IRO185 110E MAINROAD
11740065.589 IRO185 120E EXIT
11741065.589 IRP192 120E ENTRY
11741565.589 IRP192 130E MAINROAD
11742065.589 IRP192 140E EXIT
11743065.589 IRQ199 140E ENTRY
11743565.589 IRQ199 150E MAINROAD
11744065.589 IRQ199 160E EXIT
11745065.589 IRR206 160E ENTRY
11745565.589 IRR206 170E MAINROAD
11746065.589 IRR206 180E EXIT
11747065.589 IRS213 180E ENTRY
11747565.589 IRS213 190E MAINROAD
11748065.589 IRS213 200E EXIT
11749065.589 IRT220 200E ENTRY
11749565.589 IRT220 210E MAINROAD
11750065.589 IRT220 220E EXIT
11751065.589 IRU227 220E ENTRY
11751565.589 IRU227 230E MAINROAD
11752065.589 IRU227 240E EXIT
11753065.589 IRV234 240E ENTRY
11753565.589 IRV234 250E MAINROAD
11754065.589 IRV234 260E EXIT
11755065.589 IRW241 260E ENTRY
11755565.589 IRW241 270E MAINROAD
11756065.589 IRW241 280E EXIT
11757065.589 IRX248 280E ENTRY
11757565.589 IRX248 290E MAINROAD
11758065.589 IRX248 300E EXIT
11759065.589 IRY255 300E ENTRY
11759565.589 IRY255 310E MAINROAD
11760065.589 IRY255 320E EXIT
11761065.589 IRZ262 320E ENTRY
11761565.589 IRZ262 330E MAINROAD
11762065.589 IRZ262 340E EXIT
11763065.589 ISA269 340E ENTRY
11763565.589 ISA269 350E MAINROAD
11764065.589 ISA269 360E EXIT
11765065.589 ISB276 360E ENTRY
11765565.589 ISB276 370E MAINROAD
11766065.589 ISB276 380E EXIT
11767065.589 ISC283 0E ENTRY
11767565.589 ISC283 10E MAINROAD
11768065.589 ISC283 20E EXIT
11769065.589 ISD290 20E ENTRY
11769565.589 ISD290 30E MAINROAD
11770065.589 ISD290 40E EXIT
11771065.589 ISE297 40E ENTRY
11771565.589 ISE297 50E MAINROAD
11772065.589 ISE297 60E EXIT
11773065.589 ISF304 60E ENTRY
11773565.589 ISF304 70E MAINROAD
11774065.589 ISF304 80E EXIT
11775065.589 ISG311 80E ENTRY
11775565.589 ISG311 90E MAINROAD
11776065.589 ISG311 100E EXIT
11777065.589 ISH318 100E ENTRY
11777565.589 ISH318 110E MAINROAD
11778065.589 ISH318 120E EXIT
11779065.589 ISI325 120E ENTRY
11779565.589 ISI325 130E MAINROAD
11780065.589 ISI325 140E EXIT
11781065.589 ISJ332 140E ENTRY
11781565.589 ISJ332 150E MAINROAD
11782065.589 ISJ332 160E EXIT
11783065.589 ISK339 160E ENTRY
11783565.589 ISK339 170E MAINROAD
11784065.589 ISK339 180E EXIT
11785065.589 ISL346 180E ENTRY
11785565.589 ISL346 190E MAINROAD
11786065.589 ISL346 200E EXIT
11787065.589 ISM353 200E ENTRY
11787565.589 ISM353 210E MAINROAD
11788065.589 ISM353 220E EXIT
11789065.589 ISN360 220E ENTRY
11789565.589 ISN360 230E MAINROAD
11790065.589 ISN360 240E EXIT
11791065.589 ISO367 240E ENTRY
11791565.589 ISO367 250E MAINROAD
11792065.589 ISO367 260E EXIT
11793065.589 ISP374 260E ENTRY
11793565.589 ISP374 270E MAINROAD
11794065.589 ISP374 280E EXIT
11795065.589 ISQ381 280E ENTRY
11795565.589 ISQ381 290E MAINROAD
11796065.589 ISQ381 300E EXIT
11797065.589 ISR388 300E ENTRY
11797565.589 ISR388 310E MAINROAD
11798065.589 ISR388 320E EXIT
11799065.589 ISS395 320E ENTRY
11799565.589 ISS395 330E MAINROAD
11800065.589 ISS395 340E EXIT
11801065.589 IST402 340E ENTRY
11801565.589 IST402 350E MAINROAD
11802065.589 IST402 360E EXIT
11803065.589 ISU409 360E ENTRY
11803565.589 ISU409 370E MAINROAD
11804065.589 ISU409 380E EXIT
11805065.589 ISV416 0E ENTRY
11805565.589 ISV416 10E MAINROAD
11806065.589 ISV416 20E EXIT
11807065.589 ISW423 20E ENTRY
11807565.589 ISW423 30E MAINROAD
11808065.589 ISW423 40E EXIT
11809065.589 ISX430 40E ENTRY
11809565.589 ISX430 50E MAINROAD
11810065.589 ISX430 60E EXIT
11811065.589 ISY437 60E ENTRY
11811565.589 ISY437 70E MAINROAD
11812065.589 ISY437 80E EXIT
11813065.589 ISZ444 80E ENTRY
11813565.589 ISZ444 90E MAINROAD
11814065.589 ISZ444 100E EXIT
11815065.589 ITA451 100E ENTRY
11815565.589 ITA451 110E MAINROAD
11816065.589 ITA451 120E EXIT
11817065.589 ITB458 120E ENTRY
11817565.589 ITB458 130E MAINROAD
11818065.589 ITB458 140E EXIT
11819065.589 ITC465 140E ENTRY
11819565.589 ITC465 150E MAINROAD
11820065.589 ITC465 160E EXIT
11821065.589 ITD472 160E ENTRY
11821565.589 ITD472 170E MAINROAD
11822065.589 ITD472 180E EXIT
11823065.589 ITE479 180E ENTRY
11823565.589 ITE479 190E MAINROAD
11824065.589 ITE479 200E EXIT
11825065.589 ITF486 200E ENTRY
11825565.589 ITF486 210E MAINROAD
11826065.589 ITF486 220E EXIT
11827065.589 ITG493 220E ENTRY
11827565.589 ITG493 230E MAINROAD
11828065.589 ITG493 240E EXIT
11829065.589 ITH500 240E ENTRY
11829565.589 ITH500 250E MAINROAD
11830065.589 ITH500 260E EXIT
11831065.589 ITI507 260E ENTRY
11831565.589 ITI507 270E MAINROAD
11832065.589 ITI507 280E EXIT
11833065.589 ITJ514 280E ENTRY
11833565.589 ITJ514 290E MAINROAD
11834065.589 ITJ514 300E EXIT
11835065.589 ITK521 300E ENTRY
11835565.589 ITK521 310E MAINROAD
11836065.589 ITK521 320E EXIT
11837065.589 ITL528 320E ENTRY
11837565.589 ITL528 330E MAINROAD
11838065.589 ITL528 340E EXIT
11839065.589 ITM535 340E ENTRY
11839565.589 ITM535 350E MAINROAD
11840065.589 ITM535 360E EXIT
11841065.589 ITN542 360E ENTRY
11841565.589 ITN542 370E MAINROAD
11842065.589 ITN542 380E EXIT
11843065.589 ITO549 0E ENTRY
11843565.589 ITO549 10E MAINROAD
11844065.589 ITO549 20E EXIT
11845065.589 ITP556 20E ENTRY
11845565.589 ITP556 30E MAINROAD
11846065.589 ITP556 40E EXIT
11847065.589 ITQ563 40E ENTRY
11847565.589 ITQ563 50E MAINROAD
11848065.589 ITQ563 60E EXIT
11849065.589 ITR570 60E ENTRY
11849565.589 ITR570 70E MAINROAD
11850065.589 ITR570 80E EXIT
11851065.589 ITS577 80E ENTRY
11851565.589 ITS577 90E MAINROAD
11852065.589 ITS577 100E EXIT
11853065.589 ITT584 100E ENTRY
11853565.589 ITT584 110E MAINROAD
11854065.589 ITT584 120E EXIT
11855065.589 ITU591 120E ENTRY
11855565.589 ITU591 130E MAINROAD
11856065.589 ITU591 140E EXIT
11857065.589 ITV598 140E ENTRY
11857565.589 ITV598 150E MAINROAD
11858065.589 ITV598 160E EXIT
11859065.589 ITW605 160E ENTRY
11859565.589 ITW605 170E MAINROAD
11860065.589 ITW605 180E EXIT
11861065.589 ITX612 180E ENTRY
11861565.589 ITX612 190E MAINROAD
11862065.589 ITX612 200E EXIT
11863065.589 ITY619 200E ENTRY
11863565.589 ITY619 210E MAINROAD
11864065.589 ITY619 220E EXIT
11865065.589 ITZ626 220E ENTRY
11865565.589 ITZ626 230E MAINROAD
11866065.589 ITZ626 240E EXIT
11867065.589 IUA633 240E ENTRY
11867565.589 IUA633 250E MAINROAD
11868065.589 IUA633 260E EXIT
11869065.589 IUB640 260E ENTRY
11869565.589 IUB640 270E MAINROAD
11870065.589 IUB640 280E EXIT
11871065.589 IUC647 280E ENTRY
11871565.589 IUC647 290E MAINROAD
11872065.589 IUC647 300E EXIT
11873065.589 IUD654 300E ENTRY
11873565.589 IUD654 310E MAINROAD
11874065.589 IUD654 320E EXIT
11875065.589 IUE661 320E ENTRY
11875565.589 IUE661 330E MAINROAD
11876065.589 IUE661 340E EXIT
11877065.589 IUF668 340E ENTRY
11877565.589 IUF668 350E MAINROAD
11878065.589 IUF668 360E EXIT
11879065.589 IUG675 360E ENTRY
11879565.589 IUG675 370E MAINROAD
11880065.589 IUG675 380E EXIT
11881065.589 IUH682 0E ENTRY
11881565.589 IUH682 10E MAINROAD
11882065.589 IUH682 20E EXIT
11883065.589 IUI689 20E ENTRY
11883565.589 IUI689 30E MAINROAD
11884065.589 IUI689 40E EXIT
11885065.589 IUJ696 40E ENTRY
11885565.589 IUJ696 50E MAINROAD
11886065.589 IUJ696 60E EXIT
11887065.589 IUK703 60E ENTRY
11887565.589 IUK703 70E MAINROAD
11888065.589 IUK703 80E EXIT
11889065.589 IUL710 80E ENTRY
11889565.589 IUL710 90E MAINROAD
11890065.589 IUL710 100E EXIT
11891065.589 IUM717 100E ENTRY
11891565.589 IUM717 110E MAINROAD
11892065.589 IUM717 120E EXIT
11893065.589 IUN724 120E ENTRY
11893565.589 IUN724 130E MAINROAD
11894065.589 IUN724 140E EXIT
11895065.589 IUO731 140E ENTRY
11895565.589 IUO731 150E MAINROAD
11896065.589 IUO731 160E EXIT
11897065.589 IUP738 160E ENTRY
11897565.589 IUP738 170E MAINROAD
11898065.589 IUP738 180E EXIT
11899065.589 IUQ745 180E ENTRY
11899565.589 IUQ745 190E MAINROAD
11900065.589 IUQ745 200E EXIT
11901065.589 IUR752 200E ENTRY
11901565.589 IUR752 210E MAINROAD
11902065.589 IUR752 220E EXIT
11903065.589 IUS759 220E ENTRY
11903565.589 IUS759 230E MAINROAD
11904065.589 IUS759 240E EXIT
11905065.589 IUT766 240E ENTRY
11905565.589 IUT766 250E MAINROAD
11906065.589 IUT766 260E EXIT
11907065.589 IUU773 260E ENTRY
11907565.589 IUU773 270E MAINROAD
11908065.589 IUU773 280E EXIT
11909065.589 IUV780 280E ENTRY
11909565.589 IUV780 290E MAINROAD
11910065.589 IUV780 300E EXIT
11911065.589 IUW787 300E ENTRY
11911565.589 IUW787 310E MAINROAD
11912065.589 IUW787 320E EXIT
11913065.589 IUX794 320E ENTRY
11913565.589 IUX794 330E MAINROAD
11914065.589 IUX794 340E EXIT
11915065.589 IUY801 340E ENTRY
11915565.589 IUY801 350E MAINROAD
11916065.589 IUY801 360E EXIT
11917065.589 IUZ808 360E ENTRY
11917565.589 IUZ808 370E MAINROAD
11918065.589 IUZ808 380E EXIT
11919065.589 IVA815 0E ENTRY
11919565.589 IVA815 10E MAINROAD
11920065.589 IVA815 20E EXIT
11921065.589 IVB822 20E ENTRY
11921565.589 IVB822 30E MAINROAD
11922065.589 IVB822 40E EXIT
11923065.589 IVC829 40E ENTRY
11923565.589 IVC829 50E MAINROAD
11924065.589 IVC829 60E EXIT
11925065.589 IVD836 60E ENTRY
11925565.589 IVD836 70E MAINROAD
11926065.589 IVD836 80E EXIT
11927065.589 IVE843 80E ENTRY
11927565.589 IVE843 90E MAINROAD
11928065.589 IVE843 100E EXIT
11929065.589 IVF850 100E ENTRY
11929565.589 IVF850 110E MAINROAD
11930065.589 IVF850 120E EXIT
11931065.589 IVG857 120E ENTRY
11931565.589 IVG857 130E MAINROAD
11932065.589 IVG857 140E EXIT
11933065.589 IVH864 140E ENTRY
11933565.589 IVH864 150E MAINROAD
11934065.589 IVH864 160E EXIT
11935065.589 IVI871 160E ENTRY
11935565.589 IVI871 170E MAINROAD
11936065.589 IVI871 180E EXIT
11937065.589 IVJ878 180E ENTRY
11937565.589 IVJ878 190E MAINROAD
11938065.589 IVJ878 200E EXIT
11939065.589 IVK885 200E ENTRY
11939565.589 IVK885 210E MAINROAD
11940065.589 IVK885 220E EXIT
11941065.589 IVL892 220E ENTRY
11941565.589 IVL892 230E MAINROAD
11942065.589 IVL892 240E EXIT
11943065.589 IVM899 240E ENTRY
11943565.589 IVM899 250E MAINROAD
11944065.589 IVM899 260E EXIT
11945065.589 IVN906 260E ENTRY
11945565.589 IVN906 270E MAINROAD
11946065.589 IVN906 280E EXIT
11947065.589 IVO913 280E ENTRY
11947565.589 IVO913 290E MAINROAD
11948065.589 IVO913 300E EXIT
11949065.589 IVP920 300E ENTRY
11949565.589 IVP920 310E MAINROAD
11950065.589 IVP920 320E EXIT
11951065.589 IVQ927 320E ENTRY
11951565.589 IVQ927 330E MAINROAD
11952065.589 IVQ927 340E EXIT
11953065.589 IVR934 340E ENTRY
11953565.589 IVR934 350E MAINROAD
11954065.589 IVR934 360E EXIT
11955065.589 IVS941 360E ENTRY
11955565.589 IVS941 370E MAINROAD
11956065.589 IVS941 380E EXIT
11957065.589 IVT948 0E ENTRY
11957565.589 IVT948 10E MAINROAD
11958065.589 IVT948 20E EXIT
11959065.589 IVU955 20E ENTRY
11959565.589 IVU955 30E MAINROAD
11960065.589 IVU955 40E EXIT
11961065.589 IVV962 40E ENTRY
11961565.589 IVV962 50E MAINROAD
11962065.589 IVV962 60E EXIT
11963065.589 IVW969 60E ENTRY
11963565.589 IVW969 70E MAINROAD
11964065.589 IVW969 80E EXIT
11965065.589 IVX976 80E ENTRY
11965565.589 IVX976 90E MAINROAD
11966065.589 IVX976 100E EXIT
11967065.589 IVY983 100E ENTRY
11967565.589 IVY983 110E MAINROAD
11968065.589 IVY983 120E EXIT
11969065.589 IVZ990 120E ENTRY
11969565.589 IVZ990 130E MAINROAD
11970065.589 IVZ990 140E EXIT
11971065.589 IWA997 140E ENTRY
11971565.589 IWA997 150E MAINROAD
11972065.589 IWA997 160E EXIT
11973065.589 IWB004 160E ENTRY
11973565.589 IWB004 170E MAINROAD
11974065.589 IWB004 180E EXIT
11975065.589 IWC011 180E ENTRY
11975565.589 IWC011 190E MAINROAD
11976065.589 IWC011 200E EXIT
11977065.589 IWD018 200E ENTRY
11977565.589 IWD018 210E MAINROAD
11978065.589 IWD018 220E EXIT
11979065.589 IWE025 220E ENTRY
11979565.589 IWE025 230E MAINROAD
11980065.589 IWE025 240E EXIT
11981065.589 IWF032 240E ENTRY
11981565.589 IWF032 250E MAINROAD
11982065.589 IWF032 260E EXIT
11983065.589 IWG039 260E ENTRY
11983565.589 IWG039 270E MAINROAD
11984065.589 IWG039 280E EXIT
11985065.589 IWH046 280E ENTRY
11985565.589 IWH046 290E MAINROAD
11986065.589 IWH046 300E EXIT
11987065.589 IWI053 300E ENTRY
11987565.589 IWI053 310E MAINROAD
11988065.589 IWI053 320E EXIT
11989065.589 IWJ060 320E ENTRY
11989565.589 IWJ060 330E MAINROAD
11990065.589 IWJ060 340E EXIT
11991065.589 IWK067 340E ENTRY
11991565.589 IWK067 350E MAINROAD
11992065.589 IWK067 360E EXIT
11993065.589 IWL074 360E ENTRY
11993565.589 IWL074 370E MAINROAD
11994065.589 IWL074 380E EXIT
11995065.589 IWM081 0E ENTRY
11995565.589 IWM081 10E MAINROAD
11996065.589 IWM081 20E EXIT
11997065.589 IWN088 20E ENTRY
11997565.589 IWN088 30E MAINROAD
11998065.589 IWN088 40E EXIT
11999065.589 IWO095 40E ENTRY
11999565.589 IWO095 50E MAINROAD
12000065.589 IWO095 60E EXIT
12001065.589 IWP102 60E ENTRY
12001565.589 IWP102 70E MAINROAD
12002065.589 IWP102 80E EXIT
12003065.589 IWQ109 80E ENTRY
12003565.589 IWQ109 90E MAINROAD
12004065.589 IWQ109 100E EXIT
12005065.589 IWR116 100E ENTRY
12005565.589 IWR116 110E MAINROAD
12006065.589 IWR116 120E EXIT
12007065.589 IWS123 120E ENTRY
12007565.589 IWS123 130E MAINROAD
12008065.589 IWS123 140E EXIT
12009065.589 IWT130 140E ENTRY
12009565.589 IWT130 150E MAINROAD
12010065.589 IWT130 160E EXIT
12011065.589 IWU137 160E ENTRY
12011565.589 IWU137 170E MAINROAD
12012065.589 IWU137 180E EXIT
12013065.589 IWV144 180E ENTRY
12013565.589 IWV144 190E MAINROAD
12014065.589 IWV144 200E EXIT
12015065.589 IWW151 200E ENTRY
12015565.589 IWW151 210E MAINROAD
12016065.589 IWW151 220E EXIT
12017065.589 IWX158 220E ENTRY
12017565.589 IWX158 230E MAINROAD
12018065.589 IWX158 240E EXIT
12019065.589 IWY165 240E ENTRY
12019565.589 IWY165 250E MAINROAD
12020065.589 IWY165 260E EXIT
12021065.589 IWZ172 260E ENTRY
12021565.589 IWZ172 270E MAINROAD
12022065.589 IWZ172 280E EXIT
12023065.589 IXA179 280E ENTRY
12023565.589 IXA179 290E MAINROAD
12024065.589 IXA179 300E EXIT
12025065.589 IXB186 300E ENTRY
12025565.589 IXB186 310E MAINROAD
12026065.589 IXB186 320E EXIT
12027065.589 IXC193 320E ENTRY
12027565.589 IXC193 330E MAINROAD
12028065.589 IXC193 340E EXIT
12029065.589 IXD200 340E ENTRY
12029565.589 IXD200 350E MAINROAD
12030065.589 IXD200 360E EXIT
12031065.589 IXE207 360E ENTRY
12031565.589 IXE207 370E MAINROAD
12032065.589 IXE207 380E EXIT
12033065.589 IXF214 0E ENTRY
12033565.589 IXF214 10E MAINROAD
12034065.589 IXF214 20E EXIT
12035065.589 IXG221 20E ENTRY
12035565.589 IXG221 30E MAINROAD
12036065.589 IXG221 40E EXIT
12037065.589 IXH228 40E ENTRY
12037565.589 IXH228 50E MAINROAD
12038065.589 IXH228 60E EXIT
12039065.589 IXI235 60E ENTRY
12039565.589 IXI235 70E MAINROAD
12040065.589 IXI235 80E EXIT
12041065.589 IXJ242 80E ENTRY
12041565.589 IXJ242 90E MAINROAD
12042065.589 IXJ242 100E EXIT
12043065.589 IXK249 100E ENTRY
12043565.589 IXK249 110E MAINROAD
12044065.589 IXK249 120E EXIT
12045065.589 IXL256 120E ENTRY
12045565.589 IXL256 130E MAINROAD
12046065.589 IXL256 140E EXIT
12047065.589 IXM263 140E ENTRY
12047565.589 IXM263 150E MAINROAD
12048065.589 IXM263 160E EXIT
12049065.589 IXN270 160E ENTRY
12049565.589 IXN270 170E MAINROAD
12050065.589 IXN270 180E EXIT
12051065.589 IXO277 180E ENTRY
12051565.589 IXO277 190E MAINROAD
12052065.589 IXO277 200E EXIT
12053065.589 IXP284 200E ENTRY
12053565.589 IXP284 210E MAINROAD
12054065.589 IXP284 220E EXIT
12055065.589 IXQ291 220E ENTRY
12055565.589 IXQ291 230E MAINROAD
12056065.589 IXQ291 240E EXIT
12057065.589 IXR298 240E ENTRY
12057565.589 IXR298 250E MAINROAD
12058065.589 IXR298 260E EXIT
12059065.589 IXS305 260E ENTRY
12059565.589 IXS305 270E MAINROAD
12060065.589 IXS305 280E EXIT
12061065.589 IXT312 280E ENTRY
12061565.589 IXT312 290E MAINROAD
12062065.589 IXT312 300E EXIT
12063065.589 IXU319 300E ENTRY
12063565.589 IXU319 310E MAINROAD
12064065.589 IXU319 320E EXIT
12065065.589 IXV326 320E ENTRY
12065565.589 IXV326 330E MAINROAD
12066065.589 IXV326 340E EXIT
12067065.589 IXW333 340E ENTRY
12067565.589 IXW333 350E MAINROAD
12068065.589 IXW333 360E EXIT
12069065.589 IXX340 360E ENTRY
12069565.589 IXX340 370E MAINROAD
12070065.589 IXX340 380E EXIT
12071065.589 IXY347 0E ENTRY
12071565.589 IXY347 10E MAINROAD
12072065.589 IXY347 20E EXIT
12073065.589 IXZ354 20E ENTRY
12073565.589 IXZ354 30E MAINROAD
12074065.589 IXZ354 40E EXIT
12075065.589 IYA361 40E ENTRY
12075565.589 IYA361 50E MAINROAD
12076065.589 IYA361 60E EXIT
12077065.589 IYB368 60E ENTRY
12077565.589 IYB368 70E MAINROAD
12078065.589 IYB368 80E EXIT
12079065.589 IYC375 80E ENTRY
12079565.589 IYC375 90E MAINROAD
12080065.589 IYC375 100E EXIT
12081065.589 IYD382 100E ENTRY
12081565.589 IYD382 110E MAINROAD
12082065.589 IYD382 120E EXIT
12083065.589 IYE389 120E ENTRY
12083565.589 IYE389 130E MAINROAD
12084065.589 IYE389 140E EXIT
12085065.589 IYF396 140E ENTRY
12085565.589 IYF396 150E MAINROAD
12086065.589 IYF396 160E EXIT
12087065.589 IYG403 160E ENTRY
12087565.589 IYG403 170E MAINROAD
12088065.589 IYG403 180E EXIT
12089065.589 IYH410 180E ENTRY
12089565.589 IYH410 190E MAINROAD
12090065.589 IYH410 200E EXIT
12091065.589 IYI417 200E ENTRY
12091565.589 IYI417 210E MAINROAD
12092065.589 IYI417 220E EXIT
12093065.589 IYJ424 220E ENTRY
12093565.589 IYJ424 230E MAINROAD
12094065.589 IYJ424 240E EXIT
12095065.589 IYK431 240E ENTRY
12095565.589 IYK431 250E MAINROAD
12096065.589 IYK431 260E EXIT
12097065.589 IYL438 260E ENTRY
12097565.589 IYL438 270E MAINROAD
12098065.589 IYL438 280E EXIT
12099065.589 IYM445 280E ENTRY
12099565.589 IYM445 290E MAINROAD
12100065.589 IYM445 300E EXIT
12101065.589 IYN452 300E ENTRY
12101565.589 IYN452 310E MAINROAD
12102065.589 IYN452 320E EXIT
12103065.589 IYO459 320E ENTRY
12103565.589 IYO459 330E MAINROAD
12104065.589 IYO459 340E EXIT
12105065.589 IYP466 340E ENTRY
12105565.589 IYP466 350E MAINROAD
12106065.589 IYP466 360E EXIT
12107065.589 IYQ473 360E ENTRY
12107565.589 IYQ473 370E MAINROAD
12108065.589 IYQ473 380E EXIT
12109065.589 IYR480 0E ENTRY
12109565.589 IYR480 10E MAINROAD
12110065.589 IYR480 20E EXIT
12111065.589 IYS487 20E ENTRY
12111565.589 IYS487 30E MAINROAD
12112065.589 IYS487 40E EXIT
12113065.589 IYT494 40E ENTRY
12113565.589 IYT494 50E MAINROAD
12114065.589 IYT494 60E EXIT
12115065.589 IYU501 60E ENTRY
12115565.589 IYU501 70E MAINROAD
12116065.589 IYU501 80E EXIT
12117065.589 IYV508 80E ENTRY
12117565.589 IYV508 90E MAINROAD
12118065.589 IYV508 100E EXIT
12119065.589 IYW515 100E ENTRY
12119565.589 IYW515 110E MAINROAD
12120065.589 IYW515 120E EXIT
12121065.589 IYX522 120E ENTRY
12121565.589 IYX522 130E MAINROAD
12122065.589 IYX522 140E EXIT
12123065.589 IYY529 140E ENTRY
12123565.589 IYY529 150E MAINROAD
12124065.589 IYY529 160E EXIT
12125065.589 IYZ536 160E ENTRY
12125565.589 IYZ536 170E MAINROAD
12126065.589 IYZ536 180E EXIT
12127065.589 IZA543 180E ENTRY
12127565.589 IZA543 190E MAINROAD
12128065.589 IZA543 200E EXIT
12129065.589 IZB550 200E ENTRY
12129565.589 IZB550 210E MAINROAD
12130065.589 IZB550 220E EXIT
12131065.589 IZC557 220E ENTRY
12131565.589 IZC557 230E MAINROAD
12132065.589 IZC557 240E EXIT
12133065.589 IZD564 240E ENTRY
12133565.589 IZD564 250E MAINROAD
12134065.589 IZD564 260E EXIT
12135065.589 IZE571 260E ENTRY
12135565.589 IZE571 270E MAINROAD
12136065.589 IZE571 280E EXIT
12137065.589 IZF578 280E ENTRY
12137565.589 IZF578 290E MAINROAD
12138065.589 IZF578 300E EXIT
12139065.589 IZG585 300E ENTRY
12139565.589 IZG585 310E MAINROAD
12140065.589 IZG585 320E EXIT
12141065.589 IZH592 320E ENTRY
12141565.589 IZH592 330E MAINROAD
12142065.589 IZH592 340E EXIT
12143065.589 IZI599 340E ENTRY
12143565.589 IZI599 350E MAINROAD
12144065.589 IZI599 360E EXIT
12145065.589 IZJ606 360E ENTRY
12145565.589 IZJ606 370E MAINROAD
12146065.589 IZJ606 380E EXIT
12147065.589 IZK613 0E ENTRY
12147565.589 IZK613 10E MAINROAD
12148065.589 IZK613 20E EXIT
12149065.589 IZL620 20E ENTRY
12149565.589 IZL620 30E MAINROAD
12150065.589 IZL620 40E EXIT
12151065.589 IZM627 40E ENTRY
12151565.589 IZM627 50E MAINROAD
12152065.589 IZM627 60E EXIT
12153065.589 IZN634 60E ENTRY
12153565.589 IZN634 70E MAINROAD
12154065.589 IZN634 80E EXIT
12155065.589 IZO641 80E ENTRY
12155565.589 IZO641 90E MAINROAD
12156065.589 IZO641 100E EXIT
12157065.589 IZP648 100E ENTRY
12157565.589 IZP648 110E MAINROAD
12158065.589 IZP648 120E EXIT
12159065.589 IZQ655 120E ENTRY
12159565.589 IZQ655 130E MAINROAD
12160065.589 IZQ655 140E EXIT
12161065.589 IZR662 140E ENTRY
12161565.589 IZR662 150E MAINROAD
12162065.589 IZR662 160E EXIT
12163065.589 IZS669 160E ENTRY
12163565.589 IZS669 170E MAINROAD
12164065.589 IZS669 180E EXIT
12165065.589 IZT676 180E ENTRY
12165565.589 IZT676 190E MAINROAD
12166065.589 IZT676 200E EXIT
12167065.589 IZU683 200E ENTRY
12167565.589 IZU683 210E MAINROAD
12168065.589 IZU683 220E EXIT
12169065.589 IZV690 220E ENTRY
12169565.589 IZV690 230E MAINROAD
12170065.589 IZV690 240E EXIT
12171065.589 IZW697 240E ENTRY
12171565.589 IZW697 250E MAINROAD
12172065.589 IZW697 260E EXIT
12173065.589 IZX704 260E ENTRY
12173565.589 IZX704 270E MAINROAD
12174065.589 IZX704 280E EXIT
12175065.589 IZY711 280E ENTRY
12175565.589 IZY711 290E MAINROAD
12176065.589 IZY711 300E EXIT
12177065.589 IZZ718 300E ENTRY
12177565.589 IZZ718 310E MAINROAD
12178065.589 IZZ718 320E EXIT
12179065.589 JAA725 320E ENTRY
12179565.589 JAA725 330E MAINROAD
12180065.589 JAA725 340E EXIT
12181065.589 JAB732 340E ENTRY
12181565.589 JAB732 350E MAINROAD
12182065.589 JAB732 360E EXIT
12183065.589 JAC739 360E ENTRY
12183565.589 JAC739 370E MAINROAD
12184065.589 JAC739 380E EXIT
12185065.589 JAD746 0E ENTRY
12185565.589 JAD746 10E MAINROAD
12186065.589 JAD746 20E EXIT
12187065.589 JAE753 20E ENTRY
12187565.589 JAE753 30E MAINROAD
12188065.589 JAE753 40E EXIT
12189065.589 JAF760 40E ENTRY
12189565.589 JAF760 50E MAINROAD
12190065.589 JAF760 60E EXIT
12191065.589 JAG767 60E ENTRY
12191565.589 JAG767 70E MAINROAD
12192065.589 JAG767 80E EXIT
12193065.589 JAH774 80E ENTRY
12193565.589 JAH774 90E MAINROAD
12194065.589 JAH774 100E EXIT
12195065.589 JAI781 100E ENTRY
12195565.589 JAI781 110E MAINROAD
12196065.589 JAI781 120E EXIT
12197065.589 JAJ788 120E ENTRY
12197565.589 JAJ788 130E MAINROAD
12198065.589 JAJ788 140E EXIT
12199065.589 JAK795 140E ENTRY
12199565.589 JAK795 150E MAINROAD
12200065.589 JAK795 160E EXIT
12201065.589 JAL802 160E ENTRY
12201565.589 JAL802 170E MAINROAD
12202065.589 JAL802 180E EXIT
12203065.589 JAM809 180E ENTRY
12203565.589 JAM809 190E MAINROAD
12204065.589 JAM809 200E EXIT
12205065.589 JAN816 200E ENTRY
12205565.589 JAN816 210E MAINROAD
12206065.589 JAN816 220E EXIT
12207065.589 JAO823 220E ENTRY
12207565.589 JAO823 230E MAINROAD
12208065.589 JAO823 240E EXIT
12209065.589 JAP830 240E ENTRY
12209565.589 JAP830 250E MAINROAD
12210065.589 JAP830 260E EXIT
12211065.589 JAQ837 260E ENTRY
12211565.589 JAQ837 270E MAINROAD
12212065.589 JAQ837 280E EXIT
12213065.589 JAR844 280E ENTRY
12213565.589 JAR844 290E MAINROAD
12214065.589 JAR844 300E EXIT
12215065.589 JAS851 300E ENTRY
12215565.589 JAS851 310E MAINROAD
12216065.589 JAS851 320E EXIT
12217065.589 JAT858 320E ENTRY
12217565.589 JAT858 330E MAINROAD
12218065.589 JAT858 340E EXIT
12219065.589 JAU865 340E ENTRY
12219565.589 JAU865 350E MAINROAD
12220065.589 JAU865 360E EXIT
12221065.589 JAV872 360E ENTRY
12221565.589 JAV872 370E MAINROAD
12222065.589 JAV872 380E EXIT
12223065.589 JAW879 0E ENTRY
12223565.589 JAW879 10E MAINROAD
12224065.589 JAW879 20E EXIT
12225065.589 JAX886 20E ENTRY
12225565.589 JAX886 30E MAINROAD
12226065.589 JAX886 40E EXIT
12227065.589 JAY893 40E ENTRY
12227565.589 JAY893 50E MAINROAD
12228065.589 JAY893 60E EXIT
12229065.589 JAZ900 60E ENTRY
12229565.589 JAZ900 70E MAINROAD
12230065.589 JAZ900 80E EXIT
12231065.589 JBA907 80E ENTRY
12231565.589 JBA907 90E MAINROAD
12232065.589 JBA907 100E EXIT
12233065.589 JBB914 100E ENTRY
12233565.589 JBB914 110E MAINROAD
12234065.589 JBB914 120E EXIT
12235065.589 JBC921 120E ENTRY
12235565.589 JBC921 130E MAINROAD
12236065.589 JBC921 140E EXIT
12237065.589 JBD928 140E ENTRY
12237565.589 JBD928 150E MAINROAD
12238065.589 JBD928 160E EXIT
12239065.589 JBE935 160E ENTRY
12239565.589 JBE935 170E MAINROAD
12240065.589 JBE935 180E EXIT
12241065.589 JBF942 180E ENTRY
12241565.589 JBF942 190E MAINROAD
12242065.589 JBF942 200E EXIT
12243065.589 JBG949 200E ENTRY
12243565.589 JBG949 210E MAINROAD
12244065.589 JBG949 220E EXIT
12245065.589 JBH956 220E ENTRY
12245565.589 JBH956 230E MAINROAD
12246065.589 JBH956 240E EXIT
12247065.589 JBI963 240E ENTRY
12247565.589 JBI963 250E MAINROAD
12248065.589 JBI963 260E EXIT
12249065.589 JBJ970 260E ENTRY
12249565.589 JBJ970 270E MAINROAD
12250065.589 JBJ970 280E EXIT
12251065.589 JBK977 280E ENTRY
12251565.589 JBK977 290E MAINROAD
12252065.589 JBK977 300E EXIT
12253065.589 JBL984 300E ENTRY
12253565.589 JBL984 310E MAINROAD
12254065.589 JBL984 320E EXIT
12255065.589 JBM991 320E ENTRY
12255565.589 JBM991 330E MAINROAD
12256065.589 JBM991 340E EXIT
12257065.589 JBN998 340E ENTRY
12257565.589 JBN998 350E MAINROAD
12258065.589 JBN998 360E EXIT
12259065.589 JBO005 360E ENTRY
12259565.589 JBO005 370E MAINROAD
12260065.589 JBO005 380E EXIT
12261065.589 JBP012 0E ENTRY
12261565.589 JBP012 10E MAINROAD
12262065.589 JBP012 20E EXIT
12263065.589 JBQ019 20E ENTRY
12263565.589 JBQ019 30E MAINROAD
12264065.589 JBQ019 40E EXIT
12265065.589 JBR026 40E ENTRY
12265565.589 JBR026 50E MAINROAD
12266065.589 JBR026 60E EXIT
12267065.589 JBS033 60E ENTRY
12267565.589 JBS033 70E MAINROAD
12268065.589 JBS033 80E EXIT
12269065.589 JBT040 80E ENTRY
12269565.589 JBT040 90E MAINROAD
12270065.589 JBT040 100E EXIT
12271065.589 JBU047 100E ENTRY
12271565.589 JBU047 110E MAINROAD
12272065.589 JBU047 120E EXIT
12273065.589 JBV054 120E ENTRY
12273565.589 JBV054 130E MAINROAD
12274065.589 JBV054 140E EXIT
12275065.589 JBW061 140E ENTRY
12275565.589 JBW061 150E MAINROAD
12276065.589 JBW061 160E EXIT
12277065.589 JBX068 160E ENTRY
12277565.589 JBX068 170E MAINROAD
12278065.589 JBX068 180E EXIT
12279065.589 JBY075 180E ENTRY
12279565.589 JBY075 190E MAINROAD
12280065.589 JBY075 200E EXIT
12281065.589 JBZ082 200E ENTRY
12281565.589 JBZ082 210E MAINROAD
12282065.589 JBZ082 220E EXIT
12283065.589 JCA089 220E ENTRY
12283565.589 JCA089 230E MAINROAD
12284065.589 JCA089 240E EXIT
12285065.589 JCB096 240E ENTRY
12285565.589 JCB096 250E MAINROAD
12286065.589 JCB096 260E EXIT
12287065.589 JCC103 260E ENTRY
12287565.589 JCC103 270E MAINROAD
12288065.589 JCC103 280E EXIT
12289065.589 JCD110 280E ENTRY
12289565.589 JCD110 290E MAINROAD
12290065.589 JCD110 300E EXIT
12291065.589 JCE117 300E ENTRY
12291565.589 JCE117 310E MAINROAD
12292065.589 JCE117 320E EXIT
12293065.589 JCF124 320E ENTRY
12293565.589 JCF124 330E MAINROAD
12294065.589 JCF124 340E EXIT
12295065.589 JCG131 340E ENTRY
12295565.589 JCG131 350E MAINROAD
12296065.589 JCG131 360E EXIT
12297065.589 JCH138 360E ENTRY
12297565.589 JCH138 370E MAINROAD
12298065.589 JCH138 380E EXIT
12299065.589 JCI145 0E ENTRY
12299565.589 JCI145 10E MAINROAD
12300065.589 JCI145 20E EXIT
12301065.589 JCJ152 20E ENTRY
12301565.589 JCJ152 30E MAINROAD
12302065.589 JCJ152 40E EXIT
12303065.589 JCK159 40E ENTRY
12303565.589 JCK159 50E MAINROAD
12304065.589 JCK159 60E EXIT
12305065.589 JCL166 60E ENTRY
12305565.589 JCL166 70E MAINROAD
12306065.589 JCL166 80E EXIT
12307065.589 JCM173 80E ENTRY
12307565.589 JCM173 90E MAINROAD
12308065.589 JCM173 100E EXIT
12309065.589 JCN180 100E ENTRY
12309565.589 JCN180 110E MAINROAD
12310065.589 JCN180 120E EXIT
12311065.589 JCO187 120E ENTRY
12311565.589 JCO187 130E MAINROAD
12312065.589 JCO187 140E EXIT
12313065.589 JCP194 140E ENTRY
12313565.589 JCP194 150E MAINROAD
12314065.589 JCP194 160E EXIT
12315065.589 JCQ201 160E ENTRY
12315565.589 JCQ201 170E MAINROAD
12316065.589 JCQ201 180E EXIT
12317065.589 JCR208 180E ENTRY
12317565.589 JCR208 190E MAINROAD
12318065.589 JCR208 200E EXIT
12319065.589 JCS215 200E ENTRY
12319565.589 JCS215 210E MAINROAD
12320065.589 JCS215 220E EXIT
12321065.589 JCT222 220E ENTRY
12321565.589 JCT222 230E MAINROAD
12322065.589 JCT222 240E EXIT
12323065.589 JCU229 240E ENTRY
12323565.589 JCU229 250E MAINROAD
12324065.589 JCU229 260E EXIT
12325065.589 JCV236 260E ENTRY
12325565.589 JCV236 270E MAINROAD
12326065.589 JCV236 280E EXIT
12327065.589 JCW243 280E ENTRY
12327565.589 JCW243 290E MAINROAD
12328065.589 JCW243 300E EXIT
12329065.589 JCX250 300E ENTRY
12329565.589 JCX250 310E MAINROAD
12330065.589 JCX250 320E EXIT
12331065.589 JCY257 320E ENTRY
12331565.589 JCY257 330E MAINROAD
12332065.589 JCY257 340E EXIT
12333065.589 JCZ264 340E ENTRY
12333565.589 JCZ264 350E MAINROAD
12334065.589 JCZ264 360E EXIT
12335065.589 JDA271 360E ENTRY
12335565.589 JDA271 370E MAINROAD
12336065.589 JDA271 380E EXIT
12337065.589 JDB278 0E ENTRY
12337565.589 JDB278 10E MAINROAD
12338065.589 JDB278 20E EXIT
12339065.589 JDC285 20E ENTRY
12339565.589 JDC285 30E MAINROAD
12340065.589 JDC285 40E EXIT
12341065.589 JDD292 40E ENTRY
12341565.589 JDD292 50E MAINROAD
12342065.589 JDD292 60E EXIT
12343065.589 JDE299 60E ENTRY
12343565.589 JDE299 70E MAINROAD
12344065.589 JDE299 80E EXIT
12345065.589 JDF306 80E ENTRY
12345565.589 JDF306 90E MAINROAD
12346065.589 JDF306 100E EXIT
12347065.589 JDG313 100E ENTRY
12347565.589 JDG313 110E MAINROAD
12348065.589 JDG313 120E EXIT
12349065.589 JDH320 120E ENTRY
12349565.589 JDH320 130E MAINROAD
12350065.589 JDH320 140E EXIT
12351065.589 JDI327 140E ENTRY
12351565.589 JDI327 150E MAINROAD
12352065.589 JDI327 160E EXIT
12353065.589 JDJ334 160E ENTRY
12353565.589 JDJ334 170E MAINROAD
12354065.589 JDJ334 180E EXIT
12355065.589 JDK341 180E ENTRY
12355565.589 JDK341 190E MAINROAD
12356065.589 JDK341 200E EXIT
12357065.589 JDL348 200E ENTRY
12357565.589 JDL348 210E MAINROAD
12358065.589 JDL348 220E EXIT
12359065.589 JDM355 220E ENTRY
12359565.589 JDM355 230E MAINROAD
12360065.589 JDM355 240E EXIT
12361065.589 JDN362 240E ENTRY
12361565.589 JDN362 250E MAINROAD
12362065.589 JDN362 260E EXIT
12363065.589 JDO369 260E ENTRY
12363565.589 JDO369 270E MAINROAD
12364065.589 JDO369 280E EXIT
12365065.589 JDP376 280E ENTRY
12365565.589 JDP376 290E MAINROAD
12366065.589 JDP376 300E EXIT
12367065.589 JDQ383 300E ENTRY
12367565.589 JDQ383 310E MAINROAD
12368065.589 JDQ383 320E EXIT
12369065.589 JDR390 320E ENTRY
12369565.589 JDR390 330E MAINROAD
12370065.589 JDR390 340E EXIT
12371065.589 JDS397 340E ENTRY
12371565.589 JDS397 350E MAINROAD
12372065.589 JDS397 360E EXIT
12373065.589 JDT404 360E ENTRY
12373565.589 JDT404 370E MAINROAD
12374065.589 JDT404 380E EXIT
12375065.589 JDU411 0E ENTRY
12375565.589 JDU411 10E MAINROAD
12376065.589 JDU411 20E EXIT
12377065.589 JDV418 20E ENTRY
12377565.589 JDV418 30E MAINROAD
12378065.589 JDV418 40E EXIT
12379065.589 JDW425 40E ENTRY
12379565.589 JDW425 50E MAINROAD
12380065.589 JDW425 60E EXIT
12381065.589 JDX432 60E ENTRY
12381565.589 JDX432 70E MAINROAD
12382065.589 JDX432 80E EXIT
12383065.589 JDY439 80E ENTRY
12383565.589 JDY439 90E MAINROAD
12384065.589 JDY439 100E EXIT
12385065.589 JDZ446 100E ENTRY
12385565.589 JDZ446 110E MAINROAD
12386065.589 JDZ446 120E EXIT
12387065.589 JEA453 120E ENTRY
12387565.589 JEA453 130E MAINROAD
12388065.589 JEA453 140E EXIT
12389065.589 JEB460 140E ENTRY
12389565.589 JEB460 150E MAINROAD
12390065.589 JEB460 160E EXIT
12391065.589 JEC467 160E ENTRY
12391565.589 JEC467 170E MAINROAD
12392065.589 JEC467 180E EXIT
12393065.589 JED474 180E ENTRY
12393565.589 JED474 190E MAINROAD
12394065.589 JED474 200E EXIT
12395065.589 JEE481 200E ENTRY
12395565.589 JEE481 210E MAINROAD
12396065.589 JEE481 220E EXIT
12397065.589 JEF488 220E ENTRY
12397565.589 JEF488 230E MAINROAD
12398065.589 JEF488 240E EXIT
12399065.589 JEG495 240E ENTRY
12399565.589 JEG495 250E MAINROAD
12400065.589 JEG495 260E EXIT
12401065.589 JEH502 260E ENTRY
12401565.589 JEH502 270E MAINROAD
12402065.589 JEH502 280E EXIT
12403065.589 JEI509 280E ENTRY
12403565.589 JEI509 290E MAINROAD
12404065.589 JEI509 300E EXIT
12405065.589 JEJ516 300E ENTRY
12405565.589 JEJ516 310E MAINROAD
12406065.589 JEJ516 320E EXIT
12407065.589 JEK523 320E ENTRY
12407565.589 JEK523 330E MAINROAD
12408065.589 JEK523 340E EXIT
12409065.589 JEL530 340E ENTRY
12409565.589 JEL530 350E MAINROAD
12410065.589 JEL530 360E EXIT
12411065.589 JEM537 360E ENTRY
12411565.589 JEM537 370E MAINROAD
12412065.589 JEM537 380E EXIT
12413065.589 JEN544 0E ENTRY
12413565.589 JEN544 10E MAINROAD
12414065.589 JEN544 20E EXIT
12415065.589 JEO551 20E ENTRY
12415565.589 JEO551 30E MAINROAD
12416065.589 JEO551 40E EXIT
12417065.589 JEP558 40E ENTRY
12417565.589 JEP558 50E MAINROAD
12418065.589 JEP558 60E EXIT
12419065.589 JEQ565 60E ENTRY
12419565.589 JEQ565 70E MAINROAD
12420065.589 JEQ565 80E EXIT
12421065.589 JER572 80E ENTRY
12421565.589 JER572 90E MAINROAD
12422065.589 JER572 100E EXIT
12423065.589 JES579 100E ENTRY
12423565.589 JES579 110E MAINROAD
12424065.589 JES579 120E EXIT
12425065.589 JET586 120E ENTRY
12425565.589 JET586 130E MAINROAD
12426065.589 JET586 140E EXIT
12427065.589 JEU593 140E ENTRY
12427565.589 JEU593 150E MAINROAD
12428065.589 JEU593 160E EXIT
12429065.589 JEV600 160E ENTRY
12429565.589 JEV600 170E MAINROAD
12430065.589 JEV600 180E EXIT
12431065.589 JEW607 180E ENTRY
12431565.589 JEW607 190E MAINROAD
12432065.589 JEW607 200E EXIT
12433065.589 JEX614 200E ENTRY
12433565.589 JEX614 210E MAINROAD
12434065.589 JEX614 220E EXIT
12435065.589 JEY621 220E ENTRY
12435565.589 JEY621 230E MAINROAD
12436065.589 JEY621 240E EXIT
12437065.589 JEZ628 240E ENTRY
12437565.589 JEZ628 250E MAINROAD
12438065.589 JEZ628 260E EXIT
12439065.589 JFA635 260E ENTRY
12439565.589 JFA635 270E MAINROAD
12440065.589 JFA635 280E EXIT
12441065.589 JFB642 280E ENTRY
12441565.589 JFB642 290E MAINROAD
12442065.589 JFB642 300E EXIT
12443065.589 JFC649 300E ENTRY
12443565.589 JFC649 310E MAINROAD
12444065.589 JFC649 320E EXIT
12445065.589 JFD656 320E ENTRY
12445565.589 JFD656 330E MAINROAD
12446065.589 JFD656 340E EXIT
12447065.589 JFE663 340E ENTRY
12447565.589 JFE663 350E MAINROAD
12448065.589 JFE663 360E EXIT
12449065.589 JFF670 360E ENTRY
12449565.589 JFF670 370E MAINROAD
12450065.589 JFF670 380E EXIT
12451065.589 JFG677 0E ENTRY
12451565.589 JFG677 10E MAINROAD
12452065.589 JFG677 20E EXIT
12453065.589 JFH684 20E ENTRY
12453565.589 JFH684 30E MAINROAD
12454065.589 JFH684 40E EXIT
12455065.589 JFI691 40E ENTRY
12455565.589 JFI691 50E MAINROAD
12456065.589 JFI691 60E EXIT
12457065.589 JFJ698 60E ENTRY
12457565.589 JFJ698 70E MAINROAD
12458065.589 JFJ698 80E EXIT
12459065.589 JFK705 80E ENTRY
12459565.589 JFK705 90E MAINROAD
12460065.589 JFK705 100E EXIT
12461065.589 JFL712 100E ENTRY
12461565.589 JFL712 110E MAINROAD
12462065.589 JFL712 120E EXIT
12463065.589 JFM719 120E ENTRY
12463565.589 JFM719 130E MAINROAD
12464065.589 JFM719 140E EXIT
12465065.589 JFN726 140E ENTRY
12465565.589 JFN726 150E MAINROAD
12466065.589 JFN726 160E EXIT
12467065.589 JFO733 160E ENTRY
12467565.589 JFO733 170E MAINROAD
12468065.589 JFO733 180E EXIT
12469065.589 JFP740 180E ENTRY
12469565.589 JFP740 190E MAINROAD
12470065.589 JFP740 200E EXIT
12471065.589 JFQ747 200E ENTRY
12471565.589 JFQ747 210E MAINROAD
12472065.589 JFQ747 220E EXIT
12473065.589 JFR754 220E ENTRY
12473565.589 JFR754 230E MAINROAD
12474065.589 JFR754 240E EXIT
12475065.589 JFS761 240E ENTRY
12475565.589 JFS761 250E MAINROAD
12476065.589 JFS761 260E EXIT
12477065.589 JFT768 260E ENTRY
12477565.589 JFT768 270E MAINROAD
12478065.589 JFT768 280E EXIT
12479065.589 JFU775 280E ENTRY
12479565.589 JFU775 290E MAINROAD
12480065.589 JFU775 300E EXIT
12481065.589 JFV782 300E ENTRY
12481565.589 JFV782 310E MAINROAD
12482065.589 JFV782 320E EXIT
12483065.589 JFW789 320E ENTRY
12483565.589 JFW789 330E MAINROAD
12484065.589 JFW789 340E EXIT
12485065.589 JFX796 340E ENTRY
12485565.589 JFX796 350E MAINROAD
12486065.589 JFX796 360E EXIT
12487065.589 JFY803 360E ENTRY
12487565.589 JFY803 370E MAINROAD
12488065.589 JFY803 380E EXIT
12489065.589 JFZ810 0E ENTRY
12489565.589 JFZ810 10E MAINROAD
12490065.589 JFZ810 20E EXIT
12491065.589 JGA817 20E ENTRY
12491565.589 JGA817 30E MAINROAD
12492065.589 JGA817 40E EXIT
12493065.589 JGB824 40E ENTRY
12493565.589 JGB824 50E MAINROAD
12494065.589 JGB824 60E EXIT
12495065.589 JGC831 60E ENTRY
12495565.589 JGC831 70E MAINROAD
12496065.589 JGC831 80E EXIT
12497065.589 JGD838 80E ENTRY
12497565.589 JGD838 90E MAINROAD
12498065.589 JGD838 100E EXIT
12499065.589 JGE845 100E ENTRY
12499565.589 JGE845 110E MAINROAD
12500065.589 JGE845 120E EXIT
12501065.589 JGF852 120E ENTRY
12501565.589 JGF852 130E MAINROAD
12502065.589 JGF852 140E EXIT
12503065.589 JGG859 140E ENTRY
12503565.589 JGG859 150E MAINROAD
12504065.589 JGG859 160E EXIT
12505065.589 JGH866 160E ENTRY
12505565.589 JGH866 170E MAINROAD
12506065.589 JGH866 180E EXIT
12507065.589 JGI873 180E ENTRY
12507565.589 JGI873 190E MAINROAD
12508065.589 JGI873 200E EXIT
12509065.589 JGJ880 200E ENTRY
12509565.589 JGJ880 210E MAINROAD
12510065.589 JGJ880 220E EXIT
12511065.589 JGK887 220E ENTRY
12511565.589 JGK887 230E MAINROAD
12512065.589 JGK887 240E EXIT
12513065.589 JGL894 240E ENTRY
12513565.589 JGL894 250E MAINROAD
12514065.589 JGL894 260E EXIT
12515065.589 JGM901 260E ENTRY
12515565.589 JGM901 270E MAINROAD
12516065.589 JGM901 280E EXIT
12517065.589 JGN908 280E ENTRY
12517565.589 JGN908 290E MAINROAD
12518065.589 JGN908 300E EXIT
12519065.589 JGO915 300E ENTRY
12519565.589 JGO915 310E MAINROAD
12520065.589 JGO915 320E EXIT
12521065.589 JGP922 320E ENTRY
12521565.589 JGP922 330E MAINROAD
12522065.589 JGP922 340E EXIT
12523065.589 JGQ929 340E ENTRY
12523565.589 JGQ929 350E MAINROAD
12524065.589 JGQ929 360E EXIT
12525065.589 JGR936 360E ENTRY
12525565.589 JGR936 370E MAINROAD
12526065.589 JGR936 380E EXIT
12527065.589 JGS943 0E ENTRY
12527565.589 JGS943 10E MAINROAD
12528065.589 JGS943 20E EXIT
12529065.589 JGT950 20E ENTRY
12529565.589 JGT950 30E MAINROAD
12530065.589 JGT950 40E EXIT
12531065.589 JGU957 40E ENTRY
12531565.589 JGU957 50E MAINROAD
12532065.589 JGU957 60E EXIT
12533065.589 JGV964 60E ENTRY
12533565.589 JGV964 70E MAINROAD
12534065.589 JGV964 80E EXIT
12535065.589 JGW971 80E ENTRY
12535565.589 JGW971 90E MAINROAD
12536065.589 JGW971 100E EXIT
12537065.589 JGX978 100E ENTRY
12537565.589 JGX978 110E MAINROAD
12538065.589 JGX978 120E EXIT
12539065.589 JGY985 120E ENTRY
12539565.589 JGY985 130E MAINROAD
12540065.589 JGY985 140E EXIT
12541065.589 JGZ992 140E ENTRY
12541565.589 JGZ992 150E MAINROAD
12542065.589 JGZ992 160E EXIT
12543065.589 JHA999 160E ENTRY
12543565.589 JHA999 170E MAINROAD
12544065.589 JHA999 180E EXIT
12545065.589 JHB006 180E ENTRY
12545565.589 JHB006 190E MAINROAD
12546065.589 JHB006 200E EXIT
12547065.589 JHC013 200E ENTRY
12547565.589 JHC013 210E MAINROAD
12548065.589 JHC013 220E EXIT
12549065.589 JHD020 220E ENTRY
12549565.589 JHD020 230E MAINROAD
12550065.589 JHD020 240E EXIT
12551065.589 JHE027 240E ENTRY
12551565.589 JHE027 250E MAINROAD
12552065.589 JHE027 260E EXIT
12553065.589 JHF034 260E ENTRY
12553565.589 JHF034 270E MAINROAD
12554065.589 JHF034 280E EXIT
12555065.589 JHG041 280E ENTRY
12555565.589 JHG041 290E MAINROAD
12556065.589 JHG041 300E EXIT
12557065.589 JHH048 300E ENTRY
12557565.589 JHH048 310E MAINROAD
12558065.589 JHH048 320E EXIT
12559065.589 JHI055 320E ENTRY
12559565.589 JHI055 330E MAINROAD
12560065.589 JHI055 340E EXIT
12561065.589 JHJ062 340E ENTRY
12561565.589 JHJ062 350E MAINROAD
12562065.589 JHJ062 360E EXIT
12563065.589 JHK069 360E ENTRY
12563565.589 JHK069 370E MAINROAD
12564065.589 JHK069 380E EXIT
12565065.589 JHL076 0E ENTRY
12565565.589 JHL076 10E MAINROAD
12566065.589 JHL076 20E EXIT
12567065.589 JHM083 20E ENTRY
12567565.589 JHM083 30E MAINROAD
12568065.589 JHM083 40E EXIT
12569065.589 JHN090 40E ENTRY
12569565.589 JHN090 50E MAINROAD
12570065.589 JHN090 60E EXIT
12571065.589 JHO097 60E ENTRY
12571565.589 JHO097 70E MAINROAD
12572065.589 JHO097 80E EXIT
12573065.589 JHP104 80E ENTRY
12573565.589 JHP104 90E MAINROAD
12574065.589 JHP104 100E EXIT
12575065.589 JHQ111 100E ENTRY
12575565.589 JHQ111 110E MAINROAD
12576065.589 JHQ111 120E EXIT
12577065.589 JHR118 120E ENTRY
12577565.589 JHR118 130E MAINROAD
12578065.589 JHR118 140E EXIT
12579065.589 JHS125 140E ENTRY
12579565.589 JHS125 150E MAINROAD
12580065.589 JHS125 160E EXIT
12581065.589 JHT132 160E ENTRY
12581565.589 JHT132 170E MAINROAD
12582065.589 JHT132 180E EXIT
12583065.589 JHU139 180E ENTRY
12583565.589 JHU139 190E MAINROAD
12584065.589 JHU139 200E EXIT
12585065.589 JHV146 200E ENTRY
12585565.589 JHV146 210E MAINROAD
12586065.589 JHV146 220E EXIT
12587065.589 JHW153 220E ENTRY
12587565.589 JHW153 230E MAINROAD
12588065.589 JHW153 240E EXIT
12589065.589 JHX160 240E ENTRY
12589565.589 JHX160 250E MAINROAD
12590065.589 JHX160 260E EXIT
12591065.589 JHY167 260E ENTRY
12591565.589 JHY167 270E MAINROAD
12592065.589 JHY167 280E EXIT
12593065.589 JHZ174 280E ENTRY
12593565.589 JHZ174 290E MAINROAD
12594065.589 JHZ174 300E EXIT
12595065.589 JIA181 300E ENTRY
12595565.589 JIA181 310E MAINROAD
12596065.589 JIA181 320E EXIT
12597065.589 JIB188 320E ENTRY
12597565.589 JIB188 330E MAINROAD
12598065.589 JIB188 340E EXIT
12599065.589 JIC195 340E ENTRY
12599565.589 JIC195 350E MAINROAD
12600065.589 JIC195 360E EXIT
12601065.589 JID202 360E ENTRY
12601565.589 JID202 370E MAINROAD
12602065.589 JID202 380E EXIT
12603065.589 JIE209 0E ENTRY
12603565.589 JIE209 10E MAINROAD
12604065.589 JIE209 20E EXIT
12605065.589 JIF216 20E ENTRY
12605565.589 JIF216 30E MAINROAD
12606065.589 JIF216 40E EXIT
12607065.589 JIG223 40E ENTRY
12607565.589 JIG223 50E MAINROAD
12608065.589 JIG223 60E EXIT
12609065.589 JIH230 60E ENTRY
12609565.589 JIH230 70E MAINROAD
12610065.589 JIH230 80E EXIT
12611065.589 JII237 80E ENTRY
12611565.589 JII237 90E MAINROAD
12612065.589 JII237 100E EXIT
12613065.589 JIJ244 100E ENTRY
12613565.589 JIJ244 110E MAINROAD
12614065.589 JIJ244 120E EXIT
12615065.589 JIK251 120E ENTRY
12615565.589 JIK251 130E MAINROAD
12616065.589 JIK251 140E EXIT
12617065.589 JIL258 140E ENTRY
12617565.589 JIL258 150E MAINROAD
12618065.589 JIL258 160E EXIT
12619065.589 JIM265 160E ENTRY
12619565.589 JIM265 170E MAINROAD
12620065.589 JIM265 180E EXIT
12621065.589 JIN272 180E ENTRY
12621565.589 JIN272 190E MAINROAD
12622065.589 JIN272 200E EXIT
12623065.589 JIO279 200E ENTRY
12623565.589 JIO279 210E MAINROAD
12624065.589 JIO279 220E EXIT
12625065.589 JIP286 220E ENTRY
12625565.589 JIP286 230E MAINROAD
12626065.589 JIP286 240E EXIT
12627065.589 JIQ293 240E ENTRY
12627565.589 JIQ293 250E MAINROAD
12628065.589 JIQ293 260E EXIT
12629065.589 JIR300 260E ENTRY
12629565.589 JIR300 270E MAINROAD
12630065.589 JIR300 280E EXIT
12631065.589 JIS307 280E ENTRY
12631565.589 JIS307 290E MAINROAD
12632065.589 JIS307 300E EXIT
12633065.589 JIT314 300E ENTRY
12633565.589 JIT314 310E MAINROAD
12634065.589 JIT314 320E EXIT
12635065.589 JIU321 320E ENTRY
12635565.589 JIU321 330E MAINROAD
12636065.589 JIU321 340E EXIT
12637065.589 JIV328 340E ENTRY
12637565.589 JIV328 350E MAINROAD
12638065.589 JIV328 360E EXIT
12639065.589 JIW335 360E ENTRY
12639565.589 JIW335 370E MAINROAD
12640065.589 JIW335 380E EXIT
12641065.589 JIX342 0E ENTRY
12641565.589 JIX342 10E MAINROAD
12642065.589 JIX342 20E EXIT
12643065.589 JIY349 20E ENTRY
12643565.589 JIY349 30E MAINROAD
12644065.589 JIY349 40E EXIT
12645065.589 JIZ356 40E ENTRY
12645565.589 JIZ356 50E MAINROAD
12646065.589 JIZ356 60E EXIT
12647065.589 JJA363 60E ENTRY
12647565.589 JJA363 70E MAINROAD
12648065.589 JJA363 80E EXIT
12649065.589 JJB370 80E ENTRY
12649565.589 JJB370 90E MAINROAD
12650065.589 JJB370 100E EXIT
12651065.589 JJC377 100E ENTRY
12651565.589 JJC377 110E MAINROAD
12652065.589 JJC377 120E EXIT
12653065.589 JJD384 120E ENTRY
12653565.589 JJD384 130E MAINROAD
12654065.589 JJD384 140E EXIT
12655065.589 JJE391 140E ENTRY
12655565.589 JJE391 150E MAINROAD
12656065.589 JJE391 160E EXIT
12657065.589 JJF398 160E ENTRY
12657565.589 JJF398 170E MAINROAD
12658065.589 JJF398 180E EXIT
12659065.589 JJG405 180E ENTRY
12659565.589 JJG405 190E MAINROAD
12660065.589 JJG405 200E EXIT
12661065.589 JJH412 200E ENTRY
12661565.589 JJH412 210E MAINROAD
12662065.589 JJH412 220E EXIT
12663065.589 JJI419 220E ENTRY
12663565.589 JJI419 230E MAINROAD
12664065.589 JJI419 240E EXIT
12665065.589 JJJ426 240E ENTRY
12665565.589 JJJ426 250E MAINROAD
12666065.589 JJJ426 260E EXIT
12667065.589 JJK433 260E ENTRY
12667565.589 JJK433 270E MAINROAD
12668065.589 JJK433 280E EXIT
12669065.589 JJL440 280E ENTRY
12669565.589 JJL440 290E MAINROAD
12670065.589 JJL440 300E EXIT
12671065.589 JJM447 300E ENTRY
12671565.589 JJM447 310E MAINROAD
12672065.589 JJM447 320E EXIT
12673065.589 JJN454 320E ENTRY
12673565.589 JJN454 330E MAINROAD
12674065.589 JJN454 340E EXIT
12675065.589 JJO461 340E ENTRY
12675565.589 JJO461 350E MAINROAD
12676065.589 JJO461 360E EXIT
12677065.589 JJP468 360E ENTRY
12677565.589 JJP468 370E MAINROAD
12678065.589 JJP468 380E EXIT
12679065.589 JJQ475 0E ENTRY
12679565.589 JJQ475 10E MAINROAD
12680065.589 JJQ475 20E EXIT
12681065.589 JJR482 20E ENTRY
12681565.589 JJR482 30E MAINROAD
12682065.589 JJR482 40E EXIT
12683065.589 JJS489 40E ENTRY
12683565.589 JJS489 50E MAINROAD
12684065.589 JJS489 60E EXIT
12685065.589 JJT496 60E ENTRY
12685565.589 JJT496 70E MAINROAD
12686065.589 JJT496 80E EXIT
12687065.589 JJU503 80E ENTRY
12687565.589 JJU503 90E MAINROAD
12688065.589 JJU503 100E EXIT
12689065.589 JJV510 100E ENTRY
12689565.589 JJV510 110E MAINROAD
12690065.589 JJV510 120E EXIT
12691065.589 JJW517 120E ENTRY
12691565.589 JJW517 130E MAINROAD
12692065.589 JJW517 140E EXIT
12693065.589 JJX524 140E ENTRY
12693565.589 JJX524 150E MAINROAD
12694065.589 JJX524 160E EXIT
12695065.589 JJY531 160E ENTRY
12695565.589 JJY531 170E MAINROAD
12696065.589 JJY531 180E EXIT
12697065.589 JJZ538 180E ENTRY
12697565.589 JJZ538 190E MAINROAD
12698065.589 JJZ538 200E EXIT
12699065.589 JKA545 200E ENTRY
12699565.589 JKA545 210E MAINROAD
12700065.589 JKA545 220E EXIT
12701065.589 JKB552 220E ENTRY
12701565.589 JKB552 230E MAINROAD
12702065.589 JKB552 240E EXIT
12703065.589 JKC559 240E ENTRY
12703565.589 JKC559 250E MAINROAD
12704065.589 JKC559 260E EXIT
12705065.589 JKD566 260E ENTRY
12705565.589 JKD566 270E MAINROAD
12706065.589 JKD566 280E EXIT
12707065.589 JKE573 280E ENTRY
12707565.589 JKE573 290E MAINROAD
12708065.589 JKE573 300E EXIT
12709065.589 JKF580 300E ENTRY
12709565.589 JKF580 310E MAINROAD
12710065.589 JKF580 320E EXIT
12711065.589 JKG587 320E ENTRY
12711565.589 JKG587 330E MAINROAD
12712065.589 JKG587 340E EXIT
12713065.589 JKH594 340E ENTRY
12713565.589 JKH594 350E MAINROAD
12714065.589 JKH594 360E EXIT
12715065.589 JKI601 360E ENTRY
12715565.589 JKI601 370E MAINROAD
12716065.589 JKI601 380E EXIT
12717065.589 JKJ608 0E ENTRY
12717565.589 JKJ608 10E MAINROAD
12718065.589 JKJ608 20E EXIT
12719065.589 JKK615 20E ENTRY
12719565.589 JKK615 30E MAINROAD
12720065.589 JKK615 40E EXIT
12721065.589 JKL622 40E ENTRY
12721565.589 JKL622 50E MAINROAD
12722065.589 JKL622 60E EXIT
12723065.589 JKM629 60E ENTRY
12723565.589 JKM629 70E MAINROAD
12724065.589 JKM629 80E EXIT
12725065.589 JKN636 80E ENTRY
12725565.589 JKN636 90E MAINROAD
12726065.589 JKN636 100E EXIT
12727065.589 JKO643 100E ENTRY
12727565.589 JKO643 110E MAINROAD
12728065.589 JKO643 120E EXIT
12729065.589 JKP650 120E ENTRY
12729565.589 JKP650 130E MAINROAD
12730065.589 JKP650 140E EXIT
12731065.589 JKQ657 140E ENTRY
12731565.589 JKQ657 150E MAINROAD
12732065.589 JKQ657 160E EXIT
12733065.589 JKR664 160E ENTRY
12733565.589 JKR664 170E MAINROAD
12734065.589 JKR664 180E EXIT
12735065.589 JKS671 180E ENTRY
12735565.589 JKS671 190E MAINROAD
12736065.589 JKS671 200E EXIT
12737065.589 JKT678 200E ENTRY
12737565.589 JKT678 210E MAINROAD
12738065.589 JKT678 220E EXIT
12739065.589 JKU685 220E ENTRY
12739565.589 JKU685 230E MAINROAD
12740065.589 JKU685 240E EXIT
12741065.589 JKV692 240E ENTRY
12741565.589 JKV692 250E MAINROAD
12742065.589 JKV692 260E EXIT
12743065.589 JKW699 260E ENTRY
12743565.589 JKW699 270E MAINROAD
12744065.589 JKW699 280E EXIT
12745065.589 JKX706 280E ENTRY
12745565.589 JKX706 290E MAINROAD
12746065.589 JKX706 300E EXIT
12747065.589 JKY713 300E ENTRY
12747565.589 JKY713 310E MAINROAD
12748065.589 JKY713 320E EXIT
12749065.589 JKZ720 320E ENTRY
12749565.589 JKZ720 330E MAINROAD
12750065.589 JKZ720 340E EXIT
12751065.589 JLA727 340E ENTRY
12751565.589 JLA727 350E MAINROAD
12752065.589 JLA727 360E EXIT
12753065.589 JLB734 360E ENTRY
12753565.589 JLB734 370E MAINROAD
12754065.589 JLB734 380E EXIT
12755065.589 JLC741 0E ENTRY
12755565.589 JLC741 10E MAINROAD
12756065.589 JLC741 20E EXIT
12757065.589 JLD748 20E ENTRY
12757565.589 JLD748 30E MAINROAD
12758065.589 JLD748 40E EXIT
12759065.589 JLE755 40E ENTRY
12759565.589 JLE755 50E MAINROAD
12760065.589 JLE755 60E EXIT
12761065.589 JLF762 60E ENTRY
12761565.589 JLF762 70E MAINROAD
12762065.589 JLF762 80E EXIT
12763065.589 JLG769 80E ENTRY
12763565.589 JLG769 90E MAINROAD
12764065.589 JLG769 100E EXIT
12765065.589 JLH776 100E ENTRY
12765565.589 JLH776 110E MAINROAD
12766065.589 JLH776 120E EXIT
12767065.589 JLI783 120E ENTRY
12767565.589 JLI783 130E MAINROAD
12768065.589 JLI783 140E EXIT
12769065.589 JLJ790 140E ENTRY
12769565.589 JLJ790 150E MAINROAD
12770065.589 JLJ790 160E EXIT
12771065.589 JLK797 160E ENTRY
12771565.589 JLK797 170E MAINROAD
12772065.589 JLK797 180E EXIT
12773065.589 JLL804 180E ENTRY
12773565.589 JLL804 190E MAINROAD
12774065.589 JLL804 200E EXIT
12775065.589 JLM811 200E ENTRY
12775565.589 JLM811 210E MAINROAD
12776065.589 JLM811 220E EXIT
12777065.589 JLN818 220E ENTRY
12777565.589 JLN818 230E MAINROAD
12778065.589 JLN818 240E EXIT
12779065.589 JLO825 240E ENTRY
12779565.589 JLO825 250E MAINROAD
12780065.589 JLO825 260E EXIT
12781065.589 JLP832 260E ENTRY
12781565.589 JLP832 270E MAINROAD
12782065.589 JLP832 280E EXIT
12783065.589 JLQ839 280E ENTRY
12783565.589 JLQ839 290E MAINROAD
12784065.589 JLQ839 300E EXIT
12785065.589 JLR846 300E ENTRY
12785565.589 JLR846 310E MAINROAD
12786065.589 JLR846 320E EXIT
12787065.589 JLS853 320E ENTRY
12787565.589 JLS853 330E MAINROAD
12788065.589 JLS853 340E EXIT
12789065.589 JLT860 340E ENTRY
12789565.589 JLT860 350E MAINROAD
12790065.589 JLT860 360E EXIT
12791065.589 JLU867 360E ENTRY
12791565.589 JLU867 370E MAINROAD
12792065.589 JLU867 380E EXIT
12793065.589 JLV874 0E ENTRY
12793565.589 JLV874 10E MAINROAD
12794065.589 JLV874 20E EXIT
12795065.589 JLW881 20E ENTRY
12795565.589 JLW881 30E MAINROAD
12796065.589 JLW881 40E EXIT
12797065.589 JLX888 40E ENTRY
12797565.589 JLX888 50E MAINROAD
12798065.589 JLX888 60E EXIT
12799065.589 JLY895 60E ENTRY
12799565.589 JLY895 70E MAINROAD
12800065.589 JLY895 80E EXIT
12801065.589 JLZ902 80E ENTRY
12801565.589 JLZ902 90E MAINROAD
12802065.589 JLZ902 100E EXIT
12803065.589 JMA909 100E ENTRY
12803565.589 JMA909 110E MAINROAD
12804065.589 JMA909 120E EXIT
12805065.589 JMB916 120E ENTRY
12805565.589 JMB916 130E MAINROAD
12806065.589 JMB916 140E EXIT
12807065.589 JMC923 140E ENTRY
12807565.589 JMC923 150E MAINROAD
12808065.589 JMC923 160E EXIT
12809065.589 JMD930 160E ENTRY
12809565.589 JMD930 170E MAINROAD
12810065.589 JMD930 180E EXIT
12811065.589 JME937 180E ENTRY
12811565.589 JME937 190E MAINROAD
12812065.589 JME937 200E EXIT
12813065.589 JMF944 200E ENTRY
12813565.589 JMF944 210E MAINROAD
12814065.589 JMF944 220E EXIT
12815065.589 JMG951 220E ENTRY
12815565.589 JMG951 230E MAINROAD
12816065.589 JMG951 240E EXIT
12817065.589 JMH958 240E ENTRY
12817565.589 JMH958 250E MAINROAD
12818065.589 JMH958 260E EXIT
12819065.589 JMI965 260E ENTRY
12819565.589 JMI965 270E MAINROAD
12820065.589 JMI965 280E EXIT
12821065.589 JMJ972 280E ENTRY
12821565.589 JMJ972 290E MAINROAD
12822065.589 JMJ972 300E EXIT
12823065.589 JMK979 300E ENTRY
12823565.589 JMK979 310E MAINROAD
12824065.589 JMK979 320E EXIT
12825065.589 JML986 320E ENTRY
12825565.589 JML986 330E MAINROAD
12826065.589 JML986 340E EXIT
12827065.589 JMM993 340E ENTRY
12827565.589 JMM993 350E MAINROAD
12828065.589 JMM993 360E EXIT
12829065.589 JMN000 360E ENTRY
12829565.589 JMN000 370E MAINROAD
12830065.589 JMN000 380E EXIT
12831065.589 JMO007 0E ENTRY
12831565.589 JMO007 10E MAINROAD
12832065.589 JMO007 20E EXIT
12833065.589 JMP014 20E ENTRY
12833565.589 JMP014 30E MAINROAD
12834065.589 JMP014 40E EXIT
12835065.589 JMQ021 40E ENTRY
12835565.589 JMQ021 50E MAINROAD
12836065.589 JMQ021 60E EXIT
12837065.589 JMR028 60E ENTRY
12837565.589 JMR028 70E MAINROAD
12838065.589 JMR028 80E EXIT
12839065.589 JMS035 80E ENTRY
12839565.589 JMS035 90E MAINROAD
12840065.589 JMS035 100E EXIT
12841065.589 JMT042 100E ENTRY
12841565.589 JMT042 110E MAINROAD
12842065.589 JMT042 120E EXIT
12843065.589 JMU049 120E ENTRY
12843565.589 JMU049 130E MAINROAD
12844065.589 JMU049 140E EXIT
12845065.589 JMV056 140E ENTRY
12845565.589 JMV056 150E MAINROAD
12846065.589 JMV056 160E EXIT
12847065.589 JMW063 160E ENTRY
12847565.589 JMW063 170E MAINROAD
12848065.589 JMW063 180E EXIT
12849065.589 JMX070 180E ENTRY
12849565.589 JMX070 190E MAINROAD
12850065.589 JMX070 200E EXIT
12851065.589 JMY077 200E ENTRY
12851565.589 JMY077 210E MAINROAD
12852065.589 JMY077 220E EXIT
12853065.589 JMZ084 220E ENTRY
12853565.589 JMZ084 230E MAINROAD
12854065.589 JMZ084 240E EXIT
12855065.589 JNA091 240E ENTRY
12855565.589 JNA091 250E MAINROAD
12856065.589 JNA091 260E EXIT
12857065.589 JNB098 260E ENTRY
12857565.589 JNB098 270E MAINROAD
12858065.589 JNB098 280E EXIT
12859065.589 JNC105 280E ENTRY
12859565.589 JNC105 290E MAINROAD
12860065.589 JNC105 300E EXIT
12861065.589 JND112 300E ENTRY
12861565.589 JND112 310E MAINROAD
12862065.589 JND112 320E EXIT
12863065.589 JNE119 320E ENTRY
12863565.589 JNE119 330E MAINROAD
12864065.589 JNE119 340E EXIT
12865065.589 JNF126 340E ENTRY
12865565.589 JNF126 350E MAINROAD
12866065.589 JNF126 360E EXIT
12867065.589 JNG133 360E ENTRY
12867565.589 JNG133 370E MAINROAD
12868065.589 JNG133 380E EXIT
12869065.589 JNH140 0E ENTRY
12869565.589 JNH140 10E MAINROAD
12870065.589 JNH140 20E EXIT
12871065.589 JNI147 20E ENTRY
12871565.589 JNI147 30E MAINROAD
12872065.589 JNI147 40E EXIT
12873065.589 JNJ154 40E ENTRY
12873565.589 JNJ154 50E MAINROAD
12874065.589 JNJ154 60E EXIT
12875065.589 JNK161 60E ENTRY
12875565.589 JNK161 70E MAINROAD
12876065.589 JNK161 80E EXIT
12877065.589 JNL168 80E ENTRY
12877565.589 JNL168 90E MAINROAD
12878065.589 JNL168 100E EXIT
12879065.589 JNM175 100E ENTRY
12879565.589 JNM175 110E MAINROAD
12880065.589 JNM175 120E EXIT
12881065.589 JNN182 120E ENTRY
12881565.589 JNN182 130E MAINROAD
12882065.589 JNN182 140E EXIT
12883065.589 JNO189 140E ENTRY
12883565.589 JNO189 150E MAINROAD
12884065.589 JNO189 160E EXIT
12885065.589 JNP196 160E ENTRY
12885565.589 JNP196 170E MAINROAD
12886065.589 JNP196 180E EXIT
12887065.589 JNQ203 180E ENTRY
12887565.589 JNQ203 190E MAINROAD
12888065.589 JNQ203 200E EXIT
12889065.589 JNR210 200E ENTRY
12889565.589 JNR210 210E MAINROAD
12890065.589 JNR210 220E EXIT
12891065.589 JNS217 220E ENTRY
12891565.589 JNS217 230E MAINROAD
12892065.589 JNS217 240E EXIT
12893065.589 JNT224 240E ENTRY
12893565.589 JNT224 250E MAINROAD
12894065.589 JNT224 260E EXIT
12895065.589 JNU231 260E ENTRY
12895565.589 JNU231 270E MAINROAD
12896065.589 JNU231 280E EXIT
12897065.589 JNV238 280E ENTRY
12897565.589 JNV238 290E MAINROAD
12898065.589 JNV238 300E EXIT
12899065.589 JNW245 300E ENTRY
12899565.589 JNW245 310E MAINROAD
12900065.589 JNW245 320E EXIT
12901065.589 JNX252 320E ENTRY
12901565.589 JNX252 330E MAINROAD
12902065.589 JNX252 340E EXIT
12903065.589 JNY259 340E ENTRY
12903565.589 JNY259 350E MAINROAD
12904065.589 JNY259 360E EXIT
12905065.589 JNZ266 360E ENTRY
12905565.589 JNZ266 370E MAINROAD
12906065.589 JNZ266 380E EXIT
12907065.589 JOA273 0E ENTRY
12907565.589 JOA273 10E MAINROAD
12908065.589 JOA273 20E EXIT
12909065.589 JOB280 20E ENTRY
12909565.589 JOB280 30E MAINROAD
12910065.589 JOB280 40E EXIT
12911065.589 JOC287 40E ENTRY
12911565.589 JOC287 50E MAINROAD
12912065.589 JOC287 60E EXIT
12913065.589 JOD294 60E ENTRY
12913565.589 JOD294 70E MAINROAD
12914065.589 JOD294 80E EXIT
12915065.589 JOE301 80E ENTRY
12915565.589 JOE301 90E MAINROAD
12916065.589 JOE301 100E EXIT
12917065.589 JOF308 100E ENTRY
12917565.589 JOF308 110E MAINROAD
12918065.589 JOF308 120E EXIT
12919065.589 JOG315 120E ENTRY
12919565.589 JOG315 130E MAINROAD
12920065.589 JOG315 140E EXIT
12921065.589 JOH322 140E ENTRY
12921565.589 JOH322 150E MAINROAD
12922065.589 JOH322 160E EXIT
12923065.589 JOI329 160E ENTRY
12923565.589 JOI329 170E MAINROAD
12924065.589 JOI329 180E EXIT
12925065.589 JOJ336 180E ENTRY
12925565.589 JOJ336 190E MAINROAD
12926065.589 JOJ336 200E EXIT
12927065.589 JOK343 200E ENTRY
12927565.589 JOK343 210E MAINROAD
12928065.589 JOK343 220E EXIT
12929065.589 JOL350 220E ENTRY
12929565.589 JOL350 230E MAINROAD
12930065.589 JOL350 240E EXIT
12931065.589 JOM357 240E ENTRY
12931565.589 JOM357 250E MAINROAD
12932065.589 JOM357 260E EXIT
12933065.589 JON364 260E ENTRY
12933565.589 JON364 270E MAINROAD
12934065.589 JON364 280E EXIT
12935065.589 JOO371 280E ENTRY
12935565.589 JOO371 290E MAINROAD
12936065.589 JOO371 300E EXIT
12937065.589 JOP378 300E ENTRY
12937565.589 JOP378 310E MAINROAD
12938065.589 JOP378 320E EXIT
12939065.589 JOQ385 320E ENTRY
12939565.589 JOQ385 330E MAINROAD
12940065.589 JOQ385 340E EXIT
12941065.589 JOR392 340E ENTRY
12941565.589 JOR392 350E MAINROAD
12942065.589 JOR392 360E EXIT
12943065.589 JOS399 360E ENTRY
12943565.589 JOS399 370E MAINROAD
12944065.589 JOS399 380E EXIT
12945065.589 JOT406 0E ENTRY
12945565.589 JOT406 10E MAINROAD
12946065.589 JOT406 20E EXIT
12947065.589 JOU413 20E ENTRY
12947565.589 JOU413 30E MAINROAD
12948065.589 JOU413 40E EXIT
12949065.589 JOV420 40E ENTRY
12949565.589 JOV420 50E MAINROAD
12950065.589 JOV420 60E EXIT
12951065.589 JOW427 60E ENTRY
12951565.589 JOW427 70E MAINROAD
12952065.589 JOW427 80E EXIT
12953065.589 JOX434 80E ENTRY
12953565.589 JOX434 90E MAINROAD
12954065.589 JOX434 100E EXIT
12955065.589 JOY441 100E ENTRY
12955565.589 JOY441 110E MAINROAD
12956065.589 JOY441 120E EXIT
12957065.589 JOZ448 120E ENTRY
12957565.589 JOZ448 130E MAINROAD
12958065.589 JOZ448 140E EXIT
12959065.589 JPA455 140E ENTRY
12959565.589 JPA455 150E MAINROAD
12960065.589 JPA455 160E EXIT
12961065.589 JPB462 160E ENTRY
12961565.589 JPB462 170E MAINROAD
12962065.589 JPB462 180E EXIT
12963065.589 JPC469 180E ENTRY
12963565.589 JPC469 190E MAINROAD
12964065.589 JPC469 200E EXIT
12965065.589 JPD476 200E ENTRY
12965565.589 JPD476 210E MAINROAD
12966065.589 JPD476 220E EXIT
12967065.589 JPE483 220E ENTRY
12967565.589 JPE483 230E MAINROAD
12968065.589 JPE483 240E EXIT
12969065.589 JPF490 240E ENTRY
12969565.589 JPF490 250E MAINROAD
12970065.589 JPF490 260E EXIT
12971065.589 JPG497 260E ENTRY
12971565.589 JPG497 270E MAINROAD
12972065.589 JPG497 280E EXIT
12973065.589 JPH504 280E ENTRY
12973565.589 JPH504 290E MAINROAD
12974065.589 JPH504 300E EXIT
12975065.589 JPI511 300E ENTRY
12975565.589 JPI511 310E MAINROAD
12976065.589 JPI511 320E EXIT
12977065.589 JPJ518 320E ENTRY
12977565.589 JPJ518 330E MAINROAD
12978065.589 JPJ518 340E EXIT
12979065.589 JPK525 340E ENTRY
12979565.589 JPK525 350E MAINROAD
12980065.589 JPK525 360E EXIT
12981065.589 JPL532 360E ENTRY
12981565.589 JPL532 370E MAINROAD
12982065.589 JPL532 380E EXIT
12983065.589 JPM539 0E ENTRY
12983565.589 JPM539 10E MAINROAD
12984065.589 JPM539 20E EXIT
12985065.589 JPN546 20E ENTRY
12985565.589 JPN546 30E MAINROAD
12986065.589 JPN546 40E EXIT
12987065.589 JPO553 40E ENTRY
12987565.589 JPO553 50E MAINROAD
12988065.589 JPO553 60E EXIT
12989065.589 JPP560 60E ENTRY
12989565.589 JPP560 70E MAINROAD
12990065.589 JPP560 80E EXIT
12991065.589 JPQ567 80E ENTRY
12991565.589 JPQ567 90E MAINROAD
12992065.589 JPQ567 100E EXIT
12993065.589 JPR574 100E ENTRY
12993565.589 JPR574 110E MAINROAD
12994065.589 JPR574 120E EXIT
12995065.589 JPS581 120E ENTRY
12995565.589 JPS581 130E MAINROAD
12996065.589 JPS581 140E EXIT
12997065.589 JPT588 140E ENTRY
12997565.589 JPT588 150E MAINROAD
12998065.589 JPT588 160E EXIT
12999065.589 JPU595 160E ENTRY
12999565.589 JPU595 170E MAINROAD
13000065.589 JPU595 180E EXIT
13001065.589 JPV602 180E ENTRY
13001565.589 JPV602 190E MAINROAD
13002065.589 JPV602 200E EXIT
13003065.589 JPW609 200E ENTRY
13003565.589 JPW609 210E MAINROAD
13004065.589 JPW609 220E EXIT
13005065.589 JPX616 220E ENTRY
13005565.589 JPX616 230E MAINROAD
13006065.589 JPX616 240E EXIT
13007065.589 JPY623 240E ENTRY
13007565.589 JPY623 250E MAINROAD
13008065.589 JPY623 260E EXIT
13009065.589 JPZ630 260E ENTRY
13009565.589 JPZ630 270E MAINROAD
13010065.589 JPZ630 280E EXIT
13011065.589 JQA637 280E ENTRY
13011565.589 JQA637 290E MAINROAD
13012065.589 JQA637 300E EXIT
13013065.589 JQB644 300E ENTRY
13013565.589 JQB644 310E MAINROAD
13014065.589 JQB644 320E EXIT
13015065.589 JQC651 320E ENTRY
13015565.589 JQC651 330E MAINROAD
13016065.589 JQC651 340E EXIT
13017065.589 JQD658 340E ENTRY
13017565.589 JQD658 350E MAINROAD
13018065.589 JQD658 360E EXIT
13019065.589 JQE665 360E ENTRY
13019565.589 JQE665 370E MAINROAD
13020065.589 JQE665 380E EXIT
13021065.589 JQF672 0E ENTRY
13021565.589 JQF672 10E MAINROAD
13022065.589 JQF672 20E EXIT
13023065.589 JQG679 20E ENTRY
13023565.589 JQG679 30E MAINROAD
13024065.589 JQG679 40E EXIT
13025065.589 JQH686 40E ENTRY
13025565.589 JQH686 50E MAINROAD
13026065.589 JQH686 60E EXIT
13027065.589 JQI693 60E ENTRY
13027565.589 JQI693 70E MAINROAD
13028065.589 JQI693 80E EXIT
13029065.589 JQJ700 80E ENTRY
13029565.589 JQJ700 90E MAINROAD
13030065.589 JQJ700 100E EXIT
13031065.589 JQK707 100E ENTRY
13031565.589 JQK707 110E MAINROAD
13032065.589 JQK707 120E EXIT
13033065.589 JQL714 120E ENTRY
13033565.589 JQL714 130E MAINROAD
13034065.589 JQL714 140E EXIT
13035065.589 JQM721 140E ENTRY
13035565.589 JQM721 150E MAINROAD
13036065.589 JQM721 160E EXIT
13037065.589 JQN728 160E ENTRY
13037565.589 JQN728 170E MAINROAD
13038065.589 JQN728 180E EXIT
13039065.589 JQO735 180E ENTRY
13039565.589 JQO735 190E MAINROAD
13040065.589 JQO735 200E EXIT
13041065.589 JQP742 200E ENTRY
13041565.589 JQP742 210E MAINROAD
13042065.589 JQP742 220E EXIT
13043065.589 JQQ749 220E ENTRY
13043565.589 JQQ749 230E MAINROAD
13044065.589 JQQ749 240E EXIT
13045065.589 JQR756 240E ENTRY
13045565.589 JQR756 250E MAINROAD
13046065.589 JQR756 260E EXIT
13047065.589 JQS763 260E ENTRY
13047565.589 JQS763 270E MAINROAD
13048065.589 JQS763 280E EXIT
13049065.589 JQT770 280E ENTRY
13049565.589 JQT770 290E MAINROAD
13050065.589 JQT770 300E EXIT
13051065.589 JQU777 300E ENTRY
13051565.589 JQU777 310E MAINROAD
13052065.589 JQU777 320E EXIT
13053065.589 JQV784 320E ENTRY
13053565.589 JQV784 330E MAINROAD
13054065.589 JQV784 340E EXIT
13055065.589 JQW791 340E ENTRY
13055565.589 JQW791 350E MAINROAD
13056065.589 JQW791 360E EXIT
13057065.589 JQX798 360E ENTRY
13057565.589 JQX798 370E MAINROAD
13058065.589 JQX798 380E EXIT
13059065.589 JQY805 0E ENTRY
13059565.589 JQY805 10E MAINROAD
13060065.589 JQY805 20E EXIT
13061065.589 JQZ812 20E ENTRY
13061565.589 JQZ812 30E MAINROAD
13062065.589 JQZ812 40E EXIT
13063065.589 JRA819 40E ENTRY
13063565.589 JRA819 50E MAINROAD
13064065.589 JRA819 60E EXIT
13065065.589 JRB826 60E ENTRY
13065565.589 JRB826 70E MAINROAD
13066065.589 JRB826 80E EXIT
13067065.589 JRC833 80E ENTRY
13067565.589 JRC833 90E MAINROAD
13068065.589 JRC833 100E EXIT
13069065.589 JRD840 100E ENTRY
13069565.589 JRD840 110E MAINROAD
13070065.589 JRD840 120E EXIT
13071065.589 JRE847 120E ENTRY
13071565.589 JRE847 130E MAINROAD
13072065.589 JRE847 140E EXIT
13073065.589 JRF854 140E ENTRY
13073565.589 JRF854 150E MAINROAD
13074065.589 JRF854 160E EXIT
13075065.589 JRG861 160E ENTRY
13075565.589 JRG861 170E MAINROAD
13076065.589 JRG861 180E EXIT
13077065.589 JRH868 180E ENTRY
13077565.589 JRH868 190E MAINROAD
13078065.589 JRH868 200E EXIT
13079065.589 JRI875 200E ENTRY
13079565.589 JRI875 210E MAINROAD
13080065.589 JRI875 220E EXIT
13081065.589 JRJ882 220E ENTRY
13081565.589 JRJ882 230E MAINROAD
13082065.589 JRJ882 240E EXIT
13083065.589 JRK889 240E ENTRY
13083565.589 JRK889 250E MAINROAD
13084065.589 JRK889 260E EXIT
13085065.589 JRL896 260E ENTRY
13085565.589 JRL896 270E MAINROAD
13086065.589 JRL896 280E EXIT
13087065.589 JRM903 280E ENTRY
13087565.589 JRM903 290E MAINROAD
13088065.589 JRM903 300E EXIT
13089065.589 JRN910 300E ENTRY
13089565.589 JRN910 310E MAINROAD
13090065.589 JRN910 320E EXIT
13091065.589 JRO917 320E ENTRY
13091565.589 JRO917 330E MAINROAD
13092065.589 JRO917 340E EXIT
13093065.589 JRP924 340E ENTRY
13093565.589 JRP924 350E MAINROAD
13094065.589 JRP924 360E EXIT
13095065.589 JRQ931 360E ENTRY
13095565.589 JRQ931 370E MAINROAD
13096065.589 JRQ931 380E EXIT
13097065.589 JRR938 0E ENTRY
13097565.589 JRR938 10E MAINROAD
13098065.589 JRR938 20E EXIT
13099065.589 JRS945 20E ENTRY
13099565.589 JRS945 30E MAINROAD
13100065.589 JRS945 40E EXIT
13101065.589 JRT952 40E ENTRY
13101565.589 JRT952 50E MAINROAD
13102065.589 JRT952 60E EXIT
13103065.589 JRU959 60E ENTRY
13103565.589 JRU959 70E MAINROAD
13104065.589 JRU959 80E EXIT
13105065.589 JRV966 80E ENTRY
13105565.589 JRV966 90E MAINROAD
13106065.589 JRV966 100E EXIT
13107065.589 JRW973 100E ENTRY
13107565.589 JRW973 110E MAINROAD
13108065.589 JRW973 120E EXIT
13109065.589 JRX980 120E ENTRY
13109565.589 JRX980 130E MAINROAD
13110065.589 JRX980 140E EXIT
13111065.589 JRY987 140E ENTRY
13111565.589 JRY987 150E MAINROAD
13112065.589 JRY987 160E EXIT
13113065.589 JRZ994 160E ENTRY
13113565.589 JRZ994 170E MAINROAD
13114065.589 JRZ994 180E EXIT
13115065.589 JSA001 180E ENTRY
13115565.589 JSA001 190E MAINROAD
13116065.589 JSA001 200E EXIT
13117065.589 JSB008 200E ENTRY
13117565.589 JSB008 210E MAINROAD
13118065.589 JSB008 220E EXIT
13119065.589 JSC015 220E ENTRY
13119565.589 JSC015 230E MAINROAD
13120065.589 JSC015 240E EXIT
13121065.589 JSD022 240E ENTRY
13121565.589 JSD022 250E MAINROAD
13122065.589 JSD022 260E EXIT
13123065.589 JSE029 260E ENTRY
13123565.589 JSE029 270E MAINROAD
13124065.589 JSE029 280E EXIT
13125065.589 JSF036 280E ENTRY
13125565.589 JSF036 290E MAINROAD
13126065.589 JSF036 300E EXIT
13127065.589 JSG043 300E ENTRY
13127565.589 JSG043 310E MAINROAD
13128065.589 JSG043 320E EXIT
13129065.589 JSH050 320E ENTRY
13129565.589 JSH050 330E MAINROAD
13130065.589 JSH050 340E EXIT
13131065.589 JSI057 340E ENTRY
13131565.589 JSI057 350E MAINROAD
13132065.589 JSI057 360E EXIT
13133065.589 JSJ064 360E ENTRY
13133565.589 JSJ064 370E MAINROAD
13134065.589 JSJ064 380E EXIT
13135065.589 JSK071 0E ENTRY
13135565.589 JSK071 10E MAINROAD
13136065.589 JSK071 20E EXIT
13137065.589 JSL078 20E ENTRY
13137565.589 JSL078 30E MAINROAD
13138065.589 JSL078 40E EXIT
13139065.589 JSM085 40E ENTRY
13139565.589 JSM085 50E MAINROAD
13140065.589 JSM085 60E EXIT
13141065.589 JSN092 60E ENTRY
13141565.589 JSN092 70E MAINROAD
13142065.589 JSN092 80E EXIT
13143065.589 JSO099 80E ENTRY
13143565.589 JSO099 90E MAINROAD
13144065.589 JSO099 100E EXIT
13145065.589 JSP106 100E ENTRY
13145565.589 JSP106 110E MAINROAD
13146065.589 JSP106 120E EXIT
13147065.589 JSQ113 120E ENTRY
13147565.589 JSQ113 130E MAINROAD
13148065.589 JSQ113 140E EXIT
13149065.589 JSR120 140E ENTRY
13149565.589 JSR120 150E MAINROAD
13150065.589 JSR120 160E EXIT
13151065.589 JSS127 160E ENTRY
13151565.589 JSS127 170E MAINROAD
13152065.589 JSS127 180E EXIT
13153065.589 JST134 180E ENTRY
13153565.589 JST134 190E MAINROAD
13154065.589 JST134 200E EXIT
13155065.589 JSU141 200E ENTRY
13155565.589 JSU141 210E MAINROAD
13156065.589 JSU141 220E EXIT
13157065.589 JSV148 220E ENTRY
13157565.589 JSV148 230E MAINROAD
13158065.589 JSV148 240E EXIT
13159065.589 JSW155 240E ENTRY
13159565.589 JSW155 250E MAINROAD
13160065.589 JSW155 260E EXIT
13161065.589 JSX162 260E ENTRY
13161565.589 JSX162 270E MAINROAD
13162065.589 JSX162 280E EXIT
13163065.589 JSY169 280E ENTRY
13163565.589 JSY169 290E MAINROAD
13164065.589 JSY169 300E EXIT
13165065.589 JSZ176 300E ENTRY
13165565.589 JSZ176 310E MAINROAD
13166065.589 JSZ176 320E EXIT
13167065.589 JTA183 320E ENTRY
13167565.589 JTA183 330E MAINROAD
13168065.589 JTA183 340E EXIT
13169065.589 JTB190 340E ENTRY
13169565.589 JTB190 350E MAINROAD
13170065.589 JTB190 360E EXIT
13171065.589 JTC197 360E ENTRY
13171565.589 JTC197 370E MAINROAD
13172065.589 JTC197 380E EXIT
13173065.589 JTD204 0E ENTRY
13173565.589 JTD204 10E MAINROAD
13174065.589 JTD204 20E EXIT
13175065.589 JTE211 20E ENTRY
13175565.589 JTE211 30E MAINROAD
13176065.589 JTE211 40E EXIT
13177065.589 JTF218 40E ENTRY
13177565.589 JTF218 50E MAINROAD
13178065.589 JTF218 60E EXIT
13179065.589 JTG225 60E ENTRY
13179565.589 JTG225 70E MAINROAD
13180065.589 JTG225 80E EXIT
13181065.589 JTH232 80E ENTRY
13181565.589 JTH232 90E MAINROAD
13182065.589 JTH232 100E EXIT
13183065.589 JTI239 100E ENTRY
13183565.589 JTI239 110E MAINROAD
13184065.589 JTI239 120E EXIT
13185065.589 JTJ246 120E ENTRY
13185565.589 JTJ246 130E MAINROAD
13186065.589 JTJ246 140E EXIT
13187065.589 JTK253 140E ENTRY
13187565.589 JTK253 150E MAINROAD
13188065.589 JTK253 160E EXIT
13189065.589 JTL260 160E ENTRY
13189565.589 JTL260 170E MAINROAD
13190065.589 JTL260 180E EXIT
13191065.589 JTM267 180E ENTRY
13191565.589 JTM267 190E MAINROAD
13192065.589 JTM267 200E EXIT
13193065.589 JTN274 200E ENTRY
13193565.589 JTN274 210E MAINROAD
13194065.589 JTN274 220E EXIT
13195065.589 JTO281 220E ENTRY
13195565.589 JTO281 230E MAINROAD
13196065.589 JTO281 240E EXIT
13197065.589 JTP288 240E ENTRY
13197565.589 JTP288 250E MAINROAD
13198065.589 JTP288 260E EXIT
13199065.589 JTQ295 260E ENTRY
13199565.589 JTQ295 270E MAINROAD
13200065.589 JTQ295 280E EXIT
13201065.589 JTR302 280E ENTRY
13201565.589 JTR302 290E MAINROAD
13202065.589 JTR302 300E EXIT
13203065.589 JTS309 300E ENTRY
13203565.589 JTS309 310E MAINROAD
13204065.589 JTS309 320E EXIT
13205065.589 JTT316 320E ENTRY
13205565.589 JTT316 330E MAINROAD
13206065.589 JTT316 340E EXIT
13207065.589 JTU323 340E ENTRY
13207565.589 JTU323 350E MAINROAD
13208065.589 JTU323 360E EXIT
13209065.589 JTV330 360E ENTRY
13209565.589 JTV330 370E MAINROAD
13210065.589 JTV330 380E EXIT
13211065.589 JTW337 0E ENTRY
13211565.589 JTW337 10E MAINROAD
13212065.589 JTW337 20E EXIT
13213065.589 JTX344 20E ENTRY
13213565.589 JTX344 30E MAINROAD
13214065.589 JTX344 40E EXIT
13215065.589 JTY351 40E ENTRY
13215565.589 JTY351 50E MAINROAD
13216065.589 JTY351 60E EXIT
13217065.589 JTZ358 60E ENTRY
13217565.589 JTZ358 70E MAINROAD
13218065.589 JTZ358 80E EXIT
13219065.589 JUA365 80E ENTRY
13219565.589 JUA365 90E MAINROAD
13220065.589 JUA365 100E EXIT
13221065.589 JUB372 100E ENTRY
13221565.589 JUB372 110E MAINROAD
13222065.589 JUB372 120E EXIT
13223065.589 JUC379 120E ENTRY
13223565.589 JUC379 130E MAINROAD
13224065.589 JUC379 140E EXIT
13225065.589 JUD386 140E ENTRY
13225565.589 JUD386 150E MAINROAD
13226065.589 JUD386 160E EXIT
13227065.589 JUE393 160E ENTRY
13227565.589 JUE393 170E MAINROAD
13228065.589 JUE393 180E EXIT
13229065.589 JUF400 180E ENTRY
13229565.589 JUF400 190E MAINROAD
13230065.589 JUF400 200E EXIT
13231065.589 JUG407 200E ENTRY
13231565.589 JUG407 210E MAINROAD
13232065.589 JUG407 220E EXIT
13233065.589 JUH414 220E ENTRY
13233565.589 JUH414 230E MAINROAD
13234065.589 JUH414 240E EXIT
13235065.589 JUI421 240E ENTRY
13235565.589 JUI421 250E MAINROAD
13236065.589 JUI421 260E EXIT
13237065.589 JUJ428 260E ENTRY
13237565.589 JUJ428 270E MAINROAD
13238065.589 JUJ428 280E EXIT
13239065.589 JUK435 280E ENTRY
13239565.589 JUK435 290E MAINROAD
13240065.589 JUK435 300E EXIT
13241065.589 JUL442 300E ENTRY
13241565.589 JUL442 310E MAINROAD
13242065.589 JUL442 320E EXIT
13243065.589 JUM449 320E ENTRY
13243565.589 JUM449 330E MAINROAD
13244065.589 JUM449 340E EXIT
13245065.589 JUN456 340E ENTRY
13245565.589 JUN456 350E MAINROAD
13246065.589 JUN456 360E EXIT
13247065.589 JUO463 360E ENTRY
13247565.589 JUO463 370E MAINROAD
13248065.589 JUO463 380E EXIT
13249065.589 JUP470 0E ENTRY
13249565.589 JUP470 10E MAINROAD
13250065.589 JUP470 20E EXIT
13251065.589 JUQ477 20E ENTRY
13251565.589 JUQ477 30E MAINROAD
13252065.589 JUQ477 40E EXIT
13253065.589 JUR484 40E ENTRY
13253565.589 JUR484 50E MAINROAD
13254065.589 JUR484 60E EXIT
13255065.589 JUS491 60E ENTRY
13255565.589 JUS491 70E MAINROAD
13256065.589 JUS491 80E EXIT
13257065.589 JUT498 80E ENTRY
13257565.589 JUT498 90E MAINROAD
13258065.589 JUT498 100E EXIT
13259065.589 JUU505 100E ENTRY
13259565.589 JUU505 110E MAINROAD
13260065.589 JUU505 120E EXIT
13261065.589 JUV512 120E ENTRY
13261565.589 JUV512 130E MAINROAD
13262065.589 JUV512 140E EXIT
13263065.589 JUW519 140E ENTRY
13263565.589 JUW519 150E MAINROAD
13264065.589 JUW519 160E EXIT
13265065.589 JUX526 160E ENTRY
13265565.589 JUX526 170E MAINROAD
13266065.589 JUX526 180E EXIT
13267065.589 JUY533 180E ENTRY
13267565.589 JUY533 190E MAINROAD
13268065.589 JUY533 200E EXIT
13269065.589 JUZ540 200E ENTRY
13269565.589 JUZ540 210E MAINROAD
13270065.589 JUZ540 220E EXIT
13271065.589 JVA547 220E ENTRY
13271565.589 JVA547 230E MAINROAD
13272065.589 JVA547 240E EXIT
13273065.589 JVB554 240E ENTRY
13273565.589 JVB554 250E MAINROAD
13274065.589 JVB554 260E EXIT
13275065.589 JVC561 260E ENTRY
13275565.589 JVC561 270E MAINROAD
13276065.589 JVC561 280E EXIT
13277065.589 JVD568 280E ENTRY
13277565.589 JVD568 290E MAINROAD
13278065.589 JVD568 300E EXIT
13279065.589 JVE575 300E ENTRY
13279565.589 JVE575 310E MAINROAD
13280065.589 JVE575 320E EXIT
13281065.589 JVF582 320E ENTRY
13281565.589 JVF582 330E MAINROAD
13282065.589 JVF582 340E EXIT
13283065.589 JVG589 340E ENTRY
13283565.589 JVG589 350E MAINROAD
13284065.589 JVG589 360E EXIT
13285065.589 JVH596 360E ENTRY
13285565.589 JVH596 370E MAINROAD
13286065.589 JVH596 380E EXIT
13287065.589 JVI603 0E ENTRY
13287565.589 JVI603 10E MAINROAD
13288065.589 JVI603 20E EXIT
13289065.589 JVJ610 20E ENTRY
13289565.589 JVJ610 30E MAINROAD
13290065.589 JVJ610 40E EXIT
13291065.589 JVK617 40E ENTRY
13291565.589 JVK617 50E MAINROAD
13292065.589 JVK617 60E EXIT
13293065.589 JVL624 60E ENTRY
13293565.589 JVL624 70E MAINROAD
13294065.589 JVL624 80E EXIT
13295065.589 JVM631 80E ENTRY
13295565.589 JVM631 90E MAINROAD
13296065.589 JVM631 100E EXIT
13297065.589 JVN638 100E ENTRY
13297565.589 JVN638 110E MAINROAD
13298065.589 JVN638 120E EXIT
13299065.589 JVO645 120E ENTRY
13299565.589 JVO645 130E MAINROAD
13300065.589 JVO645 140E EXIT
13301065.589 JVP652 140E ENTRY
13301565.589 JVP652 150E MAINROAD
13302065.589 JVP652 160E EXIT
13303065.589 JVQ659 160E ENTRY
13303565.589 JVQ659 170E MAINROAD
13304065.589 JVQ659 180E EXIT
13305065.589 JVR666 180E ENTRY
13305565.589 JVR666 190E MAINROAD
13306065.589 JVR666 200E EXIT
13307065.589 JVS673 200E ENTRY
13307565.589 JVS673 210E MAINROAD
13308065.589 JVS673 220E EXIT
13309065.589 JVT680 220E ENTRY
13309565.589 JVT680 230E MAINROAD
13310065.589 JVT680 240E EXIT
13311065.589 JVU687 240E ENTRY
13311565.589 JVU687 250E MAINROAD
13312065.589 JVU687 260E EXIT
13313065.589 JVV694 260E ENTRY
13313565.589 JVV694 270E MAINROAD
13314065.589 JVV694 280E EXIT
13315065.589 JVW701 280E ENTRY
13315565.589 JVW701 290E MAINROAD
13316065.589 JVW701 300E EXIT
13317065.589 JVX708 300E ENTRY
13317565.589 JVX708 310E MAINROAD
13318065.589 JVX708 320E EXIT
13319065.589 JVY715 320E ENTRY
13319565.589 JVY715 330E MAINROAD
13320065.589 JVY715 340E EXIT
13321065.589 JVZ722 340E ENTRY
13321565.589 JVZ722 350E MAINROAD
13322065.589 JVZ722 360E EXIT
13323065.589 JWA729 360E ENTRY
13323565.589 JWA729 370E MAINROAD
13324065.589 JWA729 380E EXIT
13325065.589 JWB736 0E ENTRY
13325565.589 JWB736 10E MAINROAD
13326065.589 JWB736 20E EXIT
13327065.589 JWC743 20E ENTRY
13327565.589 JWC743 30E MAINROAD
13328065.589 JWC743 40E EXIT
13329065.589 JWD750 40E ENTRY
13329565.589 JWD750 50E MAINROAD
13330065.589 JWD750 60E EXIT
13331065.589 JWE757 60E ENTRY
13331565.589 JWE757 70E MAINROAD
13332065.589 JWE757 80E EXIT
13333065.589 JWF764 80E ENTRY
13333565.589 JWF764 90E MAINROAD
13334065.589 JWF764 100E EXIT
13335065.589 JWG771 100E ENTRY
13335565.589 JWG771 110E MAINROAD
13336065.589 JWG771 120E EXIT
13337065.589 JWH778 120E ENTRY
13337565.589 JWH778 130E MAINROAD
13338065.589 JWH778 140E EXIT
13339065.589 JWI785 140E ENTRY
13339565.589 JWI785 150E MAINROAD
13340065.589 JWI785 160E EXIT
13341065.589 JWJ792 160E ENTRY
13341565.589 JWJ792 170E MAINROAD
13342065.589 JWJ792 180E EXIT
13343065.589 JWK799 180E ENTRY
13343565.589 JWK799 190E MAINROAD
13344065.589 JWK799 200E EXIT
13345065.589 JWL806 200E ENTRY
13345565.589 JWL806 210E MAINROAD
13346065.589 JWL806 220E EXIT
13347065.589 JWM813 220E ENTRY
13347565.589 JWM813 230E MAINROAD
13348065.589 JWM813 240E EXIT
13349065.589 JWN820 240E ENTRY
13349565.589 JWN820 250E MAINROAD
13350065.589 JWN820 260E EXIT
13351065.589 JWO827 260E ENTRY
13351565.589 JWO827 270E MAINROAD
13352065.589 JWO827 280E EXIT
13353065.589 JWP834 280E ENTRY
13353565.589 JWP834 290E MAINROAD
13354065.589 JWP834 300E EXIT
13355065.589 JWQ841 300E ENTRY
13355565.589 JWQ841 310E MAINROAD
13356065.589 JWQ841 320E EXIT
13357065.589 JWR848 320E ENTRY
13357565.589 JWR848 330E MAINROAD
13358065.589 JWR848 340E EXIT
13359065.589 JWS855 340E ENTRY
13359565.589 JWS855 350E MAINROAD
13360065.589 JWS855 360E EXIT
13361065.589 JWT862 360E ENTRY
13361565.589 JWT862 370E MAINROAD
13362065.589 JWT862 380E EXIT
13363065.589 JWU869 0E ENTRY
13363565.589 JWU869 10E MAINROAD
13364065.589 JWU869 20E EXIT
13365065.589 JWV876 20E ENTRY
13365565.589 JWV876 30E MAINROAD
13366065.589 JWV876 40E EXIT
13367065.589 JWW883 40E ENTRY
13367565.589 JWW883 50E MAINROAD
13368065.589 JWW883 60E EXIT
13369065.589 JWX890 60E ENTRY
13369565.589 JWX890 70E MAINROAD
13370065.589 JWX890 80E EXIT
13371065.589 JWY897 80E ENTRY
13371565.589 JWY897 90E MAINROAD
13372065.589 JWY897 100E EXIT
13373065.589 JWZ904 100E ENTRY
13373565.589 JWZ904 110E MAINROAD
13374065.589 JWZ904 120E EXIT
13375065.589 JXA911 120E ENTRY
13375565.589 JXA911 130E MAINROAD
13376065.589 JXA911 140E EXIT
13377065.589 JXB918 140E ENTRY
13377565.589 JXB918 150E MAINROAD
13378065.589 JXB918 160E EXIT
13379065.589 JXC925 160E ENTRY
13379565.589 JXC925 170E MAINROAD
13380065.589 JXC925 180E EXIT
13381065.589 JXD932 180E ENTRY
13381565.589 JXD932 190E MAINROAD
13382065.589 JXD932 200E EXIT
13383065.589 JXE939 200E ENTRY
13383565.589 JXE939 210E MAINROAD
13384065.589 JXE939 220E EXIT
13385065.589 JXF946 220E ENTRY
13385565.589 JXF946 230E MAINROAD
13386065.589 JXF946 240E EXIT
13387065.589 JXG953 240E ENTRY
13387565.589 JXG953 250E MAINROAD
13388065.589 JXG953 260E EXIT
13389065.589 JXH960 260E ENTRY
13389565.589 JXH960 270E MAINROAD
13390065.589 JXH960 280E EXIT
13391065.589 JXI967 280E ENTRY
13391565.589 JXI967 290E MAINROAD
13392065.589 JXI967 300E EXIT
13393065.589 JXJ974 300E ENTRY
13393565.589 JXJ974 310E MAINROAD
13394065.589 JXJ974 320E EXIT
13395065.589 JXK981 320E ENTRY
13395565.589 JXK981 330E MAINROAD
13396065.589 JXK981 340E EXIT
13397065.589 JXL988 340E ENTRY
13397565.589 JXL988 350E MAINROAD
13398065.589 JXL988 360E EXIT
13399065.589 JXM995 360E ENTRY
13399565.589 JXM995 370E MAINROAD
13400065.589 JXM995 380E EXIT
13401065.589 JXN002 0E ENTRY
13401565.589 JXN002 10E MAINROAD
13402065.589 JXN002 20E EXIT
13403065.589 JXO009 20E ENTRY
13403565.589 JXO009 30E MAINROAD
13404065.589 JXO009 40E EXIT
13405065.589 JXP016 40E ENTRY
13405565.589 JXP016 50E MAINROAD
13406065.589 JXP016 60E EXIT
13407065.589 JXQ023 60E ENTRY
13407565.589 JXQ023 70E MAINROAD
13408065.589 JXQ023 80E EXIT
13409065.589 JXR030 80E ENTRY
13409565.589 JXR030 90E MAINROAD
13410065.589 JXR030 100E EXIT
13411065.589 JXS037 100E ENTRY
13411565.589 JXS037 110E MAINROAD
13412065.589 JXS037 120E EXIT
13413065.589 JXT044 120E ENTRY
13413565.589 JXT044 130E MAINROAD
13414065.589 JXT044 140E EXIT
13415065.589 JXU051 140E ENTRY
13415565.589 JXU051 150E MAINROAD
13416065.589 JXU051 160E EXIT
13417065.589 JXV058 160E ENTRY
13417565.589 JXV058 170E MAINROAD
13418065.589 JXV058 180E EXIT
13419065.589 JXW065 180E ENTRY
13419565.589 JXW065 190E MAINROAD
13420065.589 JXW065 200E EXIT
13421065.589 JXX072 200E ENTRY
13421565.589 JXX072 210E MAINROAD
13422065.589 JXX072 220E EXIT
13423065.589 JXY079 220E ENTRY
13423565.589 JXY079 230E MAINROAD
13424065.589 JXY079 240E EXIT
13425065.589 JXZ086 240E ENTRY
13425565.589 JXZ086 250E MAINROAD
13426065.589 JXZ086 260E EXIT
13427065.589 JYA093 260E ENTRY
13427565.589 JYA093 270E MAINROAD
13428065.589 JYA093 280E EXIT
13429065.589 JYB100 280E ENTRY
13429565.589 JYB100 290E MAINROAD
13430065.589 JYB100 300E EXIT
13431065.589 JYC107 300E ENTRY
13431565.589 JYC107 310E MAINROAD
13432065.589 JYC107 320E EXIT
13433065.589 JYD114 320E ENTRY
13433565.589 JYD114 330E MAINROAD
13434065.589 JYD114 340E EXIT
13435065.589 JYE121 340E ENTRY
13435565.589 JYE121 350E MAINROAD
13436065.589 JYE121 360E EXIT
13437065.589 JYF128 360E ENTRY
13437565.589 JYF128 370E MAINROAD
13438065.589 JYF128 380E EXIT
13439065.589 JYG135 0E ENTRY
13439565.589 JYG135 10E MAINROAD
13440065.589 JYG135 20E EXIT
13441065.589 JYH142 20E ENTRY
13441565.589 JYH142 30E MAINROAD
13442065.589 JYH142 40E EXIT
13443065.589 JYI149 40E ENTRY
13443565.589 JYI149 50E MAINROAD
13444065.589 JYI149 60E EXIT
13445065.589 JYJ156 60E ENTRY
13445565.589 JYJ156 70E MAINROAD
13446065.589 JYJ156 80E EXIT
13447065.589 JYK163 80E ENTRY
13447565.589 JYK163 90E MAINROAD
13448065.589 JYK163 100E EXIT
13449065.589 JYL170 100E ENTRY
13449565.589 JYL170 110E MAINROAD
13450065.589 JYL170 120E EXIT
13451065.589 JYM177 120E ENTRY
13451565.589 JYM177 130E MAINROAD
13452065.589 JYM177 140E EXIT
13453065.589 JYN184 140E ENTRY
13453565.589 JYN184 150E MAINROAD
13454065.589 JYN184 160E EXIT
13455065.589 JYO191 160E ENTRY
13455565.589 JYO191 170E MAINROAD
13456065.589 JYO191 180E EXIT
13457065.589 JYP198 180E ENTRY
13457565.589 JYP198 190E MAINROAD
13458065.589 JYP198 200E EXIT
13459065.589 JYQ205 200E ENTRY
13459565.589 JYQ205 210E MAINROAD
13460065.589 JYQ205 220E EXIT
13461065.589 JYR212 220E ENTRY
13461565.589 JYR212 230E MAINROAD
13462065.589 JYR212 240E EXIT
13463065.589 JYS219 240E ENTRY
13463565.589 JYS219 250E MAINROAD
13464065.589 JYS219 260E EXIT
13465065.589 JYT226 260E ENTRY
13465565.589 JYT226 270E MAINROAD
13466065.589 JYT226 280E EXIT
13467065.589 JYU233 280E ENTRY
13467565.589 JYU233 290E MAINROAD
13468065.589 JYU233 300E EXIT
13469065.589 JYV240 300E ENTRY
13469565.589 JYV240 310E MAINROAD
13470065.589 JYV240 320E EXIT
13471065.589 JYW247 320E ENTRY
13471565.589 JYW247 330E MAINROAD
13472065.589 JYW247 340E EXIT
13473065.589 JYX254 340E ENTRY
13473565.589 JYX254 350E MAINROAD
13474065.589 JYX254 360E EXIT
13475065.589 JYY261 360E ENTRY
13475565.589 JYY261 370E MAINROAD
13476065.589 JYY261 380E EXIT
13477065.589 JYZ268 0E ENTRY
13477565.589 JYZ268 10E MAINROAD
13478065.589 JYZ268 20E EXIT
13479065.589 JZA275 20E ENTRY
13479565.589 JZA275 30E MAINROAD
13480065.589 JZA275 40E EXIT
13481065.589 JZB282 40E ENTRY
13481565.589 JZB282 50E MAINROAD
13482065.589 JZB282 60E EXIT
13483065.589 JZC289 60E ENTRY
13483565.589 JZC289 70E MAINROAD
13484065.589 JZC289 80E EXIT
13485065.589 JZD296 80E ENTRY
13485565.589 JZD296 90E MAINROAD
13486065.589 JZD296 100E EXIT
13487065.589 JZE303 100E ENTRY
13487565.589 JZE303 110E MAINROAD
13488065.589 JZE303 120E EXIT
13489065.589 JZF310 120E ENTRY
13489565.589 JZF310 130E MAINROAD
13490065.589 JZF310 140E EXIT
13491065.589 JZG317 140E ENTRY
13491565.589 JZG317 150E MAINROAD
13492065.589 JZG317 160E EXIT
13493065.589 JZH324 160E ENTRY
13493565.589 JZH324 170E MAINROAD
13494065.589 JZH324 180E EXIT
13495065.589 JZI331 180E ENTRY
13495565.589 JZI331 190E MAINROAD
13496065.589 JZI331 200E EXIT
13497065.589 JZJ338 200E ENTRY
13497565.589 JZJ338 210E MAINROAD
13498065.589 JZJ338 220E EXIT
13499065.589 JZK345 220E ENTRY
13499565.589 JZK345 230E MAINROAD
13500065.589 JZK345 240E EXIT
13501065.589 JZL352 240E ENTRY
13501565.589 JZL352 250E MAINROAD
13502065.589 JZL352 260E EXIT
13503065.589 JZM359 260E ENTRY
13503565.589 JZM359 270E MAINROAD
13504065.589 JZM359 280E EXIT
13505065.589 JZN366 280E ENTRY
13505565.589 JZN366 290E MAINROAD
13506065.589 JZN366 300E EXIT
13507065.589 JZO373 300E ENTRY
13507565.589 JZO373 310E MAINROAD
13508065.589 JZO373 320E EXIT
13509065.589 JZP380 320E ENTRY
13509565.589 JZP380 330E MAINROAD
13510065.589 JZP380 340E EXIT
13511065.589 JZQ387 340E ENTRY
13511565.589 JZQ387 350E MAINROAD
13512065.589 JZQ387 360E EXIT
13513065.589 JZR394 360E ENTRY
13513565.589 JZR394 370E MAINROAD
13514065.589 JZR394 380E EXIT
13515065.589 JZS401 0E ENTRY
13515565.589 JZS401 10E MAINROAD
13516065.589 JZS401 20E EXIT
13517065.589 JZT408 20E ENTRY
13517565.589 JZT408 30E MAINROAD
13518065.589 JZT408 40E EXIT
13519065.589 JZU415 40E ENTRY
13519565.589 JZU415 50E MAINROAD
13520065.589 JZU415 60E EXIT
13521065.589 JZV422 60E ENTRY
13521565.589 JZV422 70E MAINROAD
13522065.589 JZV422 80E EXIT
13523065.589 JZW429 80E ENTRY
13523565.589 JZW429 90E MAINROAD
13524065.589 JZW429 100E EXIT
13525065.589 JZX436 100E ENTRY
13525565.589 JZX436 110E MAINROAD
13526065.589 JZX436 120E EXIT
13527065.589 JZY443 120E ENTRY
13527565.589 JZY443 130E MAINROAD
13528065.589 JZY443 140E EXIT
13529065.589 JZZ450 140E ENTRY
13529565.589 JZZ450 150E MAINROAD
13530065.589 JZZ450 160E EXIT
13531065.589 KAA457 160E ENTRY
13531565.589 KAA457 170E MAINROAD
13532065.589 KAA457 180E EXIT
13533065.589 KAB464 180E ENTRY
13533565.589 KAB464 190E MAINROAD
13534065.589 KAB464 200E EXIT
13535065.589 KAC471 200E ENTRY
13535565.589 KAC471 210E MAINROAD
13536065.589 KAC471 220E EXIT
13537065.589 KAD478 220E ENTRY
13537565.589 KAD478 230E MAINROAD
13538065.589 KAD478 240E EXIT
13539065.589 KAE485 240E ENTRY
13539565.589 KAE485 250E MAINROAD
13540065.589 KAE485 260E EXIT
13541065.589 KAF492 260E ENTRY
13541565.589 KAF492 270E MAINROAD
13542065.589 KAF492 280E EXIT
13543065.589 KAG499 280E ENTRY
13543565.589 KAG499 290E MAINROAD
13544065.589 KAG499 300E EXIT
13545065.589 KAH506 300E ENTRY
13545565.589 KAH506 310E MAINROAD
13546065.589 KAH506 320E EXIT
13547065.589 KAI513 320E ENTRY
13547565.589 KAI513 330E MAINROAD
13548065.589 KAI513 340E EXIT
13549065.589 KAJ520 340E ENTRY
13549565.589 KAJ520 350E MAINROAD
13550065.589 KAJ520 360E EXIT
13551065.589 KAK527 360E ENTRY
13551565.589 KAK527 370E MAINROAD
13552065.589 KAK527 380E EXIT
13553065.589 KAL534 0E ENTRY
13553565.589 KAL534 10E MAINROAD
13554065.589 KAL534 20E EXIT
13555065.589 KAM541 20E ENTRY
13555565.589 KAM541 30E MAINROAD
13556065.589 KAM541 40E EXIT
13557065.589 KAN548 40E ENTRY
13557565.589 KAN548 50E MAINROAD
13558065.589 KAN548 60E EXIT
13559065.589 KAO555 60E ENTRY
13559565.589 KAO555 70E MAINROAD
13560065.589 KAO555 80E EXIT
13561065.589 KAP562 80E ENTRY
13561565.589 KAP562 90E MAINROAD
13562065.589 KAP562 100E EXIT
13563065.589 KAQ569 100E ENTRY
13563565.589 KAQ569 110E MAINROAD
13564065.589 KAQ569 120E EXIT
13565065.589 KAR576 120E ENTRY
13565565.589 KAR576 130E MAINROAD
13566065.589 KAR576 140E EXIT
13567065.589 KAS583 140E ENTRY
13567565.589 KAS583 150E MAINROAD
13568065.589 KAS583 160E EXIT
13569065.589 KAT590 160E ENTRY
13569565.589 KAT590 170E MAINROAD
13570065.589 KAT590 180E EXIT
13571065.589 KAU597 180E ENTRY
13571565.589 KAU597 190E MAINROAD
13572065.589 KAU597 200E EXIT
13573065.589 KAV604 200E ENTRY
13573565.589 KAV604 210E MAINROAD
13574065.589 KAV604 220E EXIT
13575065.589 KAW611 220E ENTRY
13575565.589 KAW611 230E MAINROAD
13576065.589 KAW611 240E EXIT
13577065.589 KAX618 240E ENTRY
13577565.589 KAX618 250E MAINROAD
13578065.589 KAX618 260E EXIT
13579065.589 KAY625 260E ENTRY
13579565.589 KAY625 270E MAINROAD
13580065.589 KAY625 280E EXIT
13581065.589 KAZ632 280E ENTRY
13581565.589 KAZ632 290E MAINROAD
13582065.589 KAZ632 300E EXIT
13583065.589 KBA639 300E ENTRY
13583565.589 KBA639 310E MAINROAD
13584065.589 KBA639 320E EXIT
13585065.589 KBB646 320E ENTRY
13585565.589 KBB646 330E MAINROAD
13586065.589 KBB646 340E EXIT
13587065.589 KBC653 340E ENTRY
13587565.589 KBC653 350E MAINROAD
13588065.589 KBC653 360E EXIT
13589065.589 KBD660 360E ENTRY
13589565.589 KBD660 370E MAINROAD
13590065.589 KBD660 380E EXIT
13591065.589 KBE667 0E ENTRY
13591565.589 KBE667 10E MAINROAD
13592065.589 KBE667 20E EXIT
13593065.589 KBF674 20E ENTRY
13593565.589 KBF674 30E MAINROAD
13594065.589 KBF674 40E EXIT
13595065.589 KBG681 40E ENTRY
13595565.589 KBG681 50E MAINROAD
13596065.589 KBG681 60E EXIT
13597065.589 KBH688 60E ENTRY
13597565.589 KBH688 70E MAINROAD
13598065.589 KBH688 80E EXIT
13599065.589 KBI695 80E ENTRY
13599565.589 KBI695 90E MAINROAD
13600065.589 KBI695 100E EXIT
13601065.589 KBJ702 100E ENTRY
13601565.589 KBJ702 110E MAINROAD
13602065.589 KBJ702 120E EXIT
13603065.589 KBK709 120E ENTRY
13603565.589 KBK709 130E MAINROAD
13604065.589 KBK709 140E EXIT
13605065.589 KBL716 140E ENTRY
13605565.589 KBL716 150E MAINROAD
13606065.589 KBL716 160E EXIT
13607065.589 KBM723 160E ENTRY
13607565.589 KBM723 170E MAINROAD
13608065.589 KBM723 180E EXIT
13609065.589 KBN730 180E ENTRY
13609565.589 KBN730 190E MAINROAD
13610065.589 KBN730 200E EXIT
13611065.589 KBO737 200E ENTRY
13611565.589 KBO737 210E MAINROAD
13612065.589 KBO737 220E EXIT
13613065.589 KBP744 220E ENTRY
13613565.589 KBP744 230E MAINROAD
13614065.589 KBP744 240E EXIT
13615065.589 KBQ751 240E ENTRY
13615565.589 KBQ751 250E MAINROAD
13616065.589 KBQ751 260E EXIT
13617065.589 KBR758 260E ENTRY
13617565.589 KBR758 270E MAINROAD
13618065.589 KBR758 280E EXIT
13619065.589 KBS765 280E ENTRY
13619565.589 KBS765 290E MAINROAD
13620065.589 KBS765 300E EXIT
13621065.589 KBT772 300E ENTRY
13621565.589 KBT772 310E MAINROAD
13622065.589 KBT772 320E EXIT
13623065.589 KBU779 320E ENTRY
13623565.589 KBU779 330E MAINROAD
13624065.589 KBU779 340E EXIT
13625065.589 KBV786 340E ENTRY
13625565.589 KBV786 350E MAINROAD
13626065.589 KBV786 360E EXIT
13627065.589 KBW793 360E ENTRY
13627565.589 KBW793 370E MAINROAD
13628065.589 KBW793 380E EXIT
13629065.589 KBX800 0E ENTRY
13629565.589 KBX800 10E MAINROAD
13630065.589 KBX800 20E EXIT
13631065.589 KBY807 20E ENTRY
13631565.589 KBY807 30E MAINROAD
13632065.589 KBY807 40E EXIT
13633065.589 KBZ814 40E ENTRY
13633565.589 KBZ814 50E MAINROAD
13634065.589 KBZ814 60E EXIT
13635065.589 KCA821 60E ENTRY
13635565.589 KCA821 70E MAINROAD
13636065.589 KCA821 80E EXIT
13637065.589 KCB828 80E ENTRY
13637565.589 KCB828 90E MAINROAD
13638065.589 KCB828 100E EXIT
13639065.589 KCC835 100E ENTRY
13639565.589 KCC835 110E MAINROAD
13640065.589 KCC835 120E EXIT
13641065.589 KCD842 120E ENTRY
13641565.589 KCD842 130E MAINROAD
13642065.589 KCD842 140E EXIT
13643065.589 KCE849 140E ENTRY
13643565.589 KCE849 150E MAINROAD
13644065.589 KCE849 160E EXIT
13645065.589 KCF856 160E ENTRY
13645565.589 KCF856 170E MAINROAD
13646065.589 KCF856 180E EXIT
13647065.589 KCG863 180E ENTRY
13647565.589 KCG863 190E MAINROAD
13648065.589 KCG863 200E EXIT
13649065.589 KCH870 200E ENTRY
13649565.589 KCH870 210E MAINROAD
13650065.589 KCH870 220E EXIT
13651065.589 KCI877 220E ENTRY
13651565.589 KCI877 230E MAINROAD
13652065.589 KCI877 240E EXIT
13653065.589 KCJ884 240E ENTRY
13653565.589 KCJ884 250E MAINROAD
13654065.589 KCJ884 260E EXIT
13655065.589 KCK891 260E ENTRY
13655565.589 KCK891 270E MAINROAD
13656065.589 KCK891 280E EXIT
13657065.589 KCL898 280E ENTRY
13657565.589 KCL898 290E MAINROAD
13658065.589 KCL898 300E EXIT
13659065.589 KCM905 300E ENTRY
13659565.589 KCM905 310E MAINROAD
13660065.589 KCM905 320E EXIT
13661065.589 KCN912 320E ENTRY
13661565.589 KCN912 330E MAINROAD
13662065.589 KCN912 340E EXIT
13663065.589 KCO919 340E ENTRY
13663565.589 KCO919 350E MAINROAD
13664065.589 KCO919 360E EXIT
13665065.589 KCP926 360E ENTRY
13665565.589 KCP926 370E MAINROAD
13666065.589 KCP926 380E EXIT
13667065.589 KCQ933 0E ENTRY
13667565.589 KCQ933 10E MAINROAD
13668065.589 KCQ933 20E EXIT
13669065.589 KCR940 20E ENTRY
13669565.589 KCR940 30E MAINROAD
13670065.589 KCR940 40E EXIT
13671065.589 KCS947 40E ENTRY
13671565.589 KCS947 50E MAINROAD
13672065.589 KCS947 60E EXIT
13673065.589 KCT954 60E ENTRY
13673565.589 KCT954 70E MAINROAD
13674065.589 KCT954 80E EXIT
13675065.589 KCU961 80E ENTRY
13675565.589 KCU961 90E MAINROAD
13676065.589 KCU961 100E EXIT
13677065.589 KCV968 100E ENTRY
13677565.589 KCV968 110E MAINROAD
13678065.589 KCV968 120E EXIT
13679065.589 KCW975 120E ENTRY
13679565.589 KCW975 130E MAINROAD
13680065.589 KCW975 140E EXIT
13681065.589 KCX982 140E ENTRY
13681565.589 KCX982 150E MAINROAD
13682065.589 KCX982 160E EXIT
13683065.589 KCY989 160E ENTRY
13683565.589 KCY989 170E MAINROAD
13684065.589 KCY989 180E EXIT
13685065.589 KCZ996 180E ENTRY
13685565.589 KCZ996 190E MAINROAD
13686065.589 KCZ996 200E EXIT
13687065.589 KDA003 200E ENTRY
13687565.589 KDA003 210E MAINROAD
13688065.589 KDA003 220E EXIT
13689065.589 KDB010 220E ENTRY
13689565.589 KDB010 230E MAINROAD
13690065.589 KDB010 240E EXIT
13691065.589 KDC017 240E ENTRY
13691565.589 KDC017 250E MAINROAD
13692065.589 KDC017 260E EXIT
13693065.589 KDD024 260E ENTRY
13693565.589 KDD024 270E MAINROAD
13694065.589 KDD024 280E EXIT
13695065.589 KDE031 280E ENTRY
13695565.589 KDE031 290E MAINROAD
13696065.589 KDE031 300E EXIT
13697065.589 KDF038 300E ENTRY
13697565.589 KDF038 310E MAINROAD
13698065.589 KDF038 320E EXIT
13699065.589 KDG045 320E ENTRY
13699565.589 KDG045 330E MAINROAD
13700065.589 KDG045 340E EXIT
13701065.589 KDH052 340E ENTRY
13701565.589 KDH052 350E MAINROAD
13702065.589 KDH052 360E EXIT
13703065.589 KDI059 360E ENTRY
13703565.589 KDI059 370E MAINROAD
13704065.589 KDI059 380E EXIT
13705065.589 KDJ066 0E ENTRY
13705565.589 KDJ066 10E MAINROAD
13706065.589 KDJ066 20E EXIT
13707065.589 KDK073 20E ENTRY
13707565.589 KDK073 30E MAINROAD
13708065.589 KDK073 40E EXIT
13709065.589 KDL080 40E ENTRY
13709565.589 KDL080 50E MAINROAD
13710065.589 KDL080 60E EXIT
13711065.589 KDM087 60E ENTRY
13711565.589 KDM087 70E MAINROAD
13712065.589 KDM087 80E EXIT
13713065.589 KDN094 80E ENTRY
13713565.589 KDN094 90E MAINROAD
13714065.589 KDN094 100E EXIT
13715065.589 KDO101 100E ENTRY
13715565.589 KDO101 110E MAINROAD
13716065.589 KDO101 120E EXIT
13717065.589 KDP108 120E ENTRY
13717565.589 KDP108 130E MAINROAD
13718065.589 KDP108 140E EXIT
13719065.589 KDQ115 140E ENTRY
13719565.589 KDQ115 150E MAINROAD
13720065.589 KDQ115 160E EXIT
13721065.589 KDR122 160E ENTRY
13721565.589 KDR122 170E MAINROAD
13722065.589 KDR122 180E EXIT
13723065.589 KDS129 180E ENTRY
13723565.589 KDS129 190E MAINROAD
13724065.589 KDS129 200E EXIT
13725065.589 KDT136 200E ENTRY
13725565.589 KDT136 210E MAINROAD
13726065.589 KDT136 220E EXIT
13727065.589 KDU143 220E ENTRY
13727565.589 KDU143 230E MAINROAD
13728065.589 KDU143 240E EXIT
13729065.589 KDV150 240E ENTRY
13729565.589 KDV150 250E MAINROAD
13730065.589 KDV150 260E EXIT
13731065.589 KDW157 260E ENTRY
13731565.589 KDW157 270E MAINROAD
13732065.589 KDW157 280E EXIT
13733065.589 KDX164 280E ENTRY
13733565.589 KDX164 290E MAINROAD
13734065.589 KDX164 300E EXIT
13735065.589 KDY171 300E ENTRY
13735565.589 KDY171 310E MAINROAD
13736065.589 KDY171 320E EXIT
13737065.589 KDZ178 320E ENTRY
13737565.589 KDZ178 330E MAINROAD
13738065.589 KDZ178 340E EXIT
13739065.589 KEA185 340E ENTRY
13739565.589 KEA185 350E MAINROAD
13740065.589 KEA185 360E EXIT
13741065.589 KEB192 360E ENTRY
13741565.589 KEB192 370E MAINROAD
13742065.589 KEB192 380E EXIT
13743065.589 KEC199 0E ENTRY
13743565.589 KEC199 10E MAINROAD
13744065.589 KEC199 20E EXIT
13745065.589 KED206 20E ENTRY
13745565.589 KED206 30E MAINROAD
13746065.589 KED206 40E EXIT
13747065.589 KEE213 40E ENTRY
13747565.589 KEE213 50E MAINROAD
13748065.589 KEE213 60E EXIT
13749065.589 KEF220 60E ENTRY
13749565.589 KEF220 70E MAINROAD
13750065.589 KEF220 80E EXIT
13751065.589 KEG227 80E ENTRY
13751565.589 KEG227 90E MAINROAD
13752065.589 KEG227 100E EXIT
13753065.589 KEH234 100E ENTRY
13753565.589 KEH234 110E MAINROAD
13754065.589 KEH234 120E EXIT
13755065.589 KEI241 120E ENTRY
13755565.589 KEI241 130E MAINROAD
13756065.589 KEI241 140E EXIT
13757065.589 KEJ248 140E ENTRY
13757565.589 KEJ248 150E MAINROAD
13758065.589 KEJ248 160E EXIT
13759065.589 KEK255 160E ENTRY
13759565.589 KEK255 170E MAINROAD
13760065.589 KEK255 180E EXIT
13761065.589 KEL262 180E ENTRY
13761565.589 KEL262 190E MAINROAD
13762065.589 KEL262 200E EXIT
13763065.589 KEM269 200E ENTRY
13763565.589 KEM269 210E MAINROAD
13764065.589 KEM269 220E EXIT
13765065.589 KEN276 220E ENTRY
13765565.589 KEN276 230E MAINROAD
13766065.589 KEN276 240E EXIT
13767065.589 KEO283 240E ENTRY
13767565.589 KEO283 250E MAINROAD
13768065.589 KEO283 260E EXIT
13769065.589 KEP290 260E ENTRY
13769565.589 KEP290 270E MAINROAD
13770065.589 KEP290 280E EXIT
13771065.589 KEQ297 280E ENTRY
13771565.589 KEQ297 290E MAINROAD
13772065.589 KEQ297 300E EXIT
13773065.589 KER304 300E ENTRY
13773565.589 KER304 310E MAINROAD
13774065.589 KER304 320E EXIT
13775065.589 KES311 320E ENTRY
13775565.589 KES311 330E MAINROAD
13776065.589 KES311 340E EXIT
13777065.589 KET318 340E ENTRY
13777565.589 KET318 350E MAINROAD
13778065.589 KET318 360E EXIT
13779065.589 KEU325 360E ENTRY
13779565.589 KEU325 370E MAINROAD
13780065.589 KEU325 380E EXIT
13781065.589 KEV332 0E ENTRY
13781565.589 KEV332 10E MAINROAD
13782065.589 KEV332 20E EXIT
13783065.589 KEW339 20E ENTRY
13783565.589 KEW339 30E MAINROAD
13784065.589 KEW339 40E EXIT
13785065.589 KEX346 40E ENTRY
13785565.589 KEX346 50E MAINROAD
13786065.589 KEX346 60E EXIT
13787065.589 KEY353 60E ENTRY
13787565.589 KEY353 70E MAINROAD
13788065.589 KEY353 80E EXIT
13789065.589 KEZ360 80E ENTRY
13789565.589 KEZ360 90E MAINROAD
13790065.589 KEZ360 100E EXIT
13791065.589 KFA367 100E ENTRY
13791565.589 KFA367 110E MAINROAD
13792065.589 KFA367 120E EXIT
13793065.589 KFB374 120E ENTRY
13793565.589 KFB374 130E MAINROAD
13794065.589 KFB374 140E EXIT
13795065.589 KFC381 140E ENTRY
13795565.589 KFC381 150E MAINROAD
13796065.589 KFC381 160E EXIT
13797065.589 KFD388 160E ENTRY
13797565.589 KFD388 170E MAINROAD
13798065.589 KFD388 180E EXIT
13799065.589 KFE395 180E ENTRY
13799565.589 KFE395 190E MAINROAD
13800065.589 KFE395 200E EXIT
13801065.589 KFF402 200E ENTRY
13801565.589 KFF402 210E MAINROAD
13802065.589 KFF402 220E EXIT
13803065.589 KFG409 220E ENTRY
13803565.589 KFG409 230E MAINROAD
13804065.589 KFG409 240E EXIT
13805065.589 KFH416 240E ENTRY
13805565.589 KFH416 250E MAINROAD
13806065.589 KFH416 260E EXIT
13807065.589 KFI423 260E ENTRY
13807565.589 KFI423 270E MAINROAD
13808065.589 KFI423 280E EXIT
13809065.589 KFJ430 280E ENTRY
13809565.589 KFJ430 290E MAINROAD
13810065.589 KFJ430 300E EXIT
13811065.589 KFK437 300E ENTRY
13811565.589 KFK437 310E MAINROAD
13812065.589 KFK437 320E EXIT
13813065.589 KFL444 320E ENTRY
13813565.589 KFL444 330E MAINROAD
13814065.589 KFL444 340E EXIT
13815065.589 KFM451 340E ENTRY
13815565.589 KFM451 350E MAINROAD
13816065.589 KFM451 360E EXIT
13817065.589 KFN458 360E ENTRY
13817565.589 KFN458 370E MAINROAD
13818065.589 KFN458 380E EXIT
13819065.589 KFO465 0E ENTRY
13819565.589 KFO465 10E MAINROAD
13820065.589 KFO465 20E EXIT
13821065.589 KFP472 20E ENTRY
13821565.589 KFP472 30E MAINROAD
13822065.589 KFP472 40E EXIT
13823065.589 KFQ479 40E ENTRY
13823565.589 KFQ479 50E MAINROAD
13824065.589 KFQ479 60E EXIT
13825065.589 KFR486 60E ENTRY
13825565.589 KFR486 70E MAINROAD
13826065.589 KFR486 80E EXIT
13827065.589 KFS493 80E ENTRY
13827565.589 KFS493 90E MAINROAD
13828065.589 KFS493 100E EXIT
13829065.589 KFT500 100E ENTRY
13829565.589 KFT500 110E MAINROAD
13830065.589 KFT500 120E EXIT
13831065.589 KFU507 120E ENTRY
13831565.589 KFU507 130E MAINROAD
13832065.589 KFU507 140E EXIT
13833065.589 KFV514 140E ENTRY
13833565.589 KFV514 150E MAINROAD
13834065.589 KFV514 160E EXIT
13835065.589 KFW521 160E ENTRY
13835565.589 KFW521 170E MAINROAD
13836065.589 KFW521 180E EXIT
13837065.589 KFX528 180E ENTRY
13837565.589 KFX528 190E MAINROAD
13838065.589 KFX528 200E EXIT
13839065.589 KFY535 200E ENTRY
13839565.589 KFY535 210E MAINROAD
13840065.589 KFY535 220E EXIT
13841065.589 KFZ542 220E ENTRY
13841565.589 KFZ542 230E MAINROAD
13842065.589 KFZ542 240E EXIT
13843065.589 KGA549 240E ENTRY
13843565.589 KGA549 250E MAINROAD
13844065.589 KGA549 260E EXIT
13845065.589 KGB556 260E ENTRY
13845565.589 KGB556 270E MAINROAD
13846065.589 KGB556 280E EXIT
13847065.589 KGC563 280E ENTRY
13847565.589 KGC563 290E MAINROAD
13848065.589 KGC563 300E EXIT
13849065.589 KGD570 300E ENTRY
13849565.589 KGD570 310E MAINROAD
13850065.589 KGD570 320E EXIT
13851065.589 KGE577 320E ENTRY
13851565.589 KGE577 330E MAINROAD
13852065.589 KGE577 340E EXIT
13853065.589 KGF584 340E ENTRY
13853565.589 KGF584 350E MAINROAD
13854065.589 KGF584 360E EXIT
13855065.589 KGG591 360E ENTRY
13855565.589 KGG591 370E MAINROAD
13856065.589 KGG591 380E EXIT
13857065.589 KGH598 0E ENTRY
13857565.589 KGH598 10E MAINROAD
13858065.589 KGH598 20E EXIT
13859065.589 KGI605 20E ENTRY
13859565.589 KGI605 30E MAINROAD
13860065.589 KGI605 40E EXIT
13861065.589 KGJ612 40E ENTRY
13861565.589 KGJ612 50E MAINROAD
13862065.589 KGJ612 60E EXIT
13863065.589 KGK619 60E ENTRY
13863565.589 KGK619 70E MAINROAD
13864065.589 KGK619 80E EXIT
13865065.589 KGL626 80E ENTRY
13865565.589 KGL626 90E MAINROAD
13866065.589 KGL626 100E EXIT
13867065.589 KGM633 100E ENTRY
13867565.589 KGM633 110E MAINROAD
13868065.589 KGM633 120E EXIT
13869065.589 KGN640 120E ENTRY
13869565.589 KGN640 130E MAINROAD
13870065.589 KGN640 140E EXIT
13871065.589 KGO647 140E ENTRY
13871565.589 KGO647 150E MAINROAD
13872065.589 KGO647 160E EXIT
13873065.589 KGP654 160E ENTRY
13873565.589 KGP654 170E MAINROAD
13874065.589 KGP654 180E EXIT
13875065.589 KGQ661 180E ENTRY
13875565.589 KGQ661 190E MAINROAD
13876065.589 KGQ661 200E EXIT
13877065.589 KGR668 200E ENTRY
13877565.589 KGR668 210E MAINROAD
13878065.589 KGR668 220E EXIT
13879065.589 KGS675 220E ENTRY
13879565.589 KGS675 230E MAINROAD
13880065.589 KGS675 240E EXIT
13881065.589 KGT682 240E ENTRY
13881565.589 KGT682 250E MAINROAD
13882065.589 KGT682 260E EXIT
13883065.589 KGU689 260E ENTRY
13883565.589 KGU689 270E MAINROAD
13884065.589 KGU689 280E EXIT
13885065.589 KGV696 280E ENTRY
13885565.589 KGV696 290E MAINROAD
13886065.589 KGV696 300E EXIT
13887065.589 KGW703 300E ENTRY
13887565.589 KGW703 310E MAINROAD
13888065.589 KGW703 320E EXIT
13889065.589 KGX710 320E ENTRY
13889565.589 KGX710 330E MAINROAD
13890065.589 KGX710 340E EXIT
13891065.589 KGY717 340E ENTRY
13891565.589 KGY717 350E MAINROAD
13892065.589 KGY717 360E EXIT
13893065.589 KGZ724 360E ENTRY
13893565.589 KGZ724 370E MAINROAD
13894065.589 KGZ724 380E EXIT
13895065.589 KHA731 0E ENTRY
13895565.589 KHA731 10E MAINROAD
13896065.589 KHA731 20E EXIT
13897065.589 KHB738 20E ENTRY
13897565.589 KHB738 30E MAINROAD
13898065.589 KHB738 40E EXIT
13899065.589 KHC745 40E ENTRY
13899565.589 KHC745 50E MAINROAD
13900065.589 KHC745 60E EXIT
13901065.589 KHD752 60E ENTRY
13901565.589 KHD752 70E MAINROAD
13902065.589 KHD752 80E EXIT
13903065.589 KHE759 80E ENTRY
13903565.589 KHE759 90E MAINROAD
13904065.589 KHE759 100E EXIT
13905065.589 KHF766 100E ENTRY
13905565.589 KHF766 110E MAINROAD
13906065.589 KHF766 120E EXIT
13907065.589 KHG773 120E ENTRY
13907565.589 KHG773 130E MAINROAD
13908065.589 KHG773 140E EXIT
13909065.589 KHH780 140E ENTRY
13909565.589 KHH780 150E MAINROAD
13910065.589 KHH780 160E EXIT
13911065.589 KHI787 160E ENTRY
13911565.589 KHI787 170E MAINROAD
13912065.589 KHI787 180E EXIT
13913065.589 KHJ794 180E ENTRY
13913565.589 KHJ794 190E MAINROAD
13914065.589 KHJ794 200E EXIT
13915065.589 KHK801 200E ENTRY
13915565.589 KHK801 210E MAINROAD
13916065.589 KHK801 220E EXIT
13917065.589 KHL808 220E ENTRY
13917565.589 KHL808 230E MAINROAD
13918065.589 KHL808 240E EXIT
13919065.589 KHM815 240E ENTRY
13919565.589 KHM815 250E MAINROAD
13920065.589 KHM815 260E EXIT
13921065.589 KHN822 260E ENTRY
13921565.589 KHN822 270E MAINROAD
13922065.589 KHN822 280E EXIT
13923065.589 KHO829 280E ENTRY
13923565.589 KHO829 290E MAINROAD
13924065.589 KHO829 300E EXIT
13925065.589 KHP836 300E ENTRY
13925565.589 KHP836 310E MAINROAD
13926065.589 KHP836 320E EXIT
13927065.589 KHQ843 320E ENTRY
13927565.589 KHQ843 330E MAINROAD
13928065.589 KHQ843 340E EXIT
13929065.589 KHR850 340E ENTRY
13929565.589 KHR850 350E MAINROAD
13930065.589 KHR850 360E EXIT
13931065.589 KHS857 360E ENTRY
13931565.589 KHS857 370E MAINROAD
13932065.589 KHS857 380E EXIT
13933065.589 KHT864 0E ENTRY
13933565.589 KHT864 10E MAINROAD
13934065.589 KHT864 20E EXIT
13935065.589 KHU871 20E ENTRY
13935565.589 KHU871 30E MAINROAD
13936065.589 KHU871 40E EXIT
13937065.589 KHV878 40E ENTRY
13937565.589 KHV878 50E MAINROAD
13938065.589 KHV878 60E EXIT
13939065.589 KHW885 60E ENTRY
13939565.589 KHW885 70E MAINROAD
13940065.589 KHW885 80E EXIT
13941065.589 KHX892 80E ENTRY
13941565.589 KHX892 90E MAINROAD
13942065.589 KHX892 100E EXIT
13943065.589 KHY899 100E ENTRY
13943565.589 KHY899 110E MAINROAD
13944065.589 KHY899 120E EXIT
13945065.589 KHZ906 120E ENTRY
13945565.589 KHZ906 130E MAINROAD
13946065.589 KHZ906 140E EXIT
13947065.589 KIA913 140E ENTRY
13947565.589 KIA913 150E MAINROAD
13948065.589 KIA913 160E EXIT
13949065.589 KIB920 160E ENTRY
13949565.589 KIB920 170E MAINROAD
13950065.589 KIB920 180E EXIT
13951065.589 KIC927 180E ENTRY
13951565.589 KIC927 190E MAINROAD
13952065.589 KIC927 200E EXIT
13953065.589 KID934 200E ENTRY
13953565.589 KID934 210E MAINROAD
13954065.589 KID934 220E EXIT
13955065.589 KIE941 220E ENTRY
13955565.589 KIE941 230E MAINROAD
13956065.589 KIE941 240E EXIT
13957065.589 KIF948 240E ENTRY
13957565.589 KIF948 250E MAINROAD
13958065.589 KIF948 260E EXIT
13959065.589 KIG955 260E ENTRY
13959565.589 KIG955 270E MAINROAD
13960065.589 KIG955 280E EXIT
13961065.589 KIH962 280E ENTRY
13961565.589 KIH962 290E MAINROAD
13962065.589 KIH962 300E EXIT
13963065.589 KII969 300E ENTRY
13963565.589 KII969 310E MAINROAD
13964065.589 KII969 320E EXIT
13965065.589 KIJ976 320E ENTRY
13965565.589 KIJ976 330E MAINROAD
13966065.589 KIJ976 340E EXIT
13967065.589 KIK983 340E ENTRY
13967565.589 KIK983 350E MAINROAD
13968065.589 KIK983 360E EXIT
13969065.589 KIL990 360E ENTRY
13969565.589 KIL990 370E MAINROAD
13970065.589 KIL990 380E EXIT
13971065.589 KIM997 0E ENTRY
13971565.589 KIM997 10E MAINROAD
13972065.589 KIM997 20E EXIT
13973065.589 KIN004 20E ENTRY
13973565.589 KIN004 30E MAINROAD
13974065.589 KIN004 40E EXIT
13975065.589 KIO011 40E ENTRY
13975565.589 KIO011 50E MAINROAD
13976065.589 KIO011 60E EXIT
13977065.589 KIP018 60E ENTRY
13977565.589 KIP018 70E MAINROAD
13978065.589 KIP018 80E EXIT
13979065.589 KIQ025 80E ENTRY
13979565.589 KIQ025 90E MAINROAD
13980065.589 KIQ025 100E EXIT
13981065.589 KIR032 100E ENTRY
13981565.589 KIR032 110E MAINROAD
13982065.589 KIR032 120E EXIT
13983065.589 KIS039 120E ENTRY
13983565.589 KIS039 130E MAINROAD
13984065.589 KIS039 140E EXIT
13985065.589 KIT046 140E ENTRY
13985565.589 KIT046 150E MAINROAD
13986065.589 KIT046 160E EXIT
13987065.589 KIU053 160E ENTRY
13987565.589 KIU053 170E MAINROAD
13988065.589 KIU053 180E EXIT
13989065.589 KIV060 180E ENTRY
13989565.589 KIV060 190E MAINROAD
13990065.589 KIV060 200E EXIT
13991065.589 KIW067 200E ENTRY
13991565.589 KIW067 210E MAINROAD
13992065.589 KIW067 220E EXIT
13993065.589 KIX074 220E ENTRY
13993565.589 KIX074 230E MAINROAD
13994065.589 KIX074 240E EXIT
13995065.589 KIY081 240E ENTRY
13995565.589 KIY081 250E MAINROAD
13996065.589 KIY081 260E EXIT
13997065.589 KIZ088 260E ENTRY
13997565.589 KIZ088 270E MAINROAD
13998065.589 KIZ088 280E EXIT
13999065.589 KJA095 280E ENTRY
13999565.589 KJA095 290E MAINROAD
14000065.589 KJA095 300E EXIT
14001065.589 KJB102 300E ENTRY
14001565.589 KJB102 310E MAINROAD
14002065.589 KJB102 320E EXIT
14003065.589 KJC109 320E ENTRY
14003565.589 KJC109 330E MAINROAD
14004065.589 KJC109 340E EXIT
14005065.589 KJD116 340E ENTRY
14005565.589 KJD116 350E MAINROAD
14006065.589 KJD116 360E EXIT
14007065.589 KJE123 360E ENTRY
14007565.589 KJE123 370E MAINROAD
14008065.589 KJE123 380E EXIT
14009065.589 KJF130 0E ENTRY
14009565.589 KJF130 10E MAINROAD
14010065.589 KJF130 20E EXIT
14011065.589 KJG137 20E ENTRY
14011565.589 KJG137 30E MAINROAD
14012065.589 KJG137 40E EXIT
14013065.589 KJH144 40E ENTRY
14013565.589 KJH144 50E MAINROAD
14014065.589 KJH144 60E EXIT
14015065.589 KJI151 60E ENTRY
14015565.589 KJI151 70E MAINROAD
14016065.589 KJI151 80E EXIT
14017065.589 KJJ158 80E ENTRY
14017565.589 KJJ158 90E MAINROAD
14018065.589 KJJ158 100E EXIT
14019065.589 KJK165 100E ENTRY
14019565.589 KJK165 110E MAINROAD
14020065.589 KJK165 120E EXIT
14021065.589 KJL172 120E ENTRY
14021565.589 KJL172 130E MAINROAD
14022065.589 KJL172 140E EXIT
14023065.589 KJM179 140E ENTRY
14023565.589 KJM179 150E MAINROAD
14024065.589 KJM179 160E EXIT
14025065.589 KJN186 160E ENTRY
14025565.589 KJN186 170E MAINROAD
14026065.589 KJN186 180E EXIT
14027065.589 KJO193 180E ENTRY
14027565.589 KJO193 190E MAINROAD
14028065.589 KJO193 200E EXIT
14029065.589 KJP200 200E ENTRY
14029565.589 KJP200 210E MAINROAD
14030065.589 KJP200 220E EXIT
14031065.589 KJQ207 220E ENTRY
14031565.589 KJQ207 230E MAINROAD
14032065.589 KJQ207 240E EXIT
14033065.589 KJR214 240E ENTRY
14033565.589 KJR214 250E MAINROAD
14034065.589 KJR214 260E EXIT
14035065.589 KJS221 260E ENTRY
14035565.589 KJS221 270E MAINROAD
14036065.589 KJS221 280E EXIT
14037065.589 KJT228 280E ENTRY
14037565.589 KJT228 290E MAINROAD
14038065.589 KJT228 300E EXIT
14039065.589 KJU235 300E ENTRY
14039565.589 KJU235 310E MAINROAD
14040065.589 KJU235 320E EXIT
14041065.589 KJV242 320E ENTRY
14041565.589 KJV242 330E MAINROAD
14042065.589 KJV242 340E EXIT
14043065.589 KJW249 340E ENTRY
14043565.589 KJW249 350E MAINROAD
14044065.589 KJW249 360E EXIT
14045065.589 KJX256 360E ENTRY
14045565.589 KJX256 370E MAINROAD
14046065.589 KJX256 380E EXIT
14047065.589 KJY263 0E ENTRY
14047565.589 KJY263 10E MAINROAD
14048065.589 KJY263 20E EXIT
14049065.589 KJZ270 20E ENTRY
14049565.589 KJZ270 30E MAINROAD
14050065.589 KJZ270 40E EXIT
14051065.589 KKA277 40E ENTRY
14051565.589 KKA277 50E MAINROAD
14052065.589 KKA277 60E EXIT
14053065.589 KKB284 60E ENTRY
14053565.589 KKB284 70E MAINROAD
14054065.589 KKB284 80E EXIT
14055065.589 KKC291 80E ENTRY
14055565.589 KKC291 90E MAINROAD
14056065.589 KKC291 100E EXIT
14057065.589 KKD298 100E ENTRY
14057565.589 KKD298 110E MAINROAD
14058065.589 KKD298 120E EXIT
14059065.589 KKE305 120E ENTRY
14059565.589 KKE305 130E MAINROAD
14060065.589 KKE305 140E EXIT
14061065.589 KKF312 140E ENTRY
14061565.589 KKF312 150E MAINROAD
14062065.589 KKF312 160E EXIT
14063065.589 KKG319 160E ENTRY
14063565.589 KKG319 170E MAINROAD
14064065.589 KKG319 180E EXIT
14065065.589 KKH326 180E ENTRY
14065565.589 KKH326 190E MAINROAD
14066065.589 KKH326 200E EXIT
14067065.589 KKI333 200E ENTRY
14067565.589 KKI333 210E MAINROAD
14068065.589 KKI333 220E EXIT
14069065.589 KKJ340 220E ENTRY
14069565.589 KKJ340 230E MAINROAD
14070065.589 KKJ340 240E EXIT
14071065.589 KKK347 240E ENTRY
14071565.589 KKK347 250E MAINROAD
14072065.589 KKK347 260E EXIT
14073065.589 KKL354 260E ENTRY
14073565.589 KKL354 270E MAINROAD
14074065.589 KKL354 280E EXIT
14075065.589 KKM361 280E ENTRY
14075565.589 KKM361 290E MAINROAD
14076065.589 KKM361 300E EXIT
14077065.589 KKN368 300E ENTRY
14077565.589 KKN368 310E MAINROAD
14078065.589 KKN368 320E EXIT
14079065.589 KKO375 320E ENTRY
14079565.589 KKO375 330E MAINROAD
14080065.589 KKO375 340E EXIT
14081065.589 KKP382 340E ENTRY
14081565.589 KKP382 350E MAINROAD
14082065.589 KKP382 360E EXIT
14083065.589 KKQ389 360E ENTRY
14083565.589 KKQ389 370E MAINROAD
14084065.589 KKQ389 380E EXIT
14085065.589 KKR396 0E ENTRY
14085565.589 KKR396 10E MAINROAD
14086065.589 KKR396 20E EXIT
14087065.589 KKS403 20E ENTRY
14087565.589 KKS403 30E MAINROAD
14088065.589 KKS403 40E EXIT
14089065.589 KKT410 40E ENTRY
14089565.589 KKT410 50E MAINROAD
14090065.589 KKT410 60E EXIT
14091065.589 KKU417 60E ENTRY
14091565.589 KKU417 70E MAINROAD
14092065.589 KKU417 80E EXIT
14093065.589 KKV424 80E ENTRY
14093565.589 KKV424 90E MAINROAD
14094065.589 KKV424 100E EXIT
14095065.589 KKW431 100E ENTRY
14095565.589 KKW431 110E MAINROAD
14096065.589 KKW431 120E EXIT
14097065.589 KKX438 120E ENTRY
14097565.589 KKX438 130E MAINROAD
14098065.589 KKX438 140E EXIT
14099065.589 KKY445 140E ENTRY
14099565.589 KKY445 150E MAINROAD
14100065.589 KKY445 160E EXIT
14101065.589 KKZ452 160E ENTRY
14101565.589 KKZ452 170E MAINROAD
14102065.589 KKZ452 180E EXIT
14103065.589 KLA459 180E ENTRY
14103565.589 KLA459 190E MAINROAD
14104065.589 KLA459 200E EXIT
14105065.589 KLB466 200E ENTRY
14105565.589 KLB466 210E MAINROAD
14106065.589 KLB466 220E EXIT
14107065.589 KLC473 220E ENTRY
14107565.589 KLC473 230E MAINROAD
14108065.589 KLC473 240E EXIT
14109065.589 KLD480 240E ENTRY
14109565.589 KLD480 250E MAINROAD
14110065.589 KLD480 260E EXIT
14111065.589 KLE487 260E ENTRY
14111565.589 KLE487 270E MAINROAD
14112065.589 KLE487 280E EXIT
14113065.589 KLF494 280E ENTRY
14113565.589 KLF494 290E MAINROAD
14114065.589 KLF494 300E EXIT
14115065.589 KLG501 300E ENTRY
14115565.589 KLG501 310E MAINROAD
14116065.589 KLG501 320E EXIT
14117065.589 KLH508 320E ENTRY
14117565.589 KLH508 330E MAINROAD
14118065.589 KLH508 340E EXIT
14119065.589 KLI515 340E ENTRY
14119565.589 KLI515 350E MAINROAD
14120065.589 KLI515 360E EXIT
14121065.589 KLJ522 360E ENTRY
14121565.589 KLJ522 370E MAINROAD
14122065.589 KLJ522 380E EXIT
14123065.589 KLK529 0E ENTRY
14123565.589 KLK529 10E MAINROAD
14124065.589 KLK529 20E EXIT
14125065.589 KLL536 20E ENTRY
14125565.589 KLL536 30E MAINROAD
14126065.589 KLL536 40E EXIT
14127065.589 KLM543 40E ENTRY
14127565.589 KLM543 50E MAINROAD
14128065.589 KLM543 60E EXIT
14129065.589 KLN550 60E ENTRY
14129565.589 KLN550 70E MAINROAD
14130065.589 KLN550 80E EXIT
14131065.589 KLO557 80E ENTRY
14131565.589 KLO557 90E MAINROAD
14132065.589 KLO557 100E EXIT
14133065.589 KLP564 100E ENTRY
14133565.589 KLP564 110E MAINROAD
14134065.589 KLP564 120E EXIT
14135065.589 KLQ571 120E ENTRY
14135565.589 KLQ571 130E MAINROAD
14136065.589 KLQ571 140E EXIT
14137065.589 KLR578 140E ENTRY
14137565.589 KLR578 150E MAINROAD
14138065.589 KLR578 160E EXIT
14139065.589 KLS585 160E ENTRY
14139565.589 KLS585 170E MAINROAD
14140065.589 KLS585 180E EXIT
14141065.589 KLT592 180E ENTRY
14141565.589 KLT592 190E MAINROAD
14142065.589 KLT592 200E EXIT
14143065.589 KLU599 200E ENTRY
14143565.589 KLU599 210E MAINROAD
14144065.589 KLU599 220E EXIT
14145065.589 KLV606 220E ENTRY
14145565.589 KLV606 230E MAINROAD
14146065.589 KLV606 240E EXIT
14147065.589 KLW613 240E ENTRY
14147565.589 KLW613 250E MAINROAD
14148065.589 KLW613 260E EXIT
14149065.589 KLX620 260E ENTRY
14149565.589 KLX620 270E MAINROAD
14150065.589 KLX620 280E EXIT
14151065.589 KLY627 280E ENTRY
14151565.589 KLY627 290E MAINROAD
14152065.589 KLY627 300E EXIT
14153065.589 KLZ634 300E ENTRY
14153565.589 KLZ634 310E MAINROAD
14154065.589 KLZ634 320E EXIT
14155065.589 KMA641 320E ENTRY
14155565.589 KMA641 330E MAINROAD
14156065.589 KMA641 340E EXIT
14157065.589 KMB648 340E ENTRY
14157565.589 KMB648 350E MAINROAD
14158065.589 KMB648 360E EXIT
14159065.589 KMC655 360E ENTRY
14159565.589 KMC655 370E MAINROAD
14160065.589 KMC655 380E EXIT
14161065.589 KMD662 0E ENTRY
14161565.589 KMD662 10E MAINROAD
14162065.589 KMD662 20E EXIT
14163065.589 KME669 20E ENTRY
14163565.589 KME669 30E MAINROAD
14164065.589 KME669 40E EXIT
14165065.589 KMF676 40E ENTRY
14165565.589 KMF676 50E MAINROAD
14166065.589 KMF676 60E EXIT
14167065.589 KMG683 60E ENTRY
14167565.589 KMG683 70E MAINROAD
14168065.589 KMG683 80E EXIT
14169065.589 KMH690 80E ENTRY
14169565.589 KMH690 90E MAINROAD
14170065.589 KMH690 100E EXIT
14171065.589 KMI697 100E ENTRY
14171565.589 KMI697 110E MAINROAD
14172065.589 KMI697 120E EXIT
14173065.589 KMJ704 120E ENTRY
14173565.589 KMJ704 130E MAINROAD
14174065.589 KMJ704 140E EXIT
14175065.589 KMK711 140E ENTRY
14175565.589 KMK711 150E MAINROAD
14176065.589 KMK711 160E EXIT
14177065.589 KML718 160E ENTRY
14177565.589 KML718 170E MAINROAD
14178065.589 KML718 180E EXIT
14179065.589 KMM725 180E ENTRY
14179565.589 KMM725 190E MAINROAD
14180065.589 KMM725 200E EXIT
14181065.589 KMN732 200E ENTRY
14181565.589 KMN732 210E MAINROAD
14182065.589 KMN732 220E EXIT
14183065.589 KMO739 220E ENTRY
14183565.589 KMO739 230E MAINROAD
14184065.589 KMO739 240E EXIT
14185065.589 KMP746 240E ENTRY
14185565.589 KMP746 250E MAINROAD
14186065.589 KMP746 260E EXIT
14187065.589 KMQ753 260E ENTRY
14187565.589 KMQ753 270E MAINROAD
14188065.589 KMQ753 280E EXIT
14189065.589 KMR760 280E ENTRY
14189565.589 KMR760 290E MAINROAD
14190065.589 KMR760 300E EXIT
14191065.589 KMS767 300E ENTRY
14191565.589 KMS767 310E MAINROAD
14192065.589 KMS767 320E EXIT
14193065.589 KMT774 320E ENTRY
14193565.589 KMT774 330E MAINROAD
14194065.589 KMT774 340E EXIT
14195065.589 KMU781 340E ENTRY
14195565.589 KMU781 350E MAINROAD
14196065.589 KMU781 360E EXIT
14197065.589 KMV788 360E ENTRY
14197565.589 KMV788 370E MAINROAD
14198065.589 KMV788 380E EXIT
14199065.589 KMW795 0E ENTRY
14199565.589 KMW795 10E MAINROAD
14200065.589 KMW795 20E EXIT
14201065.589 KMX802 20E ENTRY
14201565.589 KMX802 30E MAINROAD
14202065.589 KMX802 40E EXIT
14203065.589 KMY809 40E ENTRY
14203565.589 KMY809 50E MAINROAD
14204065.589 KMY809 60E EXIT
14205065.589 KMZ816 60E ENTRY
14205565.589 KMZ816 70E MAINROAD
14206065.589 KMZ816 80E EXIT
14207065.589 KNA823 80E ENTRY
14207565.589 KNA823 90E MAINROAD
14208065.589 KNA823 100E EXIT
14209065.589 KNB830 100E ENTRY
14209565.589 KNB830 110E MAINROAD
14210065.589 KNB830 120E EXIT
14211065.589 KNC837 120E ENTRY
14211565.589 KNC837 130E MAINROAD
14212065.589 KNC837 140E EXIT
14213065.589 KND844 140E ENTRY
14213565.589 KND844 150E MAINROAD
14214065.589 KND844 160E EXIT
14215065.589 KNE851 160E ENTRY
14215565.589 KNE851 170E MAINROAD
14216065.589 KNE851 180E EXIT
14217065.589 KNF858 180E ENTRY
14217565.589 KNF858 190E MAINROAD
14218065.589 KNF858 200E EXIT
14219065.589 KNG865 200E ENTRY
14219565.589 KNG865 210E MAINROAD
14220065.589 KNG865 220E EXIT
14221065.589 KNH872 220E ENTRY
14221565.589 KNH872 230E MAINROAD
14222065.589 KNH872 240E EXIT
14223065.589 KNI879 240E ENTRY
14223565.589 KNI879 250E MAINROAD
14224065.589 KNI879 260E EXIT
14225065.589 KNJ886 260E ENTRY
14225565.589 KNJ886 270E MAINROAD
14226065.589 KNJ886 280E EXIT
14227065.589 KNK893 280E ENTRY
14227565.589 KNK893 290E MAINROAD
14228065.589 KNK893 300E EXIT
14229065.589 KNL900 300E ENTRY
14229565.589 KNL900 310E MAINROAD
14230065.589 KNL900 320E EXIT
14231065.589 KNM907 320E ENTRY
14231565.589 KNM907 330E MAINROAD
14232065.589 KNM907 340E EXIT
14233065.589 KNN914 340E ENTRY
14233565.589 KNN914 350E MAINROAD
14234065.589 KNN914 360E EXIT
14235065.589 KNO921 360E ENTRY
14235565.589 KNO921 370E MAINROAD
14236065.589 KNO921 380E EXIT
14237065.589 KNP928 0E ENTRY
14237565.589 KNP928 10E MAINROAD
14238065.589 KNP928 20E EXIT
14239065.589 KNQ935 20E ENTRY
14239565.589 KNQ935 30E MAINROAD
14240065.589 KNQ935 40E EXIT
14241065.589 KNR942 40E ENTRY
14241565.589 KNR942 50E MAINROAD
14242065.589 KNR942 60E EXIT
14243065.589 KNS949 60E ENTRY
14243565.589 KNS949 70E MAINROAD
14244065.589 KNS949 80E EXIT
14245065.589 KNT956 80E ENTRY
14245565.589 KNT956 90E MAINROAD
14246065.589 KNT956 100E EXIT
14247065.589 KNU963 100E ENTRY
14247565.589 KNU963 110E MAINROAD
14248065.589 KNU963 120E EXIT
14249065.589 KNV970 120E ENTRY
14249565.589 KNV970 130E MAINROAD
14250065.589 KNV970 140E EXIT
14251065.589 KNW977 140E ENTRY
14251565.589 KNW977 150E MAINROAD
14252065.589 KNW977 160E EXIT
14253065.589 KNX984 160E ENTRY
14253565.589 KNX984 170E MAINROAD
14254065.589 KNX984 180E EXIT
14255065.589 KNY991 180E ENTRY
14255565.589 KNY991 190E MAINROAD
14256065.589 KNY991 200E EXIT
14257065.589 KNZ998 200E ENTRY
14257565.589 KNZ998 210E MAINROAD
14258065.589 KNZ998 220E EXIT
14259065.589 KOA005 220E ENTRY
14259565.589 KOA005 230E MAINROAD
14260065.589 KOA005 240E EXIT
14261065.589 KOB012 240E ENTRY
14261565.589 KOB012 250E MAINROAD
14262065.589 KOB012 260E EXIT
14263065.589 KOC019 260E ENTRY
14263565.589 KOC019 270E MAINROAD
14264065.589 KOC019 280E EXIT
14265065.589 KOD026 280E ENTRY
14265565.589 KOD026 290E MAINROAD
14266065.589 KOD026 300E EXIT
14267065.589 KOE033 300E ENTRY
14267565.589 KOE033 310E MAINROAD
14268065.589 KOE033 320E EXIT
14269065.589 KOF040 320E ENTRY
14269565.589 KOF040 330E MAINROAD
14270065.589 KOF040 340E EXIT
14271065.589 KOG047 340E ENTRY
14271565.589 KOG047 350E MAINROAD
14272065.589 KOG047 360E EXIT
14273065.589 KOH054 360E ENTRY
14273565.589 KOH054 370E MAINROAD
14274065.589 KOH054 380E EXIT
14275065.589 KOI061 0E ENTRY
14275565.589 KOI061 10E MAINROAD
14276065.589 KOI061 20E EXIT
14277065.589 KOJ068 20E ENTRY
14277565.589 KOJ068 30E MAINROAD
14278065.589 KOJ068 40E EXIT
14279065.589 KOK075 40E ENTRY
14279565.589 KOK075 50E MAINROAD
14280065.589 KOK075 60E EXIT
14281065.589 KOL082 60E ENTRY
14281565.589 KOL082 70E MAINROAD
14282065.589 KOL082 80E EXIT
14283065.589 KOM089 80E ENTRY
14283565.589 KOM089 90E MAINROAD
14284065.589 KOM089 100E EXIT
14285065.589 KON096 100E ENTRY
14285565.589 KON096 110E MAINROAD
14286065.589 KON096 120E EXIT
14287065.589 KOO103 120E ENTRY
14287565.589 KOO103 130E MAINROAD
14288065.589 KOO103 140E EXIT
14289065.589 KOP110 140E ENTRY
14289565.589 KOP110 150E MAINROAD
14290065.589 KOP110 160E EXIT
14291065.589 KOQ117 160E ENTRY
14291565.589 KOQ117 170E MAINROAD
14292065.589 KOQ117 180E EXIT
14293065.589 KOR124 180E ENTRY
14293565.589 KOR124 190E MAINROAD
14294065.589 KOR124 200E EXIT
14295065.589 KOS131 200E ENTRY
14295565.589 KOS131 210E MAINROAD
14296065.589 KOS131 220E EXIT
14297065.589 KOT138 220E ENTRY
14297565.589 KOT138 230E MAINROAD
14298065.589 KOT138 240E EXIT
14299065.589 KOU145 240E ENTRY
14299565.589 KOU145 250E MAINROAD
14300065.589 KOU145 260E EXIT
14301065.589 KOV152 260E ENTRY
14301565.589 KOV152 270E MAINROAD
14302065.589 KOV152 280E EXIT
14303065.589 KOW159 280E ENTRY
14303565.589 KOW159 290E MAINROAD
14304065.589 KOW159 300E EXIT
14305065.589 KOX166 300E ENTRY
14305565.589 KOX166 310E MAINROAD
14306065.589 KOX166 320E EXIT
14307065.589 KOY173 320E ENTRY
14307565.589 KOY173 330E MAINROAD
14308065.589 KOY173 340E EXIT
14309065.589 KOZ180 340E ENTRY
14309565.589 KOZ180 350E MAINROAD
14310065.589 KOZ180 360E EXIT
14311065.589 KPA187 360E ENTRY
14311565.589 KPA187 370E MAINROAD
14312065.589 KPA187 380E EXIT
14313065.589 KPB194 0E ENTRY
14313565.589 KPB194 10E MAINROAD
14314065.589 KPB194 20E EXIT
14315065.589 KPC201 20E ENTRY
14315565.589 KPC201 30E MAINROAD
14316065.589 KPC201 40E EXIT
14317065.589 KPD208 40E ENTRY
14317565.589 KPD208 50E MAINROAD
14318065.589 KPD208 60E EXIT
14319065.589 KPE215 60E ENTRY
14319565.589 KPE215 70E MAINROAD
14320065.589 KPE215 80E EXIT
14321065.589 KPF222 80E ENTRY
14321565.589 KPF222 90E MAINROAD
14322065.589 KPF222 100E EXIT
14323065.589 KPG229 100E ENTRY
14323565.589 KPG229 110E MAINROAD
14324065.589 KPG229 120E EXIT
14325065.589 KPH236 120E ENTRY
14325565.589 KPH236 130E MAINROAD
14326065.589 KPH236 140E EXIT
14327065.589 KPI243 140E ENTRY
14327565.589 KPI243 150E MAINROAD
14328065.589 KPI243 160E EXIT
14329065.589 KPJ250 160E ENTRY
14329565.589 KPJ250 170E MAINROAD
14330065.589 KPJ250 180E EXIT
14331065.589 KPK257 180E ENTRY
14331565.589 KPK257 190E MAINROAD
14332065.589 KPK257 200E EXIT
14333065.589 KPL264 200E ENTRY
14333565.589 KPL264 210E MAINROAD
14334065.589 KPL264 220E EXIT
14335065.589 KPM271 220E ENTRY
14335565.589 KPM271 230E MAINROAD
14336065.589 KPM271 240E EXIT
14337065.589 KPN278 240E ENTRY
14337565.589 KPN278 250E MAINROAD
14338065.589 KPN278 260E EXIT
14339065.589 KPO285 260E ENTRY
14339565.589 KPO285 270E MAINROAD
14340065.589 KPO285 280E EXIT
14341065.589 KPP292 280E ENTRY
14341565.589 KPP292 290E MAINROAD
14342065.589 KPP292 300E EXIT
14343065.589 KPQ299 300E ENTRY
14343565.589 KPQ299 310E MAINROAD
14344065.589 KPQ299 320E EXIT
14345065.589 KPR306 320E ENTRY
14345565.589 KPR306 330E MAINROAD
14346065.589 KPR306 340E EXIT
14347065.589 KPS313 340E ENTRY
14347565.589 KPS313 350E MAINROAD
14348065.589 KPS313 360E EXIT
14349065.589 KPT320 360E ENTRY
14349565.589 KPT320 370E MAINROAD
14350065.589 KPT320 380E EXIT
14351065.589 KPU327 0E ENTRY
14351565.589 KPU327 10E MAINROAD
14352065.589 KPU327 20E EXIT
14353065.589 KPV334 20E ENTRY
14353565.589 KPV334 30E MAINROAD
14354065.589 KPV334 40E EXIT
14355065.589 KPW341 40E ENTRY
14355565.589 KPW341 50E MAINROAD
14356065.589 KPW341 60E EXIT
14357065.589 KPX348 60E ENTRY
14357565.589 KPX348 70E MAINROAD
14358065.589 KPX348 80E EXIT
14359065.589 KPY355 80E ENTRY
14359565.589 KPY355 90E MAINROAD
14360065.589 KPY355 100E EXIT
14361065.589 KPZ362 100E ENTRY
14361565.589 KPZ362 110E MAINROAD
14362065.589 KPZ362 120E EXIT
14363065.589 KQA369 120E ENTRY
14363565.589 KQA369 130E MAINROAD
14364065.589 KQA369 140E EXIT
14365065.589 KQB376 140E ENTRY
14365565.589 KQB376 150E MAINROAD
14366065.589 KQB376 160E EXIT
14367065.589 KQC383 160E ENTRY
14367565.589 KQC383 170E MAINROAD
14368065.589 KQC383 180E EXIT
14369065.589 KQD390 180E ENTRY
14369565.589 KQD390 190E MAINROAD
14370065.589 KQD390 200E EXIT
14371065.589 KQE397 200E ENTRY
14371565.589 KQE397 210E MAINROAD
14372065.589 KQE397 220E EXIT
14373065.589 KQF404 220E ENTRY
14373565.589 KQF404 230E MAINROAD
14374065.589 KQF404 240E EXIT
14375065.589 KQG411 240E ENTRY
14375565.589 KQG411 250E MAINROAD
14376065.589 KQG411 260E EXIT
14377065.589 KQH418 260E ENTRY
14377565.589 KQH418 270E MAINROAD
14378065.589 KQH418 280E EXIT
14379065.589 KQI425 280E ENTRY
14379565.589 KQI425 290E MAINROAD
14380065.589 KQI425 300E EXIT
14381065.589 KQJ432 300E ENTRY
14381565.589 KQJ432 310E MAINROAD
14382065.589 KQJ432 320E EXIT
14383065.589 KQK439 320E ENTRY
14383565.589 KQK439 330E MAINROAD
14384065.589 KQK439 340E EXIT
14385065.589 KQL446 340E ENTRY
14385565.589 KQL446 350E MAINROAD
14386065.589 KQL446 360E EXIT
14387065.589 KQM453 360E ENTRY
14387565.589 KQM453 370E MAINROAD
14388065.589 KQM453 380E EXIT
14389065.589 KQN460 0E ENTRY
14389565.589 KQN460 10E MAINROAD
14390065.589 KQN460 20E EXIT
14391065.589 KQO467 20E ENTRY
14391565.589 KQO467 30E MAINROAD
14392065.589 KQO467 40E EXIT
14393065.589 KQP474 40E ENTRY
14393565.589 KQP474 50E MAINROAD
14394065.589 KQP474 60E EXIT
14395065.589 KQQ481 60E ENTRY
14395565.589 KQQ481 70E MAINROAD
14396065.589 KQQ481 80E EXIT
14397065.589 KQR488 80E ENTRY
14397565.589 KQR488 90E MAINROAD
14398065.589 KQR488 100E EXIT
14399065.589 KQS495 100E ENTRY
14399565.589 KQS495 110E MAINROAD
14400065.589 KQS495 120E EXIT
14401065.589 KQT502 120E ENTRY
14401565.589 KQT502 130E MAINROAD
14402065.589 KQT502 140E EXIT
14403065.589 KQU509 140E ENTRY
14403565.589 KQU509 150E MAINROAD
14404065.589 KQU509 160E EXIT
14405065.589 KQV516 160E ENTRY
14405565.589 KQV516 170E MAINROAD
14406065.589 KQV516 180E EXIT
14407065.589 KQW523 180E ENTRY
14407565.589 KQW523 190E MAINROAD
14408065.589 KQW523 200E EXIT
14409065.589 KQX530 200E ENTRY
14409565.589 KQX530 210E MAINROAD
14410065.589 KQX530 220E EXIT
14411065.589 KQY537 220E ENTRY
14411565.589 KQY537 230E MAINROAD
14412065.589 KQY537 240E EXIT
14413065.589 KQZ544 240E ENTRY
14413565.589 KQZ544 250E MAINROAD
14414065.589 KQZ544 260E EXIT
14415065.589 KRA551 260E ENTRY
14415565.589 KRA551 270E MAINROAD
14416065.589 KRA551 280E EXIT
14417065.589 KRB558 280E ENTRY
14417565.589 KRB558 290E MAINROAD
14418065.589 KRB558 300E EXIT
14419065.589 KRC565 300E ENTRY
14419565.589 KRC565 310E MAINROAD
14420065.589 KRC565 320E EXIT
14421065.589 KRD572 320E ENTRY
14421565.589 KRD572 330E MAINROAD
14422065.589 KRD572 340E EXIT
14423065.589 KRE579 340E ENTRY
14423565.589 KRE579 350E MAINROAD
14424065.589 KRE579 360E EXIT
14425065.589 KRF586 360E ENTRY
14425565.589 KRF586 370E MAINROAD
14426065.589 KRF586 380E EXIT
14427065.589 KRG593 0E ENTRY
14427565.589 KRG593 10E MAINROAD
14428065.589 KRG593 20E EXIT
14429065.589 KRH600 20E ENTRY
14429565.589 KRH600 30E MAINROAD
14430065.589 KRH600 40E EXIT
14431065.589 KRI607 40E ENTRY
14431565.589 KRI607 50E MAINROAD
14432065.589 KRI607 60E EXIT
14433065.589 KRJ614 60E ENTRY
14433565.589 KRJ614 70E MAINROAD
14434065.589 KRJ614 80E EXIT
14435065.589 KRK621 80E ENTRY
14435565.589 KRK621 90E MAINROAD
14436065.589 KRK621 100E EXIT
14437065.589 KRL628 100E ENTRY
14437565.589 KRL628 110E MAINROAD
14438065.589 KRL628 120E EXIT
14439065.589 KRM635 120E ENTRY
14439565.589 KRM635 130E MAINROAD
14440065.589 KRM635 140E EXIT
14441065.589 KRN642 140E ENTRY
14441565.589 KRN642 150E MAINROAD
14442065.589 KRN642 160E EXIT
14443065.589 KRO649 160E ENTRY
14443565.589 KRO649 170E MAINROAD
14444065.589 KRO649 180E EXIT
14445065.589 KRP656 180E ENTRY
14445565.589 KRP656 190E MAINROAD
14446065.589 KRP656 200E EXIT
14447065.589 KRQ663 200E ENTRY
14447565.589 KRQ663 210E MAINROAD
14448065.589 KRQ663 220E EXIT
14449065.589 KRR670 220E ENTRY
14449565.589 KRR670 230E MAINROAD
14450065.589 KRR670 240E EXIT
14451065.589 KRS677 240E ENTRY
14451565.589 KRS677 250E MAINROAD
14452065.589 KRS677 260E EXIT
14453065.589 KRT684 260E ENTRY
14453565.589 KRT684 270E MAINROAD
14454065.589 KRT684 280E EXIT
14455065.589 KRU691 280E ENTRY
14455565.589 KRU691 290E MAINROAD
14456065.589 KRU691 300E EXIT
14457065.589 KRV698 300E ENTRY
14457565.589 KRV698 310E MAINROAD
14458065.589 KRV698 320E EXIT
14459065.589 KRW705 320E ENTRY
14459565.589 KRW705 330E MAINROAD
14460065.589 KRW705 340E EXIT
14461065.589 KRX712 340E ENTRY
14461565.589 KRX712 350E MAINROAD
14462065.589 KRX712 360E EXIT
14463065.589 KRY719 360E ENTRY
14463565.589 KRY719 370E MAINROAD
14464065.589 KRY719 380E EXIT
14465065.589 KRZ726 0E ENTRY
14465565.589 KRZ726 10E MAINROAD
14466065.589 KRZ726 20E EXIT
14467065.589 KSA733 20E ENTRY
14467565.589 KSA733 30E MAINROAD
14468065.589 KSA733 40E EXIT
14469065.589 KSB740 40E ENTRY
14469565.589 KSB740 50E MAINROAD
14470065.589 KSB740 60E EXIT
14471065.589 KSC747 60E ENTRY
14471565.589 KSC747 70E MAINROAD
14472065.589 KSC747 80E EXIT
14473065.589 KSD754 80E ENTRY
14473565.589 KSD754 90E MAINROAD
14474065.589 KSD754 100E EXIT
14475065.589 KSE761 100E ENTRY
14475565.589 KSE761 110E MAINROAD
14476065.589 KSE761 120E EXIT
14477065.589 KSF768 120E ENTRY
14477565.589 KSF768 130E MAINROAD
14478065.589 KSF768 140E EXIT
14479065.589 KSG775 140E ENTRY
14479565.589 KSG775 150E MAINROAD
14480065.589 KSG775 160E EXIT
14481065.589 KSH782 160E ENTRY
14481565.589 KSH782 170E MAINROAD
14482065.589 KSH782 180E EXIT
14483065.589 KSI789 180E ENTRY
14483565.589 KSI789 190E MAINROAD
14484065.589 KSI789 200E EXIT
14485065.589 KSJ796 200E ENTRY
14485565.589 KSJ796 210E MAINROAD
14486065.589 KSJ796 220E EXIT
14487065.589 KSK803 220E ENTRY
14487565.589 KSK803 230E MAINROAD
14488065.589 KSK803 240E EXIT
14489065.589 KSL810 240E ENTRY
14489565.589 KSL810 250E MAINROAD
14490065.589 KSL810 260E EXIT
14491065.589 KSM817 260E ENTRY
14491565.589 KSM817 270E MAINROAD
14492065.589 KSM817 280E EXIT
14493065.589 KSN824 280E ENTRY
14493565.589 KSN824 290E MAINROAD
14494065.589 KSN824 300E EXIT
14495065.589 KSO831 300E ENTRY
14495565.589 KSO831 310E MAINROAD
14496065.589 KSO831 320E EXIT
14497065.589 KSP838 320E ENTRY
14497565.589 KSP838 330E MAINROAD
14498065.589 KSP838 340E EXIT
14499065.589 KSQ845 340E ENTRY
14499565.589 KSQ845 350E MAINROAD
14500065.589 KSQ845 360E EXIT
14501065.589 KSR852 360E ENTRY
14501565.589 KSR852 370E MAINROAD
14502065.589 KSR852 380E EXIT
14503065.589 KSS859 0E ENTRY
14503565.589 KSS859 10E MAINROAD
14504065.589 KSS859 20E EXIT
14505065.589 KST866 20E ENTRY
14505565.589 KST866 30E MAINROAD
14506065.589 KST866 40E EXIT
14507065.589 KSU873 40E ENTRY
14507565.589 KSU873 50E MAINROAD
14508065.589 KSU873 60E EXIT
14509065.589 KSV880 60E ENTRY
14509565.589 KSV880 70E MAINROAD
14510065.589 KSV880 80E EXIT
14511065.589 KSW887 80E ENTRY
14511565.589 KSW887 90E MAINROAD
14512065.589 KSW887 100E EXIT
14513065.589 KSX894 100E ENTRY
14513565.589 KSX894 110E MAINROAD
14514065.589 KSX894 120E EXIT
14515065.589 KSY901 120E ENTRY
14515565.589 KSY901 130E MAINROAD
14516065.589 KSY901 140E EXIT
14517065.589 KSZ908 140E ENTRY
14517565.589 KSZ908 150E MAINROAD
14518065.589 KSZ908 160E EXIT
14519065.589 KTA915 160E ENTRY
14519565.589 KTA915 170E MAINROAD
14520065.589 KTA915 180E EXIT
14521065.589 KTB922 180E ENTRY
14521565.589 KTB922 190E MAINROAD
14522065.589 KTB922 200E EXIT
14523065.589 KTC929 200E ENTRY
14523565.589 KTC929 210E MAINROAD
14524065.589 KTC929 220E EXIT
14525065.589 KTD936 220E ENTRY
14525565.589 KTD936 230E MAINROAD
14526065.589 KTD936 240E EXIT
14527065.589 KTE943 240E ENTRY
14527565.589 KTE943 250E MAINROAD
14528065.589 KTE943 260E EXIT
14529065.589 KTF950 260E ENTRY
14529565.589 KTF950 270E MAINROAD
14530065.589 KTF950 280E EXIT
14531065.589 KTG957 280E ENTRY
14531565.589 KTG957 290E MAINROAD
14532065.589 KTG957 300E EXIT
14533065.589 KTH964 300E ENTRY
14533565.589 KTH964 310E MAINROAD
14534065.589 KTH964 320E EXIT
14535065.589 KTI971 320E ENTRY
14535565.589 KTI971 330E MAINROAD
14536065.589 KTI971 340E EXIT
14537065.589 KTJ978 340E ENTRY
14537565.589 KTJ978 350E MAINROAD
14538065.589 KTJ978 360E EXIT
14539065.589 KTK985 360E ENTRY
14539565.589 KTK985 370E MAINROAD
14540065.589 KTK985 380E EXIT
14541065.589 KTL992 0E ENTRY
14541565.589 KTL992 10E MAINROAD
14542065.589 KTL992 20E EXIT
14543065.589 KTM999 20E ENTRY
14543565.589 KTM999 30E MAINROAD
14544065.589 KTM999 40E EXIT
14545065.589 KTN006 40E ENTRY
14545565.589 KTN006 50E MAINROAD
14546065.589 KTN006 60E EXIT
14547065.589 KTO013 60E ENTRY
14547565.589 KTO013 70E MAINROAD
14548065.589 KTO013 80E EXIT
14549065.589 KTP020 80E ENTRY
14549565.589 KTP020 90E MAINROAD
14550065.589 KTP020 100E EXIT
14551065.589 KTQ027 100E ENTRY
14551565.589 KTQ027 110E MAINROAD
14552065.589 KTQ027 120E EXIT
14553065.589 KTR034 120E ENTRY
14553565.589 KTR034 130E MAINROAD
14554065.589 KTR034 140E EXIT
14555065.589 KTS041 140E ENTRY
14555565.589 KTS041 150E MAINROAD
14556065.589 KTS041 160E EXIT
14557065.589 KTT048 160E ENTRY
14557565.589 KTT048 170E MAINROAD
14558065.589 KTT048 180E EXIT
14559065.589 KTU055 180E ENTRY
14559565.589 KTU055 190E MAINROAD
14560065.589 KTU055 200E EXIT
14561065.589 KTV062 200E ENTRY
14561565.589 KTV062 210E MAINROAD
14562065.589 KTV062 220E EXIT
14563065.589 KTW069 220E ENTRY
14563565.589 KTW069 230E MAINROAD
14564065.589 KTW069 240E EXIT
14565065.589 KTX076 240E ENTRY
14565565.589 KTX076 250E MAINROAD
14566065.589 KTX076 260E EXIT
14567065.589 KTY083 260E ENTRY
14567565.589 KTY083 270E MAINROAD
14568065.589 KTY083 280E EXIT
14569065.589 KTZ090 280E ENTRY
14569565.589 KTZ090 290E MAINROAD
14570065.589 KTZ090 300E EXIT
14571065.589 KUA097 300E ENTRY
14571565.589 KUA097 310E MAINROAD
14572065.589 KUA097 320E EXIT
14573065.589 KUB104 320E ENTRY
14573565.589 KUB104 330E MAINROAD
14574065.589 KUB104 340E EXIT
14575065.589 KUC111 340E ENTRY
14575565.589 KUC111 350E MAINROAD
14576065.589 KUC111 360E EXIT
14577065.589 KUD118 360E ENTRY
14577565.589 KUD118 370E MAINROAD
14578065.589 KUD118 380E EXIT
14579065.589 KUE125 0E ENTRY
14579565.589 KUE125 10E MAINROAD
14580065.589 KUE125 20E EXIT
14581065.589 KUF132 20E ENTRY
14581565.589 KUF132 30E MAINROAD
14582065.589 KUF132 40E EXIT
14583065.589 KUG139 40E ENTRY
14583565.589 KUG139 50E MAINROAD
14584065.589 KUG139 60E EXIT
14585065.589 KUH146 60E ENTRY
14585565.589 KUH146 70E MAINROAD
14586065.589 KUH146 80E EXIT
14587065.589 KUI153 80E ENTRY
14587565.589 KUI153 90E MAINROAD
14588065.589 KUI153 100E EXIT
14589065.589 KUJ160 100E ENTRY
14589565.589 KUJ160 110E MAINROAD
14590065.589 KUJ160 120E EXIT
14591065.589 KUK167 120E ENTRY
14591565.589 KUK167 130E MAINROAD
14592065.589 KUK167 140E EXIT
14593065.589 KUL174 140E ENTRY
14593565.589 KUL174 150E MAINROAD
14594065.589 KUL174 160E EXIT
14595065.589 KUM181 160E ENTRY
14595565.589 KUM181 170E MAINROAD
14596065.589 KUM181 180E EXIT
14597065.589 KUN188 180E ENTRY
14597565.589 KUN188 190E MAINROAD
14598065.589 KUN188 200E EXIT
14599065.589 KUO195 200E ENTRY
14599565.589 KUO195 210E MAINROAD
14600065.589 KUO195 220E EXIT
14601065.589 KUP202 220E ENTRY
14601565.589 KUP202 230E MAINROAD
14602065.589 KUP202 240E EXIT
14603065.589 KUQ209 240E ENTRY
14603565.589 KUQ209 250E MAINROAD
14604065.589 KUQ209 260E EXIT
14605065.589 KUR216 260E ENTRY
14605565.589 KUR216 270E MAINROAD
14606065.589 KUR216 280E EXIT
14607065.589 KUS223 280E ENTRY
14607565.589 KUS223 290E MAINROAD
14608065.589 KUS223 300E EXIT
14609065.589 KUT230 300E ENTRY
14609565.589 KUT230 310E MAINROAD
14610065.589 KUT230 320E EXIT
14611065.589 KUU237 320E ENTRY
14611565.589 KUU237 330E MAINROAD
14612065.589 KUU237 340E EXIT
14613065.589 KUV244 340E ENTRY
14613565.589 KUV244 350E MAINROAD
14614065.589 KUV244 360E EXIT
14615065.589 KUW251 360E ENTRY
14615565.589 KUW251 370E MAINROAD
14616065.589 KUW251 380E EXIT
14617065.589 KUX258 0E ENTRY
14617565.589 KUX258 10E MAINROAD
14618065.589 KUX258 20E EXIT
14619065.589 KUY265 20E ENTRY
14619565.589 KUY265 30E MAINROAD
14620065.589 KUY265 40E EXIT
14621065.589 KUZ272 40E ENTRY
14621565.589 KUZ272 50E MAINROAD
14622065.589 KUZ272 60E EXIT
14623065.589 KVA279 60E ENTRY
14623565.589 KVA279 70E MAINROAD
14624065.589 KVA279 80E EXIT
14625065.589 KVB286 80E ENTRY
14625565.589 KVB286 90E MAINROAD
14626065.589 KVB286 100E EXIT
14627065.589 KVC293 100E ENTRY
14627565.589 KVC293 110E MAINROAD
14628065.589 KVC293 120E EXIT
14629065.589 KVD300 120E ENTRY
14629565.589 KVD300 130E MAINROAD
14630065.589 KVD300 140E EXIT
14631065.589 KVE307 140E ENTRY
14631565.589 KVE307 150E MAINROAD
14632065.589 KVE307 160E EXIT
14633065.589 KVF314 160E ENTRY
14633565.589 KVF314 170E MAINROAD
14634065.589 KVF314 180E EXIT
14635065.589 KVG321 180E ENTRY
14635565.589 KVG321 190E MAINROAD
14636065.589 KVG321 200E EXIT
14637065.589 KVH328 200E ENTRY
14637565.589 KVH328 210E MAINROAD
14638065.589 KVH328 220E EXIT
14639065.589 KVI335 220E ENTRY
14639565.589 KVI335 230E MAINROAD
14640065.589 KVI335 240E EXIT
14641065.589 KVJ342 240E ENTRY
14641565.589 KVJ342 250E MAINROAD
14642065.589 KVJ342 260E EXIT
14643065.589 KVK349 260E ENTRY
14643565.589 KVK349 270E MAINROAD
14644065.589 KVK349 280E EXIT
14645065.589 KVL356 280E ENTRY
14645565.589 KVL356 290E MAINROAD
14646065.589 KVL356 300E EXIT
14647065.589 KVM363 300E ENTRY
14647565.589 KVM363 310E MAINROAD
14648065.589 KVM363 320E EXIT
14649065.589 KVN370 320E ENTRY
14649565.589 KVN370 330E MAINROAD
14650065.589 KVN370 340E EXIT
14651065.589 KVO377 340E ENTRY
14651565.589 KVO377 350E MAINROAD
14652065.589 KVO377 360E EXIT
14653065.589 KVP384 360E ENTRY
14653565.589 KVP384 370E MAINROAD
14654065.589 KVP384 380E EXIT
14655065.589 KVQ391 0E ENTRY
14655565.589 KVQ391 10E MAINROAD
14656065.589 KVQ391 20E EXIT
14657065.589 KVR398 20E ENTRY
14657565.589 KVR398 30E MAINROAD
14658065.589 KVR398 40E EXIT
14659065.589 KVS405 40E ENTRY
14659565.589 KVS405 50E MAINROAD
14660065.589 KVS405 60E EXIT
14661065.589 KVT412 60E ENTRY
14661565.589 KVT412 70E MAINROAD
14662065.589 KVT412 80E EXIT
14663065.589 KVU419 80E ENTRY
14663565.589 KVU419 90E MAINROAD
14664065.589 KVU419 100E EXIT
14665065.589 KVV426 100E ENTRY
14665565.589 KVV426 110E MAINROAD
14666065.589 KVV426 120E EXIT
14667065.589 KVW433 120E ENTRY
14667565.589 KVW433 130E MAINROAD
14668065.589 KVW433 140E EXIT
14669065.589 KVX440 140E ENTRY
14669565.589 KVX440 150E MAINROAD
14670065.589 KVX440 160E EXIT
14671065.589 KVY447 160E ENTRY
14671565.589 KVY447 170E MAINROAD
14672065.589 KVY447 180E EXIT
14673065.589 KVZ454 180E ENTRY
14673565.589 KVZ454 190E MAINROAD
14674065.589 KVZ454 200E EXIT
14675065.589 KWA461 200E ENTRY
14675565.589 KWA461 210E MAINROAD
14676065.589 KWA461 220E EXIT
14677065.589 KWB468 220E ENTRY
14677565.589 KWB468 230E MAINROAD
14678065.589 KWB468 240E EXIT
14679065.589 KWC475 240E ENTRY
14679565.589 KWC475 250E MAINROAD
14680065.589 KWC475 260E EXIT
14681065.589 KWD482 260E ENTRY
14681565.589 KWD482 270E MAINROAD
14682065.589 KWD482 280E EXIT
14683065.589 KWE489 280E ENTRY
14683565.589 KWE489 290E MAINROAD
14684065.589 KWE489 300E EXIT
14685065.589 KWF496 300E ENTRY
14685565.589 KWF496 310E MAINROAD
14686065.589 KWF496 320E EXIT
14687065.589 KWG503 320E ENTRY
14687565.589 KWG503 330E MAINROAD
14688065.589 KWG503 340E EXIT
14689065.589 KWH510 340E ENTRY
14689565.589 KWH510 350E MAINROAD
14690065.589 KWH510 360E EXIT
14691065.589 KWI517 360E ENTRY
14691565.589 KWI517 370E MAINROAD
14692065.589 KWI517 380E EXIT
14693065.589 KWJ524 0E ENTRY
14693565.589 KWJ524 10E MAINROAD
14694065.589 KWJ524 20E EXIT
14695065.589 KWK531 20E ENTRY
14695565.589 KWK531 30E MAINROAD
14696065.589 KWK531 40E EXIT
14697065.589 KWL538 40E ENTRY
14697565.589 KWL538 50E MAINROAD
14698065.589 KWL538 60E EXIT
14699065.589 KWM545 60E ENTRY
14699565.589 KWM545 70E MAINROAD
14700065.589 KWM545 80E EXIT
14701065.589 KWN552 80E ENTRY
14701565.589 KWN552 90E MAINROAD
14702065.589 KWN552 100E EXIT
14703065.589 KWO559 100E ENTRY
14703565.589 KWO559 110E MAINROAD
14704065.589 KWO559 120E EXIT
14705065.589 KWP566 120E ENTRY
14705565.589 KWP566 130E MAINROAD
14706065.589 KWP566 140E EXIT
14707065.589 KWQ573 140E ENTRY
14707565.589 KWQ573 150E MAINROAD
14708065.589 KWQ573 160E EXIT
14709065.589 KWR580 160E ENTRY
14709565.589 KWR580 170E MAINROAD
14710065.589 KWR580 180E EXIT
14711065.589 KWS587 180E ENTRY
14711565.589 KWS587 190E MAINROAD
14712065.589 KWS587 200E EXIT
14713065.589 KWT594 200E ENTRY
14713565.589 KWT594 210E MAINROAD
14714065.589 KWT594 220E EXIT
14715065.589 KWU601 220E ENTRY
14715565.589 KWU601 230E MAINROAD
14716065.589 KWU601 240E EXIT
14717065.589 KWV608 240E ENTRY
14717565.589 KWV608 250E MAINROAD
14718065.589 KWV608 260E EXIT
14719065.589 KWW615 260E ENTRY
14719565.589 KWW615 270E MAINROAD
14720065.589 KWW615 280E EXIT
14721065.589 KWX622 280E ENTRY
14721565.589 KWX622 290E MAINROAD
14722065.589 KWX622 300E EXIT
14723065.589 KWY629 300E ENTRY
14723565.589 KWY629 310E MAINROAD
14724065.589 KWY629 320E EXIT
14725065.589 KWZ636 320E ENTRY
14725565.589 KWZ636 330E MAINROAD
14726065.589 KWZ636 340E EXIT
14727065.589 KXA643 340E ENTRY
14727565.589 KXA643 350E MAINROAD
14728065.589 KXA643 360E EXIT
14729065.589 KXB650 360E ENTRY
14729565.589 KXB650 370E MAINROAD
14730065.589 KXB650 380E EXIT
14731065.589 KXC657 0E ENTRY
14731565.589 KXC657 10E MAINROAD
14732065.589 KXC657 20E EXIT
14733065.589 KXD664 20E ENTRY
14733565.589 KXD664 30E MAINROAD
14734065.589 KXD664 40E EXIT
14735065.589 KXE671 40E ENTRY
14735565.589 KXE671 50E MAINROAD
14736065.589 KXE671 60E EXIT
14737065.589 KXF678 60E ENTRY
14737565.589 KXF678 70E MAINROAD
14738065.589 KXF678 80E EXIT
14739065.589 KXG685 80E ENTRY
14739565.589 KXG685 90E MAINROAD
14740065.589 KXG685 100E EXIT
14741065.589 KXH692 100E ENTRY
14741565.589 KXH692 110E MAINROAD
14742065.589 KXH692 120E EXIT
14743065.589 KXI699 120E ENTRY
14743565.589 KXI699 130E MAINROAD
14744065.589 KXI699 140E EXIT
14745065.589 KXJ706 140E ENTRY
14745565.589 KXJ706 150E MAINROAD
14746065.589 KXJ706 160E EXIT
14747065.589 KXK713 160E ENTRY
14747565.589 KXK713 170E MAINROAD
14748065.589 KXK713 180E EXIT
14749065.589 KXL720 180E ENTRY
14749565.589 KXL720 190E MAINROAD
14750065.589 KXL720 200E EXIT
14751065.589 KXM727 200E ENTRY
14751565.589 KXM727 210E MAINROAD
14752065.589 KXM727 220E EXIT
14753065.589 KXN734 220E ENTRY
14753565.589 KXN734 230E MAINROAD
14754065.589 KXN734 240E EXIT
14755065.589 KXO741 240E ENTRY
14755565.589 KXO741 250E MAINROAD
14756065.589 KXO741 260E EXIT
14757065.589 KXP748 260E ENTRY
14757565.589 KXP748 270E MAINROAD
14758065.589 KXP748 280E EXIT
14759065.589 KXQ755 280E ENTRY
14759565.589 KXQ755 290E MAINROAD
14760065.589 KXQ755 300E EXIT
14761065.589 KXR762 300E ENTRY
14761565.589 KXR762 310E MAINROAD
14762065.589 KXR762 320E EXIT
14763065.589 KXS769 320E ENTRY
14763565.589 KXS769 330E MAINROAD
14764065.589 KXS769 340E EXIT
14765065.589 KXT776 340E ENTRY
14765565.589 KXT776 350E MAINROAD
14766065.589 KXT776 360E EXIT
14767065.589 KXU783 360E ENTRY
14767565.589 KXU783 370E MAINROAD
14768065.589 KXU783 380E EXIT
14769065.589 KXV790 0E ENTRY
14769565.589 KXV790 10E MAINROAD
14770065.589 KXV790 20E EXIT
14771065.589 KXW797 20E ENTRY
14771565.589 KXW797 30E MAINROAD
14772065.589 KXW797 40E EXIT
14773065.589 KXX804 40E ENTRY
14773565.589 KXX804 50E MAINROAD
14774065.589 KXX804 60E EXIT
14775065.589 KXY811 60E ENTRY
14775565.589 KXY811 70E MAINROAD
14776065.589 KXY811 80E EXIT
14777065.589 KXZ818 80E ENTRY
14777565.589 KXZ818 90E MAINROAD
14778065.589 KXZ818 100E EXIT
14779065.589 KYA825 100E ENTRY
14779565.589 KYA825 110E MAINROAD
14780065.589 KYA825 120E EXIT
14781065.589 KYB832 120E ENTRY
14781565.589 KYB832 130E MAINROAD
14782065.589 KYB832 140E EXIT
14783065.589 KYC839 140E ENTRY
14783565.589 KYC839 150E MAINROAD
14784065.589 KYC839 160E EXIT
14785065.589 KYD846 160E ENTRY
14785565.589 KYD846 170E MAINROAD
14786065.589 KYD846 180E EXIT
14787065.589 KYE853 180E ENTRY
14787565.589 KYE853 190E MAINROAD
14788065.589 KYE853 200E EXIT
14789065.589 KYF860 200E ENTRY
14789565.589 KYF860 210E MAINROAD
14790065.589 KYF860 220E EXIT
14791065.589 KYG867 220E ENTRY
14791565.589 KYG867 230E MAINROAD
14792065.589 KYG867 240E EXIT
14793065.589 KYH874 240E ENTRY
14793565.589 KYH874 250E MAINROAD
14794065.589 KYH874 260E EXIT
14795065.589 KYI881 260E ENTRY
14795565.589 KYI881 270E MAINROAD
14796065.589 KYI881 280E EXIT
14797065.589 KYJ888 280E ENTRY
14797565.589 KYJ888 290E MAINROAD
14798065.589 KYJ888 300E EXIT
14799065.589 KYK895 300E ENTRY
14799565.589 KYK895 310E MAINROAD
14800065.589 KYK895 320E EXIT
14801065.589 KYL902 320E ENTRY
14801565.589 KYL902 330E MAINROAD
14802065.589 KYL902 340E EXIT
14803065.589 KYM909 340E ENTRY
14803565.589 KYM909 350E MAINROAD
14804065.589 KYM909 360E EXIT
14805065.589 KYN916 360E ENTRY
14805565.589 KYN916 370E MAINROAD
14806065.589 KYN916 380E EXIT
14807065.589 KYO923 0E ENTRY
14807565.589 KYO923 10E MAINROAD
14808065.589 KYO923 20E EXIT
14809065.589 KYP930 20E ENTRY
14809565.589 KYP930 30E MAINROAD
14810065.589 KYP930 40E EXIT
14811065.589 KYQ937 40E ENTRY
14811565.589 KYQ937 50E MAINROAD
14812065.589 KYQ937 60E EXIT
14813065.589 KYR944 60E ENTRY
14813565.589 KYR944 70E MAINROAD
14814065.589 KYR944 80E EXIT
14815065.589 KYS951 80E ENTRY
14815565.589 KYS951 90E MAINROAD
14816065.589 KYS951 100E EXIT
14817065.589 KYT958 100E ENTRY
14817565.589 KYT958 110E MAINROAD
14818065.589 KYT958 120E EXIT
14819065.589 KYU965 120E ENTRY
14819565.589 KYU965 130E MAINROAD
14820065.589 KYU965 140E EXIT
14821065.589 KYV972 140E ENTRY
14821565.589 KYV972 150E MAINROAD
14822065.589 KYV972 160E EXIT
14823065.589 KYW979 160E ENTRY
14823565.589 KYW979 170E MAINROAD
14824065.589 KYW979 180E EXIT
14825065.589 KYX986 180E ENTRY
14825565.589 KYX986 190E MAINROAD
14826065.589 KYX986 200E EXIT
14827065.589 KYY993 200E ENTRY
14827565.589 KYY993 210E MAINROAD
14828065.589 KYY993 220E EXIT
14829065.589 KYZ000 220E ENTRY
14829565.589 KYZ000 230E MAINROAD
14830065.589 KYZ000 240E EXIT
14831065.589 KZA007 240E ENTRY
14831565.589 KZA007 250E MAINROAD
14832065.589 KZA007 260E EXIT
14833065.589 KZB014 260E ENTRY
14833565.589 KZB014 270E MAINROAD
14834065.589 KZB014 280E EXIT
14835065.589 KZC021 280E ENTRY
14835565.589 KZC021 290E MAINROAD
14836065.589 KZC021 300E EXIT
14837065.589 KZD028 300E ENTRY
14837565.589 KZD028 310E MAINROAD
14838065.589 KZD028 320E EXIT
14839065.589 KZE035 320E ENTRY
14839565.589 KZE035 330E MAINROAD
14840065.589 KZE035 340E EXIT
14841065.589 KZF042 340E ENTRY
14841565.589 KZF042 350E MAINROAD
14842065.589 KZF042 360E EXIT
14843065.589 KZG049 360E ENTRY
14843565.589 KZG049 370E MAINROAD
14844065.589 KZG049 380E EXIT
14845065.589 KZH056 0E ENTRY
14845565.589 KZH056 10E MAINROAD
14846065.589 KZH056 20E EXIT
14847065.589 KZI063 20E ENTRY
14847565.589 KZI063 30E MAINROAD
14848065.589 KZI063 40E EXIT
14849065.589 KZJ070 40E ENTRY
14849565.589 KZJ070 50E MAINROAD
14850065.589 KZJ070 60E EXIT
14851065.589 KZK077 60E ENTRY
14851565.589 KZK077 70E MAINROAD
14852065.589 KZK077 80E EXIT
14853065.589 KZL084 80E ENTRY
14853565.589 KZL084 90E MAINROAD
14854065.589 KZL084 100E EXIT
14855065.589 KZM091 100E ENTRY
14855565.589 KZM091 110E MAINROAD
14856065.589 KZM091 120E EXIT
14857065.589 KZN098 120E ENTRY
14857565.589 KZN098 130E MAINROAD
14858065.589 KZN098 140E EXIT
14859065.589 KZO105 140E ENTRY
14859565.589 KZO105 150E MAINROAD
14860065.589 KZO105 160E EXIT
14861065.589 KZP112 160E ENTRY
14861565.589 KZP112 170E MAINROAD
14862065.589 KZP112 180E EXIT
14863065.589 KZQ119 180E ENTRY
14863565.589 KZQ119 190E MAINROAD
14864065.589 KZQ119 200E EXIT
14865065.589 KZR126 200E ENTRY
14865565.589 KZR126 210E MAINROAD
14866065.589 KZR126 220E EXIT
14867065.589 KZS133 220E ENTRY
14867565.589 KZS133 230E MAINROAD
14868065.589 KZS133 240E EXIT
14869065.589 KZT140 240E ENTRY
14869565.589 KZT140 250E MAINROAD
14870065.589 KZT140 260E EXIT
14871065.589 KZU147 260E ENTRY
14871565.589 KZU147 270E MAINROAD
14872065.589 KZU147 280E EXIT
14873065.589 KZV154 280E ENTRY
14873565.589 KZV154 290E MAINROAD
14874065.589 KZV154 300E EXIT
14875065.589 KZW161 300E ENTRY
14875565.589 KZW161 310E MAINROAD
14876065.589 KZW161 320E EXIT
14877065.589 KZX168 320E ENTRY
14877565.589 KZX168 330E MAINROAD
14878065.589 KZX168 340E EXIT
14879065.589 KZY175 340E ENTRY
14879565.589 KZY175 350E MAINROAD
14880065.589 KZY175 360E EXIT
14881065.589 KZZ182 360E ENTRY
14881565.589 KZZ182 370E MAINROAD
14882065.589 KZZ182 380E EXIT
14883065.589 LAA189 0E ENTRY
14883565.589 LAA189 10E MAINROAD
14884065.589 LAA189 20E EXIT
14885065.589 LAB196 20E ENTRY
14885565.589 LAB196 30E MAINROAD
14886065.589 LAB196 40E EXIT
14887065.589 LAC203 40E ENTRY
14887565.589 LAC203 50E MAINROAD
14888065.589 LAC203 60E EXIT
14889065.589 LAD210 60E ENTRY
14889565.589 LAD210 70E MAINROAD
14890065.589 LAD210 80E EXIT
14891065.589 LAE217 80E ENTRY
14891565.589 LAE217 90E MAINROAD
14892065.589 LAE217 100E EXIT
14893065.589 LAF224 100E ENTRY
14893565.589 LAF224 110E MAINROAD
14894065.589 LAF224 120E EXIT
14895065.589 LAG231 120E ENTRY
14895565.589 LAG231 130E MAINROAD
14896065.589 LAG231 140E EXIT
14897065.589 LAH238 140E ENTRY
14897565.589 LAH238 150E MAINROAD
14898065.589 LAH238 160E EXIT
14899065.589 LAI245 160E ENTRY
14899565.589 LAI245 170E MAINROAD
14900065.589 LAI245 180E EXIT
14901065.589 LAJ252 180E ENTRY
14901565.589 LAJ252 190E MAINROAD
14902065.589 LAJ252 200E EXIT
14903065.589 LAK259 200E ENTRY
14903565.589 LAK259 210E MAINROAD
14904065.589 LAK259 220E EXIT
14905065.589 LAL266 220E ENTRY
14905565.589 LAL266 230E MAINROAD
14906065.589 LAL266 240E EXIT
14907065.589 LAM273 240E ENTRY
14907565.589 LAM273 250E MAINROAD
14908065.589 LAM273 260E EXIT
14909065.589 LAN280 260E ENTRY
14909565.589 LAN280 270E MAINROAD
14910065.589 LAN280 280E EXIT
14911065.589 LAO287 280E ENTRY
14911565.589 LAO287 290E MAINROAD
14912065.589 LAO287 300E EXIT
14913065.589 LAP294 300E ENTRY
14913565.589 LAP294 310E MAINROAD
14914065.589 LAP294 320E EXIT
14915065.589 LAQ301 320E ENTRY
14915565.589 LAQ301 330E MAINROAD
14916065.589 LAQ301 340E EXIT
14917065.589 LAR308 340E ENTRY
14917565.589 LAR308 350E MAINROAD
14918065.589 LAR308 360E EXIT
14919065.589 LAS315 360E ENTRY
14919565.589 LAS315 370E MAINROAD
14920065.589 LAS315 380E EXIT
14921065.589 LAT322 0E ENTRY
14921565.589 LAT322 10E MAINROAD
14922065.589 LAT322 20E EXIT
14923065.589 LAU329 20E ENTRY
14923565.589 LAU329 30E MAINROAD
14924065.589 LAU329 40E EXIT
14925065.589 LAV336 40E ENTRY
14925565.589 LAV336 50E MAINROAD
14926065.589 LAV336 60E EXIT
14927065.589 LAW343 60E ENTRY
14927565.589 LAW343 70E MAINROAD
14928065.589 LAW343 80E EXIT
14929065.589 LAX350 80E ENTRY
14929565.589 LAX350 90E MAINROAD
14930065.589 LAX350 100E EXIT
14931065.589 LAY357 100E ENTRY
14931565.589 LAY357 110E MAINROAD
14932065.589 LAY357 120E EXIT
14933065.589 LAZ364 120E ENTRY
14933565.589 LAZ364 130E MAINROAD
14934065.589 LAZ364 140E EXIT
14935065.589 LBA371 140E ENTRY
14935565.589 LBA371 150E MAINROAD
14936065.589 LBA371 160E EXIT
14937065.589 LBB378 160E ENTRY
14937565.589 LBB378 170E MAINROAD
14938065.589 LBB378 180E EXIT
14939065.589 LBC385 180E ENTRY
14939565.589 LBC385 190E MAINROAD
14940065.589 LBC385 200E EXIT
14941065.589 LBD392 200E ENTRY
14941565.589 LBD392 210E MAINROAD
14942065.589 LBD392 220E EXIT
14943065.589 LBE399 220E ENTRY
14943565.589 LBE399 230E MAINROAD
14944065.589 LBE399 240E EXIT
14945065.589 LBF406 240E ENTRY
14945565.589 LBF406 250E MAINROAD
14946065.589 LBF406 260E EXIT
14947065.589 LBG413 260E ENTRY
14947565.589 LBG413 270E MAINROAD
14948065.589 LBG413 280E EXIT
14949065.589 LBH420 280E ENTRY
14949565.589 LBH420 290E MAINROAD
14950065.589 LBH420 300E EXIT
14951065.589 LBI427 300E ENTRY
14951565.589 LBI427 310E MAINROAD
14952065.589 LBI427 320E EXIT
14953065.589 LBJ434 320E ENTRY
14953565.589 LBJ434 330E MAINROAD
14954065.589 LBJ434 340E EXIT
14955065.589 LBK441 340E ENTRY
14955565.589 LBK441 350E MAINROAD
14956065.589 LBK441 360E EXIT
14957065.589 LBL448 360E ENTRY
14957565.589 LBL448 370E MAINROAD
14958065.589 LBL448 380E EXIT
14959065.589 LBM455 0E ENTRY
14959565.589 LBM455 10E MAINROAD
14960065.589 LBM455 20E EXIT
14961065.589 LBN462 20E ENTRY
14961565.589 LBN462 30E MAINROAD
14962065.589 LBN462 40E EXIT
14963065.589 LBO469 40E ENTRY
14963565.589 LBO469 50E MAINROAD
14964065.589 LBO469 60E EXIT
14965065.589 LBP476 60E ENTRY
14965565.589 LBP476 70E MAINROAD
14966065.589 LBP476 80E EXIT
14967065.589 LBQ483 80E ENTRY
14967565.589 LBQ483 90E MAINROAD
14968065.589 LBQ483 100E EXIT
14969065.589 LBR490 100E ENTRY
14969565.589 LBR490 110E MAINROAD
14970065.589 LBR490 120E EXIT
14971065.589 LBS497 120E ENTRY
14971565.589 LBS497 130E MAINROAD
14972065.589 LBS497 140E EXIT
14973065.589 LBT504 140E ENTRY
14973565.589 LBT504 150E MAINROAD
14974065.589 LBT504 160E EXIT
14975065.589 LBU511 160E ENTRY
14975565.589 LBU511 170E MAINROAD
14976065.589 LBU511 180E EXIT
14977065.589 LBV518 180E ENTRY
14977565.589 LBV518 190E MAINROAD
14978065.589 LBV518 200E EXIT
14979065.589 LBW525 200E ENTRY
14979565.589 LBW525 210E MAINROAD
14980065.589 LBW525 220E EXIT
14981065.589 LBX532 220E ENTRY
14981565.589 LBX532 230E MAINROAD
14982065.589 LBX532 240E EXIT
14983065.589 LBY539 240E ENTRY
14983565.589 LBY539 250E MAINROAD
14984065.589 LBY539 260E EXIT
14985065.589 LBZ546 260E ENTRY
14985565.589 LBZ546 270E MAINROAD
14986065.589 LBZ546 280E EXIT
14987065.589 LCA553 280E ENTRY
14987565.589 LCA553 290E MAINROAD
14988065.589 LCA553 300E EXIT
14989065.589 LCB560 300E ENTRY
14989565.589 LCB560 310E MAINROAD
14990065.589 LCB560 320E EXIT
14991065.589 LCC567 320E ENTRY
14991565.589 LCC567 330E MAINROAD
14992065.589 LCC567 340E EXIT
14993065.589 LCD574 340E ENTRY
14993565.589 LCD574 350E MAINROAD
14994065.589 LCD574 360E EXIT
14995065.589 LCE581 360E ENTRY
14995565.589 LCE581 370E MAINROAD
14996065.589 LCE581 380E EXIT
14997065.589 LCF588 0E ENTRY
14997565.589 LCF588 10E MAINROAD
14998065.589 LCF588 20E EXIT
14999065.589 LCG595 20E ENTRY
14999565.589 LCG595 30E MAINROAD
15000065.589 LCG595 40E EXIT
15001065.589 LCH602 40E ENTRY
15001565.589 LCH602 50E MAINROAD
15002065.589 LCH602 60E EXIT
15003065.589 LCI609 60E ENTRY
15003565.589 LCI609 70E MAINROAD
15004065.589 LCI609 80E EXIT
15005065.589 LCJ616 80E ENTRY
15005565.589 LCJ616 90E MAINROAD
15006065.589 LCJ616 100E EXIT
15007065.589 LCK623 100E ENTRY
15007565.589 LCK623 110E MAINROAD
15008065.589 LCK623 120E EXIT
15009065.589 LCL630 120E ENTRY
15009565.589 LCL630 130E MAINROAD
15010065.589 LCL630 140E EXIT
15011065.589 LCM637 140E ENTRY
15011565.589 LCM637 150E MAINROAD
15012065.589 LCM637 160E EXIT
15013065.589 LCN644 160E ENTRY
15013565.589 LCN644 170E MAINROAD
15014065.589 LCN644 180E EXIT
15015065.589 LCO651 180E ENTRY
15015565.589 LCO651 190E MAINROAD
15016065.589 LCO651 200E EXIT
15017065.589 LCP658 200E ENTRY
15017565.589 LCP658 210E MAINROAD
15018065.589 LCP658 220E EXIT
15019065.589 LCQ665 220E ENTRY
15019565.589 LCQ665 230E MAINROAD
15020065.589 LCQ665 240E EXIT
15021065.589 LCR672 240E ENTRY
15021565.589 LCR672 250E MAINROAD
15022065.589 LCR672 260E EXIT
15023065.589 LCS679 260E ENTRY
15023565.589 LCS679 270E MAINROAD
15024065.589 LCS679 280E EXIT
15025065.589 LCT686 280E ENTRY
15025565.589 LCT686 290E MAINROAD
15026065.589 LCT686 300E EXIT
15027065.589 LCU693 300E ENTRY
15027565.589 LCU693 310E MAINROAD
15028065.589 LCU693 320E EXIT
15029065.589 LCV700 320E ENTRY
15029565.589 LCV700 330E MAINROAD
15030065.589 LCV700 340E EXIT
15031065.589 LCW707 340E ENTRY
15031565.589 LCW707 350E MAINROAD
15032065.589 LCW707 360E EXIT
15033065.589 LCX714 360E ENTRY
15033565.589 LCX714 370E MAINROAD
15034065.589 LCX714 380E EXIT
15035065.589 LCY721 0E ENTRY
15035565.589 LCY721 10E MAINROAD
15036065.589 LCY721 20E EXIT
15037065.589 LCZ728 20E ENTRY
15037565.589 LCZ728 30E MAINROAD
15038065.589 LCZ728 40E EXIT
15039065.589 LDA735 40E ENTRY
15039565.589 LDA735 50E MAINROAD
15040065.589 LDA735 60E EXIT
15041065.589 LDB742 60E ENTRY
15041565.589 LDB742 70E MAINROAD
15042065.589 LDB742 80E EXIT
15043065.589 LDC749 80E ENTRY
15043565.589 LDC749 90E MAINROAD
15044065.589 LDC749 100E EXIT
15045065.589 LDD756 100E ENTRY
15045565.589 LDD756 110E MAINROAD
15046065.589 LDD756 120E EXIT
15047065.589 LDE763 120E ENTRY
15047565.589 LDE763 130E MAINROAD
15048065.589 LDE763 140E EXIT
15049065.589 LDF770 140E ENTRY
15049565.589 LDF770 150E MAINROAD
15050065.589 LDF770 160E EXIT
15051065.589 LDG777 160E ENTRY
15051565.589 LDG777 170E MAINROAD
15052065.589 LDG777 180E EXIT
15053065.589 LDH784 180E ENTRY
15053565.589 LDH784 190E MAINROAD
15054065.589 LDH784 200E EXIT
15055065.589 LDI791 200E ENTRY
15055565.589 LDI791 210E MAINROAD
15056065.589 LDI791 220E EXIT
15057065.589 LDJ798 220E ENTRY
15057565.589 LDJ798 230E MAINROAD
15058065.589 LDJ798 240E EXIT
15059065.589 LDK805 240E ENTRY
15059565.589 LDK805 250E MAINROAD
15060065.589 LDK805 260E EXIT
15061065.589 LDL812 260E ENTRY
15061565.589 LDL812 270E MAINROAD
15062065.589 LDL812 280E EXIT
15063065.589 LDM819 280E ENTRY
15063565.589 LDM819 290E MAINROAD
15064065.589 LDM819 300E EXIT
15065065.589 LDN826 300E ENTRY
15065565.589 LDN826 310E MAINROAD
15066065.589 LDN826 320E EXIT
15067065.589 LDO833 320E ENTRY
15067565.589 LDO833 330E MAINROAD
15068065.589 LDO833 340E EXIT
15069065.589 LDP840 340E ENTRY
15069565.589 LDP840 350E MAINROAD
15070065.589 LDP840 360E EXIT
15071065.589 LDQ847 360E ENTRY
15071565.589 LDQ847 370E MAINROAD
15072065.589 LDQ847 380E EXIT
15073065.589 LDR854 0E ENTRY
15073565.589 LDR854 10E MAINROAD
15074065.589 LDR854 20E EXIT
15075065.589 LDS861 20E ENTRY
15075565.589 LDS861 30E MAINROAD
15076065.589 LDS861 40E EXIT
15077065.589 LDT868 40E ENTRY
15077565.589 LDT868 50E MAINROAD
15078065.589 LDT868 60E EXIT
15079065.589 LDU875 60E ENTRY
15079565.589 LDU875 70E MAINROAD
15080065.589 LDU875 80E EXIT
15081065.589 LDV882 80E ENTRY
15081565.589 LDV882 90E MAINROAD
15082065.589 LDV882 100E EXIT
15083065.589 LDW889 100E ENTRY
15083565.589 LDW889 110E MAINROAD
15084065.589 LDW889 120E EXIT
15085065.589 LDX896 120E ENTRY
15085565.589 LDX896 130E MAINROAD
15086065.589 LDX896 140E EXIT
15087065.589 LDY903 140E ENTRY
15087565.589 LDY903 150E MAINROAD
15088065.589 LDY903 160E EXIT
15089065.589 LDZ910 160E ENTRY
15089565.589 LDZ910 170E MAINROAD
15090065.589 LDZ910 180E EXIT
15091065.589 LEA917 180E ENTRY
15091565.589 LEA917 190E MAINROAD
15092065.589 LEA917 200E EXIT
15093065.589 LEB924 200E ENTRY
15093565.589 LEB924 210E MAINROAD
15094065.589 LEB924 220E EXIT
15095065.589 LEC931 220E ENTRY
15095565.589 LEC931 230E MAINROAD
15096065.589 LEC931 240E EXIT
15097065.589 LED938 240E ENTRY
15097565.589 LED938 250E MAINROAD
15098065.589 LED938 260E EXIT
15099065.589 LEE945 260E ENTRY
15099565.589 LEE945 270E MAINROAD
15100065.589 LEE945 280E EXIT
15101065.589 LEF952 280E ENTRY
15101565.589 LEF952 290E MAINROAD
15102065.589 LEF952 300E EXIT
15103065.589 LEG959 300E ENTRY
15103565.589 LEG959 310E MAINROAD
15104065.589 LEG959 320E EXIT
15105065.589 LEH966 320E ENTRY
15105565.589 LEH966 330E MAINROAD
15106065.589 LEH966 340E EXIT
15107065.589 LEI973 340E ENTRY
15107565.589 LEI973 350E MAINROAD
15108065.589 LEI973 360E EXIT
15109065.589 LEJ980 360E ENTRY
15109565.589 LEJ980 370E MAINROAD
15110065.589 LEJ980 380E EXIT
15111065.589 LEK987 0E ENTRY
15111565.589 LEK987 10E MAINROAD
15112065.589 LEK987 20E EXIT
15113065.589 LEL994 20E ENTRY
15113565.589 LEL994 30E MAINROAD
15114065.589 LEL994 40E EXIT
15115065.589 LEM001 40E ENTRY
15115565.589 LEM001 50E MAINROAD
15116065.589 LEM001 60E EXIT
15117065.589 LEN008 60E ENTRY
15117565.589 LEN008 70E MAINROAD
15118065.589 LEN008 80E EXIT
15119065.589 LEO015 80E ENTRY
15119565.589 LEO015 90E MAINROAD
15120065.589 LEO015 100E EXIT
15121065.589 LEP022 100E ENTRY
15121565.589 LEP022 110E MAINROAD
15122065.589 LEP022 120E EXIT
15123065.589 LEQ029 120E ENTRY
15123565.589 LEQ029 130E MAINROAD
15124065.589 LEQ029 140E EXIT
15125065.589 LER036 140E ENTRY
15125565.589 LER036 150E MAINROAD
15126065.589 LER036 160E EXIT
15127065.589 LES043 160E ENTRY
15127565.589 LES043 170E MAINROAD
15128065.589 LES043 180E EXIT
15129065.589 LET050 180E ENTRY
15129565.589 LET050 190E MAINROAD
15130065.589 LET050 200E EXIT
15131065.589 LEU057 200E ENTRY
15131565.589 LEU057 210E MAINROAD
15132065.589 LEU057 220E EXIT
15133065.589 LEV064 220E ENTRY
15133565.589 LEV064 230E MAINROAD
15134065.589 LEV064 240E EXIT
15135065.589 LEW071 240E ENTRY
15135565.589 LEW071 250E MAINROAD
15136065.589 LEW071 260E EXIT
15137065.589 LEX078 260E ENTRY
15137565.589 LEX078 270E MAINROAD
15138065.589 LEX078 280E EXIT
15139065.589 LEY085 280E ENTRY
15139565.589 LEY085 290E MAINROAD
15140065.589 LEY085 300E EXIT
15141065.589 LEZ092 300E ENTRY
15141565.589 LEZ092 310E MAINROAD
15142065.589 LEZ092 320E EXIT
15143065.589 LFA099 320E ENTRY
15143565.589 LFA099 330E MAINROAD
15144065.589 LFA099 340E EXIT
15145065.589 LFB106 340E ENTRY
15145565.589 LFB106 350E MAINROAD
15146065.589 LFB106 360E EXIT
15147065.589 LFC113 360E ENTRY
15147565.589 LFC113 370E MAINROAD
15148065.589 LFC113 380E EXIT
15149065.589 LFD120 0E ENTRY
15149565.589 LFD120 10E MAINROAD
15150065.589 LFD120 20E EXIT
15151065.589 LFE127 20E ENTRY
15151565.589 LFE127 30E MAINROAD
15152065.589 LFE127 40E EXIT
15153065.589 LFF134 40E ENTRY
15153565.589 LFF134 50E MAINROAD
15154065.589 LFF134 60E EXIT
15155065.589 LFG141 60E ENTRY
15155565.589 LFG141 70E MAINROAD
15156065.589 LFG141 80E EXIT
15157065.589 LFH148 80E ENTRY
15157565.589 LFH148 90E MAINROAD
15158065.589 LFH148 100E EXIT
15159065.589 LFI155 100E ENTRY
15159565.589 LFI155 110E MAINROAD
15160065.589 LFI155 120E EXIT
15161065.589 LFJ162 120E ENTRY
15161565.589 LFJ162 130E MAINROAD
15162065.589 LFJ162 140E EXIT
15163065.589 LFK169 140E ENTRY
15163565.589 LFK169 150E MAINROAD
15164065.589 LFK169 160E EXIT
15165065.589 LFL176 160E ENTRY
15165565.589 LFL176 170E MAINROAD
15166065.589 LFL176 180E EXIT
15167065.589 LFM183 180E ENTRY
15167565.589 LFM183 190E MAINROAD
15168065.589 LFM183 200E EXIT
15169065.589 LFN190 200E ENTRY
15169565.589 LFN190 210E MAINROAD
15170065.589 LFN190 220E EXIT
15171065.589 LFO197 220E ENTRY
15171565.589 LFO197 230E MAINROAD
15172065.589 LFO197 240E EXIT
15173065.589 LFP204 240E ENTRY
15173565.589 LFP204 250E MAINROAD
15174065.589 LFP204 260E EXIT
15175065.589 LFQ211 260E ENTRY
15175565.589 LFQ211 270E MAINROAD
15176065.589 LFQ211 280E EXIT
15177065.589 LFR218 280E ENTRY
15177565.589 LFR218 290E MAINROAD
15178065.589 LFR218 300E EXIT
15179065.589 LFS225 300E ENTRY
15179565.589 LFS225 310E MAINROAD
15180065.589 LFS225 320E EXIT
15181065.589 LFT232 320E ENTRY
15181565.589 LFT232 330E MAINROAD
15182065.589 LFT232 340E EXIT
15183065.589 LFU239 340E ENTRY
15183565.589 LFU239 350E MAINROAD
15184065.589 LFU239 360E EXIT
15185065.589 LFV246 360E ENTRY
15185565.589 LFV246 370E MAINROAD
15186065.589 LFV246 380E EXIT
15187065.589 LFW253 0E ENTRY
15187565.589 LFW253 10E MAINROAD
15188065.589 LFW253 20E EXIT
15189065.589 LFX260 20E ENTRY
15189565.589 LFX260 30E MAINROAD
15190065.589 LFX260 40E EXIT
15191065.589 LFY267 40E ENTRY
15191565.589 LFY267 50E MAINROAD
15192065.589 LFY267 60E EXIT
15193065.589 LFZ274 60E ENTRY
15193565.589 LFZ274 70E MAINROAD
15194065.589 LFZ274 80E EXIT
15195065.589 LGA281 80E ENTRY
15195565.589 LGA281 90E MAINROAD
15196065.589 LGA281 100E EXIT
15197065.589 LGB288 100E ENTRY
15197565.589 LGB288 110E MAINROAD
15198065.589 LGB288 120E EXIT
15199065.589 LGC295 120E ENTRY
15199565.589 LGC295 130E MAINROAD
15200065.589 LGC295 140E EXIT
15201065.589 LGD302 140E ENTRY
15201565.589 LGD302 150E MAINROAD
15202065.589 LGD302 160E EXIT
15203065.589 LGE309 160E ENTRY
15203565.589 LGE309 170E MAINROAD
15204065.589 LGE309 180E EXIT
15205065.589 LGF316 180E ENTRY
15205565.589 LGF316 190E MAINROAD
15206065.589 LGF316 200E EXIT
15207065.589 LGG323 200E ENTRY
15207565.589 LGG323 210E MAINROAD
15208065.589 LGG323 220E EXIT
15209065.589 LGH330 220E ENTRY
15209565.589 LGH330 230E MAINROAD
15210065.589 LGH330 240E EXIT
15211065.589 LGI337 240E ENTRY
15211565.589 LGI337 250E MAINROAD
15212065.589 LGI337 260E EXIT
15213065.589 LGJ344 260E ENTRY
15213565.589 LGJ344 270E MAINROAD
15214065.589 LGJ344 280E EXIT
15215065.589 LGK351 280E ENTRY
15215565.589 LGK351 290E MAINROAD
15216065.589 LGK351 300E EXIT
15217065.589 LGL358 300E ENTRY
15217565.589 LGL358 310E MAINROAD
15218065.589 LGL358 320E EXIT
15219065.589 LGM365 320E ENTRY
15219565.589 LGM365 330E MAINROAD
15220065.589 LGM365 340E EXIT
15221065.589 LGN372 340E ENTRY
15221565.589 LGN372 350E MAINROAD
15222065.589 LGN372 360E EXIT
15223065.589 LGO379 360E ENTRY
15223565.589 LGO379 370E MAINROAD
15224065.589 LGO379 380E EXIT
15225065.589 LGP386 0E ENTRY
15225565.589 LGP386 10E MAINROAD
15226065.589 LGP386 20E EXIT
15227065.589 LGQ393 20E ENTRY
15227565.589 LGQ393 30E MAINROAD
15228065.589 LGQ393 40E EXIT
15229065.589 LGR400 40E ENTRY
15229565.589 LGR400 50E MAINROAD
15230065.589 LGR400 60E EXIT
15231065.589 LGS407 60E ENTRY
15231565.589 LGS407 70E MAINROAD
15232065.589 LGS407 80E EXIT
15233065.589 LGT414 80E ENTRY
15233565.589 LGT414 90E MAINROAD
15234065.589 LGT414 100E EXIT
15235065.589 LGU421 100E ENTRY
15235565.589 LGU421 110E MAINROAD
15236065.589 LGU421 120E EXIT
15237065.589 LGV428 120E ENTRY
15237565.589 LGV428 130E MAINROAD
15238065.589 LGV428 140E EXIT
15239065.589 LGW435 140E ENTRY
15239565.589 LGW435 150E MAINROAD
15240065.589 LGW435 160E EXIT
15241065.589 LGX442 160E ENTRY
15241565.589 LGX442 170E MAINROAD
15242065.589 LGX442 180E EXIT
15243065.589 LGY449 180E ENTRY
15243565.589 LGY449 190E MAINROAD
15244065.589 LGY449 200E EXIT
15245065.589 LGZ456 200E ENTRY
15245565.589 LGZ456 210E MAINROAD
15246065.589 LGZ456 220E EXIT
15247065.589 LHA463 220E ENTRY
15247565.589 LHA463 230E MAINROAD
15248065.589 LHA463 240E EXIT
15249065.589 LHB470 240E ENTRY
15249565.589 LHB470 250E MAINROAD
15250065.589 LHB470 260E EXIT
15251065.589 LHC477 260E ENTRY
15251565.589 LHC477 270E MAINROAD
15252065.589 LHC477 280E EXIT
15253065.589 LHD484 280E ENTRY
15253565.589 LHD484 290E MAINROAD
15254065.589 LHD484 300E EXIT
15255065.589 LHE491 300E ENTRY
15255565.589 LHE491 310E MAINROAD
15256065.589 LHE491 320E EXIT
15257065.589 LHF498 320E ENTRY
15257565.589 LHF498 330E MAINROAD
15258065.589 LHF498 340E EXIT
15259065.589 LHG505 340E ENTRY
15259565.589 LHG505 350E MAINROAD
15260065.589 LHG505 360E EXIT
15261065.589 LHH512 360E ENTRY
15261565.589 LHH512 370E MAINROAD
15262065.589 LHH512 380E EXIT
15263065.589 LHI519 0E ENTRY
15263565.589 LHI519 10E MAINROAD
15264065.589 LHI519 20E EXIT
15265065.589 LHJ526 20E ENTRY
15265565.589 LHJ526 30E MAINROAD
15266065.589 LHJ526 40E EXIT
15267065.589 LHK533 40E ENTRY
15267565.589 LHK533 50E MAINROAD
15268065.589 LHK533 60E EXIT
15269065.589 LHL540 60E ENTRY
15269565.589 LHL540 70E MAINROAD
15270065.589 LHL540 80E EXIT
15271065.589 LHM547 80E ENTRY
15271565.589 LHM547 90E MAINROAD
15272065.589 LHM547 100E EXIT
15273065.589 LHN554 100E ENTRY
15273565.589 LHN554 110E MAINROAD
15274065.589 LHN554 120E EXIT
15275065.589 LHO561 120E ENTRY
15275565.589 LHO561 130E MAINROAD
15276065.589 LHO561 140E EXIT
15277065.589 LHP568 140E ENTRY
15277565.589 LHP568 150E MAINROAD
15278065.589 LHP568 160E EXIT
15279065.589 LHQ575 160E ENTRY
15279565.589 LHQ575 170E MAINROAD
15280065.589 LHQ575 180E EXIT
15281065.589 LHR582 180E ENTRY
15281565.589 LHR582 190E MAINROAD
15282065.589 LHR582 200E EXIT
15283065.589 LHS589 200E ENTRY
15283565.589 LHS589 210E MAINROAD
15284065.589 LHS589 220E EXIT
15285065.589 LHT596 220E ENTRY
15285565.589 LHT596 230E MAINROAD
15286065.589 LHT596 240E EXIT
15287065.589 LHU603 240E ENTRY
15287565.589 LHU603 250E MAINROAD
15288065.589 LHU603 260E EXIT
15289065.589 LHV610 260E ENTRY
15289565.589 LHV610 270E MAINROAD
15290065.589 LHV610 280E EXIT
15291065.589 LHW617 280E ENTRY
15291565.589 LHW617 290E MAINROAD
15292065.589 LHW617 300E EXIT
15293065.589 LHX624 300E ENTRY
15293565.589 LHX624 310E MAINROAD
15294065.589 LHX624 320E EXIT
15295065.589 LHY631 320E ENTRY
15295565.589 LHY631 330E MAINROAD
15296065.589 LHY631 340E EXIT
15297065.589 LHZ638 340E ENTRY
15297565.589 LHZ638 350E MAINROAD
15298065.589 LHZ638 360E EXIT
15299065.589 LIA645 360E ENTRY
15299565.589 LIA645 370E MAINROAD
15300065.589 LIA645 380E EXIT
15301065.589 LIB652 0E ENTRY
15301565.589 LIB652 10E MAINROAD
15302065.589 LIB652 20E EXIT
15303065.589 LIC659 20E ENTRY
15303565.589 LIC659 30E MAINROAD
15304065.589 LIC659 40E EXIT
15305065.589 LID666 40E ENTRY
15305565.589 LID666 50E MAINROAD
15306065.589 LID666 60E EXIT
15307065.589 LIE673 60E ENTRY
15307565.589 LIE673 70E MAINROAD
15308065.589 LIE673 80E EXIT
15309065.589 LIF680 80E ENTRY
15309565.589 LIF680 90E MAINROAD
15310065.589 LIF680 100E EXIT
15311065.589 LIG687 100E ENTRY
15311565.589 LIG687 110E MAINROAD
15312065.589 LIG687 120E EXIT
15313065.589 LIH694 120E ENTRY
15313565.589 LIH694 130E MAINROAD
15314065.589 LIH694 140E EXIT
15315065.589 LII701 140E ENTRY
15315565.589 LII701 150E MAINROAD
15316065.589 LII701 160E EXIT
15317065.589 LIJ708 160E ENTRY
15317565.589 LIJ708 170E MAINROAD
15318065.589 LIJ708 180E EXIT
15319065.589 LIK715 180E ENTRY
15319565.589 LIK715 190E MAINROAD
15320065.589 LIK715 200E EXIT
15321065.589 LIL722 200E ENTRY
15321565.589 LIL722 210E MAINROAD
15322065.589 LIL722 220E EXIT
15323065.589 LIM729 220E ENTRY
15323565.589 LIM729 230E MAINROAD
15324065.589 LIM729 240E EXIT
15325065.589 LIN736 240E ENTRY
15325565.589 LIN736 250E MAINROAD
15326065.589 LIN736 260E EXIT
15327065.589 LIO743 260E ENTRY
15327565.589 LIO743 270E MAINROAD
15328065.589 LIO743 280E EXIT
15329065.589 LIP750 280E ENTRY
15329565.589 LIP750 290E MAINROAD
15330065.589 LIP750 300E EXIT
15331065.589 LIQ757 300E ENTRY
15331565.589 LIQ757 310E MAINROAD
15332065.589 LIQ757 320E EXIT
15333065.589 LIR764 320E ENTRY
15333565.589 LIR764 330E MAINROAD
15334065.589 LIR764 340E EXIT
15335065.589 LIS771 340E ENTRY
15335565.589 LIS771 350E MAINROAD
15336065.589 LIS771 360E EXIT
15337065.589 LIT778 360E ENTRY
15337565.589 LIT778 370E MAINROAD
15338065.589 LIT778 380E EXIT
15339065.589 LIU785 0E ENTRY
15339565.589 LIU785 10E MAINROAD
15340065.589 LIU785 20E EXIT
15341065.589 LIV792 20E ENTRY
15341565.589 LIV792 30E MAINROAD
15342065.589 LIV792 40E EXIT
15343065.589 LIW799 40E ENTRY
15343565.589 LIW799 50E MAINROAD
15344065.589 LIW799 60E EXIT
15345065.589 LIX806 60E ENTRY
15345565.589 LIX806 70E MAINROAD
15346065.589 LIX806 80E EXIT
15347065.589 LIY813 80E ENTRY
15347565.589 LIY813 90E MAINROAD
15348065.589 LIY813 100E EXIT
15349065.589 LIZ820 100E ENTRY
15349565.589 LIZ820 110E MAINROAD
15350065.589 LIZ820 120E EXIT
15351065.589 LJA827 120E ENTRY
15351565.589 LJA827 130E MAINROAD
15352065.589 LJA827 140E EXIT
15353065.589 LJB834 140E ENTRY
15353565.589 LJB834 150E MAINROAD
15354065.589 LJB834 160E EXIT
15355065.589 LJC841 160E ENTRY
15355565.589 LJC841 170E MAINROAD
15356065.589 LJC841 180E EXIT
15357065.589 LJD848 180E ENTRY
15357565.589 LJD848 190E MAINROAD
15358065.589 LJD848 200E EXIT
15359065.589 LJE855 200E ENTRY
15359565.589 LJE855 210E MAINROAD
15360065.589 LJE855 220E EXIT
15361065.589 LJF862 220E ENTRY
15361565.589 LJF862 230E MAINROAD
15362065.589 LJF862 240E EXIT
15363065.589 LJG869 240E ENTRY
15363565.589 LJG869 250E MAINROAD
15364065.589 LJG869 260E EXIT
15365065.589 LJH876 260E ENTRY
15365565.589 LJH876 270E MAINROAD
15366065.589 LJH876 280E EXIT
15367065.589 LJI883 280E ENTRY
15367565.589 LJI883 290E MAINROAD
15368065.589 LJI883 300E EXIT
15369065.589 LJJ890 300E ENTRY
15369565.589 LJJ890 310E MAINROAD
15370065.589 LJJ890 320E EXIT
15371065.589 LJK897 320E ENTRY
15371565.589 LJK897 330E MAINROAD
15372065.589 LJK897 340E EXIT
15373065.589 LJL904 340E ENTRY
15373565.589 LJL904 350E MAINROAD
15374065.589 LJL904 360E EXIT
15375065.589 LJM911 360E ENTRY
15375565.589 LJM911 370E MAINROAD
15376065.589 LJM911 380E EXIT
15377065.589 LJN918 0E ENTRY
15377565.589 LJN918 10E MAINROAD
15378065.589 LJN918 20E EXIT
15379065.589 LJO925 20E ENTRY
15379565.589 LJO925 30E MAINROAD
15380065.589 LJO925 40E EXIT
15381065.589 LJP932 40E ENTRY
15381565.589 LJP932 50E MAINROAD
15382065.589 LJP932 60E EXIT
15383065.589 LJQ939 60E ENTRY
15383565.589 LJQ939 70E MAINROAD
15384065.589 LJQ939 80E EXIT
15385065.589 LJR946 80E ENTRY
15385565.589 LJR946 90E MAINROAD
15386065.589 LJR946 100E EXIT
15387065.589 LJS953 100E ENTRY
15387565.589 LJS953 110E MAINROAD
15388065.589 LJS953 120E EXIT
15389065.589 LJT960 120E ENTRY
15389565.589 LJT960 130E MAINROAD
15390065.589 LJT960 140E EXIT
15391065.589 LJU967 140E ENTRY
15391565.589 LJU967 150E MAINROAD
15392065.589 LJU967 160E EXIT
15393065.589 LJV974 160E ENTRY
15393565.589 LJV974 170E MAINROAD
15394065.589 LJV974 180E EXIT
15395065.589 LJW981 180E ENTRY
15395565.589 LJW981 190E MAINROAD
15396065.589 LJW981 200E EXIT
15397065.589 LJX988 200E ENTRY
15397565.589 LJX988 210E MAINROAD
15398065.589 LJX988 220E EXIT
15399065.589 LJY995 220E ENTRY
15399565.589 LJY995 230E MAINROAD
15400065.589 LJY995 240E EXIT
15401065.589 LJZ002 240E ENTRY
15401565.589 LJZ002 250E MAINROAD
15402065.589 LJZ002 260E EXIT
15403065.589 LKA009 260E ENTRY
15403565.589 LKA009 270E MAINROAD
15404065.589 LKA009 280E EXIT
15405065.589 LKB016 280E ENTRY
15405565.589 LKB016 290E MAINROAD
15406065.589 LKB016 300E EXIT
15407065.589 LKC023 300E ENTRY
15407565.589 LKC023 310E MAINROAD
15408065.589 LKC023 320E EXIT
15409065.589 LKD030 320E ENTRY
15409565.589 LKD030 330E MAINROAD
15410065.589 LKD030 340E EXIT
15411065.589 LKE037 340E ENTRY
15411565.589 LKE037 350E MAINROAD
15412065.589 LKE037 360E EXIT
15413065.589 LKF044 360E ENTRY
15413565.589 LKF044 370E MAINROAD
15414065.589 LKF044 380E EXIT
15415065.589 LKG051 0E ENTRY
15415565.589 LKG051 10E MAINROAD
15416065.589 LKG051 20E EXIT
15417065.589 LKH058 20E ENTRY
15417565.589 LKH058 30E MAINROAD
15418065.589 LKH058 40E EXIT
15419065.589 LKI065 40E ENTRY
15419565.589 LKI065 50E MAINROAD
15420065.589 LKI065 60E EXIT
15421065.589 LKJ072 60E ENTRY
15421565.589 LKJ072 70E MAINROAD
15422065.589 LKJ072 80E EXIT
15423065.589 LKK079 80E ENTRY
15423565.589 LKK079 90E MAINROAD
15424065.589 LKK079 100E EXIT
15425065.589 LKL086 100E ENTRY
15425565.589 LKL086 110E MAINROAD
15426065.589 LKL086 120E EXIT
15427065.589 LKM093 120E ENTRY
15427565.589 LKM093 130E MAINROAD
15428065.589 LKM093 140E EXIT
15429065.589 LKN100 140E ENTRY
15429565.589 LKN100 150E MAINROAD
15430065.589 LKN100 160E EXIT
15431065.589 LKO107 160E ENTRY
15431565.589 LKO107 170E MAINROAD
15432065.589 LKO107 180E EXIT
15433065.589 LKP114 180E ENTRY
15433565.589 LKP114 190E MAINROAD
15434065.589 LKP114 200E EXIT
15435065.589 LKQ121 200E ENTRY
15435565.589 LKQ121 210E MAINROAD
15436065.589 LKQ121 220E EXIT
15437065.589 LKR128 220E ENTRY
15437565.589 LKR128 230E MAINROAD
15438065.589 LKR128 240E EXIT
15439065.589 LKS135 240E ENTRY
15439565.589 LKS135 250E MAINROAD
15440065.589 LKS135 260E EXIT
15441065.589 LKT142 260E ENTRY
15441565.589 LKT142 270E MAINROAD
15442065.589 LKT142 280E EXIT
15443065.589 LKU149 280E ENTRY
15443565.589 LKU149 290E MAINROAD
15444065.589 LKU149 300E EXIT
15445065.589 LKV156 300E ENTRY
15445565.589 LKV156 310E MAINROAD
15446065.589 LKV156 320E EXIT
15447065.589 LKW163 320E ENTRY
15447565.589 LKW163 330E MAINROAD
15448065.589 LKW163 340E EXIT
15449065.589 LKX170 340E ENTRY
15449565.589 LKX170 350E MAINROAD
15450065.589 LKX170 360E EXIT
15451065.589 LKY177 360E ENTRY
15451565.589 LKY177 370E MAINROAD
15452065.589 LKY177 380E EXIT
15453065.589 LKZ184 0E ENTRY
15453565.589 LKZ184 10E MAINROAD
15454065.589 LKZ184 20E EXIT
15455065.589 LLA191 20E ENTRY
15455565.589 LLA191 30E MAINROAD
15456065.589 LLA191 40E EXIT
15457065.589 LLB198 40E ENTRY
15457565.589 LLB198 50E MAINROAD
15458065.589 LLB198 60E EXIT
15459065.589 LLC205 60E ENTRY
15459565.589 LLC205 70E MAINROAD
15460065.589 LLC205 80E EXIT
15461065.589 LLD212 80E ENTRY
15461565.589 LLD212 90E MAINROAD
15462065.589 LLD212 100E EXIT
15463065.589 LLE219 100E ENTRY
15463565.589 LLE219 110E MAINROAD
15464065.589 LLE219 120E EXIT
15465065.589 LLF226 120E ENTRY
15465565.589 LLF226 130E MAINROAD
15466065.589 LLF226 140E EXIT
15467065.589 LLG233 140E ENTRY
15467565.589 LLG233 150E MAINROAD
15468065.589 LLG233 160E EXIT
15469065.589 LLH240 160E ENTRY
15469565.589 LLH240 170E MAINROAD
15470065.589 LLH240 180E EXIT
15471065.589 LLI247 180E ENTRY
15471565.589 LLI247 190E MAINROAD
15472065.589 LLI247 200E EXIT
15473065.589 LLJ254 200E ENTRY
15473565.589 LLJ254 210E MAINROAD
15474065.589 LLJ254 220E EXIT
15475065.589 LLK261 220E ENTRY
15475565.589 LLK261 230E MAINROAD
15476065.589 LLK261 240E EXIT
15477065.589 LLL268 240E ENTRY
15477565.589 LLL268 250E MAINROAD
15478065.589 LLL268 260E EXIT
15479065.589 LLM275 260E ENTRY
15479565.589 LLM275 270E MAINROAD
15480065.589 LLM275 280E EXIT
15481065.589 LLN282 280E ENTRY
15481565.589 LLN282 290E MAINROAD
15482065.589 LLN282 300E EXIT
15483065.589 LLO289 300E ENTRY
15483565.589 LLO289 310E MAINROAD
15484065.589 LLO289 320E EXIT
15485065.589 LLP296 320E ENTRY
15485565.589 LLP296 330E MAINROAD
15486065.589 LLP296 340E EXIT
15487065.589 LLQ303 340E ENTRY
15487565.589 LLQ303 350E MAINROAD
15488065.589 LLQ303 360E EXIT
15489065.589 LLR310 360E ENTRY
15489565.589 LLR310 370E MAINROAD
15490065.589 LLR310 380E EXIT
15491065.589 LLS317 0E ENTRY
15491565.589 LLS317 10E MAINROAD
15492065.589 LLS317 20E EXIT
15493065.589 LLT324 20E ENTRY
15493565.589 LLT324 30E MAINROAD
15494065.589 LLT324 40E EXIT
15495065.589 LLU331 40E ENTRY
15495565.589 LLU331 50E MAINROAD
15496065.589 LLU331 60E EXIT
15497065.589 LLV338 60E ENTRY
15497565.589 LLV338 70E MAINROAD
15498065.589 LLV338 80E EXIT
15499065.589 LLW345 80E ENTRY
15499565.589 LLW345 90E MAINROAD
15500065.589 LLW345 100E EXIT
15501065.589 LLX352 100E ENTRY
15501565.589 LLX352 110E MAINROAD
15502065.589 LLX352 120E EXIT
15503065.589 LLY359 120E ENTRY
15503565.589 LLY359 130E MAINROAD
15504065.589 LLY359 140E EXIT
15505065.589 LLZ366 140E ENTRY
15505565.589 LLZ366 150E MAINROAD
15506065.589 LLZ366 160E EXIT
15507065.589 LMA373 160E ENTRY
15507565.589 LMA373 170E MAINROAD
15508065.589 LMA373 180E EXIT
15509065.589 LMB380 180E ENTRY
15509565.589 LMB380 190E MAINROAD
15510065.589 LMB380 200E EXIT
15511065.589 LMC387 200E ENTRY
15511565.589 LMC387 210E MAINROAD
15512065.589 LMC387 220E EXIT
15513065.589 LMD394 220E ENTRY
15513565.589 LMD394 230E MAINROAD
15514065.589 LMD394 240E EXIT
15515065.589 LME401 240E ENTRY
15515565.589 LME401 250E MAINROAD
15516065.589 LME401 260E EXIT
15517065.589 LMF408 260E ENTRY
15517565.589 LMF408 270E MAINROAD
15518065.589 LMF408 280E EXIT
15519065.589 LMG415 280E ENTRY
15519565.589 LMG415 290E MAINROAD
15520065.589 LMG415 300E EXIT
15521065.589 LMH422 300E ENTRY
15521565.589 LMH422 310E MAINROAD
15522065.589 LMH422 320E EXIT
15523065.589 LMI429 320E ENTRY
15523565.589 LMI429 330E MAINROAD
15524065.589 LMI429 340E EXIT
15525065.589 LMJ436 340E ENTRY
15525565.589 LMJ436 350E MAINROAD
15526065.589 LMJ436 360E EXIT
15527065.589 LMK443 360E ENTRY
15527565.589 LMK443 370E MAINROAD
15528065.589 LMK443 380E EXIT
15529065.589 LML450 0E ENTRY
15529565.589 LML450 10E MAINROAD
15530065.589 LML450 20E EXIT
15531065.589 LMM457 20E ENTRY
15531565.589 LMM457 30E MAINROAD
15532065.589 LMM457 40E EXIT
15533065.589 LMN464 40E ENTRY
15533565.589 LMN464 50E MAINROAD
15534065.589 LMN464 60E EXIT
15535065.589 LMO471 60E ENTRY
15535565.589 LMO471 70E MAINROAD
15536065.589 LMO471 80E EXIT
15537065.589 LMP478 80E ENTRY
15537565.589 LMP478 90E MAINROAD
15538065.589 LMP478 100E EXIT
15539065.589 LMQ485 100E ENTRY
15539565.589 LMQ485 110E MAINROAD
15540065.589 LMQ485 120E EXIT
15541065.589 LMR492 120E ENTRY
15541565.589 LMR492 130E MAINROAD
15542065.589 LMR492 140E EXIT
15543065.589 LMS499 140E ENTRY
15543565.589 LMS499 150E MAINROAD
15544065.589 LMS499 160E EXIT
15545065.589 LMT506 160E ENTRY
15545565.589 LMT506 170E MAINROAD
15546065.589 LMT506 180E EXIT
15547065.589 LMU513 180E ENTRY
15547565.589 LMU513 190E MAINROAD
15548065.589 LMU513 200E EXIT
15549065.589 LMV520 200E ENTRY
15549565.589 LMV520 210E MAINROAD
15550065.589 LMV520 220E EXIT
15551065.589 LMW527 220E ENTRY
15551565.589 LMW527 230E MAINROAD
15552065.589 LMW527 240E EXIT
15553065.589 LMX534 240E ENTRY
15553565.589 LMX534 250E MAINROAD
15554065.589 LMX534 260E EXIT
15555065.589 LMY541 260E ENTRY
15555565.589 LMY541 270E MAINROAD
15556065.589 LMY541 280E EXIT
15557065.589 LMZ548 280E ENTRY
15557565.589 LMZ548 290E MAINROAD
15558065.589 LMZ548 300E EXIT
15559065.589 LNA555 300E ENTRY
15559565.589 LNA555 310E MAINROAD
15560065.589 LNA555 320E EXIT
15561065.589 LNB562 320E ENTRY
15561565.589 LNB562 330E MAINROAD
15562065.589 LNB562 340E EXIT
15563065.589 LNC569 340E ENTRY
15563565.589 LNC569 350E MAINROAD
15564065.589 LNC569 360E EXIT
15565065.589 LND576 360E ENTRY
15565565.589 LND576 370E MAINROAD
15566065.589 LND576 380E EXIT
15567065.589 LNE583 0E ENTRY
15567565.589 LNE583 10E MAINROAD
15568065.589 LNE583 20E EXIT
15569065.589 LNF590 20E ENTRY
15569565.589 LNF590 30E MAINROAD
15570065.589 LNF590 40E EXIT
15571065.589 LNG597 40E ENTRY
15571565.589 LNG597 50E MAINROAD
15572065.589 LNG597 60E EXIT
15573065.589 LNH604 60E ENTRY
15573565.589 LNH604 70E MAINROAD
15574065.589 LNH604 80E EXIT
15575065.589 LNI611 80E ENTRY
15575565.589 LNI611 90E MAINROAD
15576065.589 LNI611 100E EXIT
15577065.589 LNJ618 100E ENTRY
15577565.589 LNJ618 110E MAINROAD
15578065.589 LNJ618 120E EXIT
15579065.589 LNK625 120E ENTRY
15579565.589 LNK625 130E MAINROAD
15580065.589 LNK625 140E EXIT
15581065.589 LNL632 140E ENTRY
15581565.589 LNL632 150E MAINROAD
15582065.589 LNL632 160E EXIT
15583065.589 LNM639 160E ENTRY
15583565.589 LNM639 170E MAINROAD
15584065.589 LNM639 180E EXIT
15585065.589 LNN646 180E ENTRY
15585565.589 LNN646 190E MAINROAD
15586065.589 LNN646 200E EXIT
15587065.589 LNO653 200E ENTRY
15587565.589 LNO653 210E MAINROAD
15588065.589 LNO653 220E EXIT
15589065.589 LNP660 220E ENTRY
15589565.589 LNP660 230E MAINROAD
15590065.589 LNP660 240E EXIT
15591065.589 LNQ667 240E ENTRY
15591565.589 LNQ667 250E MAINROAD
15592065.589 LNQ667 260E EXIT
15593065.589 LNR674 260E ENTRY
15593565.589 LNR674 270E MAINROAD
15594065.589 LNR674 280E EXIT
15595065.589 LNS681 280E ENTRY
15595565.589 LNS681 290E MAINROAD
15596065.589 LNS681 300E EXIT
15597065.589 LNT688 300E ENTRY
15597565.589 LNT688 310E MAINROAD
15598065.589 LNT688 320E EXIT
15599065.589 LNU695 320E ENTRY
15599565.589 LNU695 330E MAINROAD
15600065.589 LNU695 340E EXIT
15601065.589 LNV702 340E ENTRY
15601565.589 LNV702 350E MAINROAD
15602065.589 LNV702 360E EXIT
15603065.589 LNW709 360E ENTRY
15603565.589 LNW709 370E MAINROAD
15604065.589 LNW709 380E EXIT
15605065.589 LNX716 0E ENTRY
15605565.589 LNX716 10E MAINROAD
15606065.589 LNX716 20E EXIT
15607065.589 LNY723 20E ENTRY
15607565.589 LNY723 30E MAINROAD
15608065.589 LNY723 40E EXIT
15609065.589 LNZ730 40E ENTRY
15609565.589 LNZ730 50E MAINROAD
15610065.589 LNZ730 60E EXIT
15611065.589 LOA737 60E ENTRY
15611565.589 LOA737 70E MAINROAD
15612065.589 LOA737 80E EXIT
15613065.589 LOB744 80E ENTRY
15613565.589 LOB744 90E MAINROAD
15614065.589 LOB744 100E EXIT
15615065.589 LOC751 100E ENTRY
15615565.589 LOC751 110E MAINROAD
15616065.589 LOC751 120E EXIT
15617065.589 LOD758 120E ENTRY
15617565.589 LOD758 130E MAINROAD
15618065.589 LOD758 140E EXIT
15619065.589 LOE765 140E ENTRY
15619565.589 LOE765 150E MAINROAD
15620065.589 LOE765 160E EXIT
15621065.589 LOF772 160E ENTRY
15621565.589 LOF772 170E MAINROAD
15622065.589 LOF772 180E EXIT
15623065.589 LOG779 180E ENTRY
15623565.589 LOG779 190E MAINROAD
15624065.589 LOG779 200E EXIT
15625065.589 LOH786 200E ENTRY
15625565.589 LOH786 210E MAINROAD
15626065.589 LOH786 220E EXIT
15627065.589 LOI793 220E ENTRY
15627565.589 LOI793 230E MAINROAD
15628065.589 LOI793 240E EXIT
15629065.589 LOJ800 240E ENTRY
15629565.589 LOJ800 250E MAINROAD
15630065.589 LOJ800 260E EXIT
15631065.589 LOK807 260E ENTRY
15631565.589 LOK807 270E MAINROAD
15632065.589 LOK807 280E EXIT
15633065.589 LOL814 280E ENTRY
15633565.589 LOL814 290E MAINROAD
15634065.589 LOL814 300E EXIT
15635065.589 LOM821 300E ENTRY
15635565.589 LOM821 310E MAINROAD
15636065.589 LOM821 320E EXIT
15637065.589 LON828 320E ENTRY
15637565.589 LON828 330E MAINROAD
15638065.589 LON828 340E EXIT
15639065.589 LOO835 340E ENTRY
15639565.589 LOO835 350E MAINROAD
15640065.589 LOO835 360E EXIT
15641065.589 LOP842 360E ENTRY
15641565.589 LOP842 370E MAINROAD
15642065.589 LOP842 380E EXIT
15643065.589 LOQ849 0E ENTRY
15643565.589 LOQ849 10E MAINROAD
15644065.589 LOQ849 20E EXIT
15645065.589 LOR856 20E ENTRY
15645565.589 LOR856 30E MAINROAD
15646065.589 LOR856 40E EXIT
15647065.589 LOS863 40E ENTRY
15647565.589 LOS863 50E MAINROAD
15648065.589 LOS863 60E EXIT
15649065.589 LOT870 60E ENTRY
15649565.589 LOT870 70E MAINROAD
15650065.589 LOT870 80E EXIT
15651065.589 LOU877 80E ENTRY
15651565.589 LOU877 90E MAINROAD
15652065.589 LOU877 100E EXIT
15653065.589 LOV884 100E ENTRY
15653565.589 LOV884 110E MAINROAD
15654065.589 LOV884 120E EXIT
15655065.589 LOW891 120E ENTRY
15655565.589 LOW891 130E MAINROAD
15656065.589 LOW891 140E EXIT
15657065.589 LOX898 140E ENTRY
15657565.589 LOX898 150E MAINROAD
15658065.589 LOX898 160E EXIT
15659065.589 LOY905 160E ENTRY
15659565.589 LOY905 170E MAINROAD
15660065.589 LOY905 180E EXIT
15661065.589 LOZ912 180E ENTRY
15661565.589 LOZ912 190E MAINROAD
15662065.589 LOZ912 200E EXIT
15663065.589 LPA919 200E ENTRY
15663565.589 LPA919 210E MAINROAD
15664065.589 LPA919 220E EXIT
15665065.589 LPB926 220E ENTRY
15665565.589 LPB926 230E MAINROAD
15666065.589 LPB926 240E EXIT
15667065.589 LPC933 240E ENTRY
15667565.589 LPC933 250E MAINROAD
15668065.589 LPC933 260E EXIT
15669065.589 LPD940 260E ENTRY
15669565.589 LPD940 270E MAINROAD
15670065.589 LPD940 280E EXIT
15671065.589 LPE947 280E ENTRY
15671565.589 LPE947 290E MAINROAD
15672065.589 LPE947 300E EXIT
15673065.589 LPF954 300E ENTRY
15673565.589 LPF954 310E MAINROAD
15674065.589 LPF954 320E EXIT
15675065.589 LPG961 320E ENTRY
15675565.589 LPG961 330E MAINROAD
15676065.589 LPG961 340E EXIT
15677065.589 LPH968 340E ENTRY
15677565.589 LPH968 350E MAINROAD
15678065.589 LPH968 360E EXIT
15679065.589 LPI975 360E ENTRY
15679565.589 LPI975 370E MAINROAD
15680065.589 LPI975 380E EXIT
15681065.589 LPJ982 0E ENTRY
15681565.589 LPJ982 10E MAINROAD
15682065.589 LPJ982 20E EXIT
15683065.589 LPK989 20E ENTRY
15683565.589 LPK989 30E MAINROAD
15684065.589 LPK989 40E EXIT
15685065.589 LPL996 40E ENTRY
15685565.589 LPL996 50E MAINROAD
15686065.589 LPL996 60E EXIT
15687065.589 LPM003 60E ENTRY
15687565.589 LPM003 70E MAINROAD
15688065.589 LPM003 80E EXIT
15689065.589 LPN010 80E ENTRY
15689565.589 LPN010 90E MAINROAD
15690065.589 LPN010 100E EXIT
15691065.589 LPO017 100E ENTRY
15691565.589 LPO017 110E MAINROAD
15692065.589 LPO017 120E EXIT
15693065.589 LPP024 120E ENTRY
15693565.589 LPP024 130E MAINROAD
15694065.589 LPP024 140E EXIT
15695065.589 LPQ031 140E ENTRY
15695565.589 LPQ031 150E MAINROAD
15696065.589 LPQ031 160E EXIT
15697065.589 LPR038 160E ENTRY
15697565.589 LPR038 170E MAINROAD
15698065.589 LPR038 180E EXIT
15699065.589 LPS045 180E ENTRY
15699565.589 LPS045 190E MAINROAD
15700065.589 LPS045 200E EXIT
15701065.589 LPT052 200E ENTRY
15701565.589 LPT052 210E MAINROAD
15702065.589 LPT052 220E EXIT
15703065.589 LPU059 220E ENTRY
15703565.589 LPU059 230E MAINROAD
15704065.589 LPU059 240E EXIT
15705065.589 LPV066 240E ENTRY
15705565.589 LPV066 250E MAINROAD
15706065.589 LPV066 260E EXIT
15707065.589 LPW073 260E ENTRY
15707565.589 LPW073 270E MAINROAD
15708065.589 LPW073 280E EXIT
15709065.589 LPX080 280E ENTRY
15709565.589 LPX080 290E MAINROAD
15710065.589 LPX080 300E EXIT
15711065.589 LPY087 300E ENTRY
15711565.589 LPY087 310E MAINROAD
15712065.589 LPY087 320E EXIT
15713065.589 LPZ094 320E ENTRY
15713565.589 LPZ094 330E MAINROAD
15714065.589 LPZ094 340E EXIT
15715065.589 LQA101 340E ENTRY
15715565.589 LQA101 350E MAINROAD
15716065.589 LQA101 360E EXIT
15717065.589 LQB108 360E ENTRY
15717565.589 LQB108 370E MAINROAD
15718065.589 LQB108 380E EXIT
15719065.589 LQC115 0E ENTRY
15719565.589 LQC115 10E MAINROAD
15720065.589 LQC115 20E EXIT
15721065.589 LQD122 20E ENTRY
15721565.589 LQD122 30E MAINROAD
15722065.589 LQD122 40E EXIT
15723065.589 LQE129 40E ENTRY
15723565.589 LQE129 50E MAINROAD
15724065.589 LQE129 60E EXIT
15725065.589 LQF136 60E ENTRY
15725565.589 LQF136 70E MAINROAD
15726065.589 LQF136 80E EXIT
15727065.589 LQG143 80E ENTRY
15727565.589 LQG143 90E MAINROAD
15728065.589 LQG143 100E EXIT
15729065.589 LQH150 100E ENTRY
15729565.589 LQH150 110E MAINROAD
15730065.589 LQH150 120E EXIT
15731065.589 LQI157 120E ENTRY
15731565.589 LQI157 130E MAINROAD
15732065.589 LQI157 140E EXIT
15733065.589 LQJ164 140E ENTRY
15733565.589 LQJ164 150E MAINROAD
15734065.589 LQJ164 160E EXIT
15735065.589 LQK171 160E ENTRY
15735565.589 LQK171 170E MAINROAD
15736065.589 LQK171 180E EXIT
15737065.589 LQL178 180E ENTRY
15737565.589 LQL178 190E MAINROAD
15738065.589 LQL178 200E EXIT
15739065.589 LQM185 200E ENTRY
15739565.589 LQM185 210E MAINROAD
15740065.589 LQM185 220E EXIT
15741065.589 LQN192 220E ENTRY
15741565.589 LQN192 230E MAINROAD
15742065.589 LQN192 240E EXIT
15743065.589 LQO199 240E ENTRY
15743565.589 LQO199 250E MAINROAD
15744065.589 LQO199 260E EXIT
15745065.589 LQP206 260E ENTRY
15745565.589 LQP206 270E MAINROAD
15746065.589 LQP206 280E EXIT
15747065.589 LQQ213 280E ENTRY
15747565.589 LQQ213 290E MAINROAD
15748065.589 LQQ213 300E EXIT
15749065.589 LQR220 300E ENTRY
15749565.589 LQR220 310E MAINROAD
15750065.589 LQR220 320E EXIT
15751065.589 LQS227 320E ENTRY
15751565.589 LQS227 330E MAINROAD
15752065.589 LQS227 340E EXIT
15753065.589 LQT234 340E ENTRY
15753565.589 LQT234 350E MAINROAD
15754065.589 LQT234 360E EXIT
15755065.589 LQU241 360E ENTRY
15755565.589 LQU241 370E MAINROAD
15756065.589 LQU241 380E EXIT
15757065.589 LQV248 0E ENTRY
15757565.589 LQV248 10E MAINROAD
15758065.589 LQV248 20E EXIT
15759065.589 LQW255 20E ENTRY
15759565.589 LQW255 30E MAINROAD
15760065.589 LQW255 40E EXIT
15761065.589 LQX262 40E ENTRY
15761565.589 LQX262 50E MAINROAD
15762065.589 LQX262 60E EXIT
15763065.589 LQY269 60E ENTRY
15763565.589 LQY269 70E MAINROAD
15764065.589 LQY269 80E EXIT
15765065.589 LQZ276 80E ENTRY
15765565.589 LQZ276 90E MAINROAD
15766065.589 LQZ276 100E EXIT
15767065.589 LRA283 100E ENTRY
15767565.589 LRA283 110E MAINROAD
15768065.589 LRA283 120E EXIT
15769065.589 LRB290 120E ENTRY
15769565.589 LRB290 130E MAINROAD
15770065.589 LRB290 140E EXIT
15771065.589 LRC297 140E ENTRY
15771565.589 LRC297 150E MAINROAD
15772065.589 LRC297 160E EXIT
15773065.589 LRD304 160E ENTRY
15773565.589 LRD304 170E MAINROAD
15774065.589 LRD304 180E EXIT
15775065.589 LRE311 180E ENTRY
15775565.589 LRE311 190E MAINROAD
15776065.589 LRE311 200E EXIT
15777065.589 LRF318 200E ENTRY
15777565.589 LRF318 210E MAINROAD
15778065.589 LRF318 220E EXIT
15779065.589 LRG325 220E ENTRY
15779565.589 LRG325 230E MAINROAD
15780065.589 LRG325 240E EXIT
15781065.589 LRH332 240E ENTRY
15781565.589 LRH332 250E MAINROAD
15782065.589 LRH332 260E EXIT
15783065.589 LRI339 260E ENTRY
15783565.589 LRI339 270E MAINROAD
15784065.589 LRI339 280E EXIT
15785065.589 LRJ346 280E ENTRY
15785565.589 LRJ346 290E MAINROAD
15786065.589 LRJ346 300E EXIT
15787065.589 LRK353 300E ENTRY
15787565.589 LRK353 310E MAINROAD
15788065.589 LRK353 320E EXIT
15789065.589 LRL360 320E ENTRY
15789565.589 LRL360 330E MAINROAD
15790065.589 LRL360 340E EXIT
15791065.589 LRM367 340E ENTRY
15791565.589 LRM367 350E MAINROAD
15792065.589 LRM367 360E EXIT
15793065.589 LRN374 360E ENTRY
15793565.589 LRN374 370E MAINROAD
15794065.589 LRN374 380E EXIT
15795065.589 LRO381 0E ENTRY
15795565.589 LRO381 10E MAINROAD
15796065.589 LRO381 20E EXIT
15797065.589 LRP388 20E ENTRY
15797565.589 LRP388 30E MAINROAD
15798065.589 LRP388 40E EXIT
15799065.589 LRQ395 40E ENTRY
15799565.589 LRQ395 50E MAINROAD
15800065.589 LRQ395 60E EXIT
15801065.589 LRR402 60E ENTRY
15801565.589 LRR402 70E MAINROAD
15802065.589 LRR402 80E EXIT
15803065.589 LRS409 80E ENTRY
15803565.589 LRS409 90E MAINROAD
15804065.589 LRS409 100E EXIT
15805065.589 LRT416 100E ENTRY
15805565.589 LRT416 110E MAINROAD
15806065.589 LRT416 120E EXIT
15807065.589 LRU423 120E ENTRY
15807565.589 LRU423 130E MAINROAD
15808065.589 LRU423 140E EXIT
15809065.589 LRV430 140E ENTRY
15809565.589 LRV430 150E MAINROAD
15810065.589 LRV430 160E EXIT
15811065.589 LRW437 160E ENTRY
15811565.589 LRW437 170E MAINROAD
15812065.589 LRW437 180E EXIT
15813065.589 LRX444 180E ENTRY
15813565.589 LRX444 190E MAINROAD
15814065.589 LRX444 200E EXIT
15815065.589 LRY451 200E ENTRY
15815565.589 LRY451 210E MAINROAD
15816065.589 LRY451 220E EXIT
15817065.589 LRZ458 220E ENTRY
15817565.589 LRZ458 230E MAINROAD
15818065.589 LRZ458 240E EXIT
15819065.589 LSA465 240E ENTRY
15819565.589 LSA465 250E MAINROAD
15820065.589 LSA465 260E EXIT
15821065.589 LSB472 260E ENTRY
15821565.589 LSB472 270E MAINROAD
15822065.589 LSB472 280E EXIT
15823065.589 LSC479 280E ENTRY
15823565.589 LSC479 290E MAINROAD
15824065.589 LSC479 300E EXIT
15825065.589 LSD486 300E ENTRY
15825565.589 LSD486 310E MAINROAD
15826065.589 LSD486 320E EXIT
15827065.589 LSE493 320E ENTRY
15827565.589 LSE493 330E MAINROAD
15828065.589 LSE493 340E EXIT
15829065.589 LSF500 340E ENTRY
15829565.589 LSF500 350E MAINROAD
15830065.589 LSF500 360E EXIT
15831065.589 LSG507 360E ENTRY
15831565.589 LSG507 370E MAINROAD
15832065.589 LSG507 380E EXIT
15833065.589 LSH514 0E ENTRY
15833565.589 LSH514 10E MAINROAD
15834065.589 LSH514 20E EXIT
15835065.589 LSI521 20E ENTRY
15835565.589 LSI521 30E MAINROAD
15836065.589 LSI521 40E EXIT
15837065.589 LSJ528 40E ENTRY
15837565.589 LSJ528 50E MAINROAD
15838065.589 LSJ528 60E EXIT
15839065.589 LSK535 60E ENTRY
15839565.589 LSK535 70E MAINROAD
15840065.589 LSK535 80E EXIT
15841065.589 LSL542 80E ENTRY
15841565.589 LSL542 90E MAINROAD
15842065.589 LSL542 100E EXIT
15843065.589 LSM549 100E ENTRY
15843565.589 LSM549 110E MAINROAD
15844065.589 LSM549 120E EXIT
15845065.589 LSN556 120E ENTRY
15845565.589 LSN556 130E MAINROAD
15846065.589 LSN556 140E EXIT
15847065.589 LSO563 140E ENTRY
15847565.589 LSO563 150E MAINROAD
15848065.589 LSO563 160E EXIT
15849065.589 LSP570 160E ENTRY
15849565.589 LSP570 170E MAINROAD
15850065.589 LSP570 180E EXIT
15851065.589 LSQ577 180E ENTRY
15851565.589 LSQ577 190E MAINROAD
15852065.589 LSQ577 200E EXIT
15853065.589 LSR584 200E ENTRY
15853565.589 LSR584 210E MAINROAD
15854065.589 LSR584 220E EXIT
15855065.589 LSS591 220E ENTRY
15855565.589 LSS591 230E MAINROAD
15856065.589 LSS591 240E EXIT
15857065.589 LST598 240E ENTRY
15857565.589 LST598 250E MAINROAD
15858065.589 LST598 260E EXIT
15859065.589 LSU605 260E ENTRY
15859565.589 LSU605 270E MAINROAD
15860065.589 LSU605 280E EXIT
15861065.589 LSV612 280E ENTRY
15861565.589 LSV612 290E MAINROAD
15862065.589 LSV612 300E EXIT
15863065.589 LSW619 300E ENTRY
15863565.589 LSW619 310E MAINROAD
15864065.589 LSW619 320E EXIT
15865065.589 LSX626 320E ENTRY
15865565.589 LSX626 330E MAINROAD
15866065.589 LSX626 340E EXIT
15867065.589 LSY633 340E ENTRY
15867565.589 LSY633 350E MAINROAD
15868065.589 LSY633 360E EXIT
15869065.589 LSZ640 360E ENTRY
15869565.589 LSZ640 370E MAINROAD
15870065.589 LSZ640 380E EXIT
15871065.589 LTA647 0E ENTRY
15871565.589 LTA647 10E MAINROAD
15872065.589 LTA647 20E EXIT
15873065.589 LTB654 20E ENTRY
15873565.589 LTB654 30E MAINROAD
15874065.589 LTB654 40E EXIT
15875065.589 LTC661 40E ENTRY
15875565.589 LTC661 50E MAINROAD
15876065.589 LTC661 60E EXIT
15877065.589 LTD668 60E ENTRY
15877565.589 LTD668 70E MAINROAD
15878065.589 LTD668 80E EXIT
15879065.589 LTE675 80E ENTRY
15879565.589 LTE675 90E MAINROAD
15880065.589 LTE675 100E EXIT
15881065.589 LTF682 100E ENTRY
15881565.589 LTF682 110E MAINROAD
15882065.589 LTF682 120E EXIT
15883065.589 LTG689 120E ENTRY
15883565.589 LTG689 130E MAINROAD
15884065.589 LTG689 140E EXIT
15885065.589 LTH696 140E ENTRY
15885565.589 LTH696 150E MAINROAD
15886065.589 LTH696 160E EXIT
15887065.589 LTI703 160E ENTRY
15887565.589 LTI703 170E MAINROAD
15888065.589 LTI703 180E EXIT
15889065.589 LTJ710 180E ENTRY
15889565.589 LTJ710 190E MAINROAD
15890065.589 LTJ710 200E EXIT
15891065.589 LTK717 200E ENTRY
15891565.589 LTK717 210E MAINROAD
15892065.589 LTK717 220E EXIT
15893065.589 LTL724 220E ENTRY
15893565.589 LTL724 230E MAINROAD
15894065.589 LTL724 240E EXIT
15895065.589 LTM731 240E ENTRY
15895565.589 LTM731 250E MAINROAD
15896065.589 LTM731 260E EXIT
15897065.589 LTN738 260E ENTRY
15897565.589 LTN738 270E MAINROAD
15898065.589 LTN738 280E EXIT
15899065.589 LTO745 280E ENTRY
15899565.589 LTO745 290E MAINROAD
15900065.589 LTO745 300E EXIT
15901065.589 LTP752 300E ENTRY
15901565.589 LTP752 310E MAINROAD
15902065.589 LTP752 320E EXIT
15903065.589 LTQ759 320E ENTRY
15903565.589 LTQ759 330E MAINROAD
15904065.589 LTQ759 340E EXIT
15905065.589 LTR766 340E ENTRY
15905565.589 LTR766 350E MAINROAD
15906065.589 LTR766 360E EXIT
15907065.589 LTS773 360E ENTRY
15907565.589 LTS773 370E MAINROAD
15908065.589 LTS773 380E EXIT
15909065.589 LTT780 0E ENTRY
15909565.589 LTT780 10E MAINROAD
15910065.589 LTT780 20E EXIT
15911065.589 LTU787 20E ENTRY
15911565.589 LTU787 30E MAINROAD
15912065.589 LTU787 40E EXIT
15913065.589 LTV794 40E ENTRY
15913565.589 LTV794 50E MAINROAD
15914065.589 LTV794 60E EXIT
15915065.589 LTW801 60E ENTRY
15915565.589 LTW801 70E MAINROAD
15916065.589 LTW801 80E EXIT
15917065.589 LTX808 80E ENTRY
15917565.589 LTX808 90E MAINROAD
15918065.589 LTX808 100E EXIT
15919065.589 LTY815 100E ENTRY
15919565.589 LTY815 110E MAINROAD
15920065.589 LTY815 120E EXIT
15921065.589 LTZ822 120E ENTRY
15921565.589 LTZ822 130E MAINROAD
15922065.589 LTZ822 140E EXIT
15923065.589 LUA829 140E ENTRY
15923565.589 LUA829 150E MAINROAD
15924065.589 LUA829 160E EXIT
15925065.589 LUB836 160E ENTRY
15925565.589 LUB836 170E MAINROAD
15926065.589 LUB836 180E EXIT
15927065.589 LUC843 180E ENTRY
15927565.589 LUC843 190E MAINROAD
15928065.589 LUC843 200E EXIT
15929065.589 LUD850 200E ENTRY
15929565.589 LUD850 210E MAINROAD
15930065.589 LUD850 220E EXIT
15931065.589 LUE857 220E ENTRY
15931565.589 LUE857 230E MAINROAD
15932065.589 LUE857 240E EXIT
15933065.589 LUF864 240E ENTRY
15933565.589 LUF864 250E MAINROAD
15934065.589 LUF864 260E EXIT
15935065.589 LUG871 260E ENTRY
15935565.589 LUG871 270E MAINROAD
15936065.589 LUG871 280E EXIT
15937065.589 LUH878 280E ENTRY
15937565.589 LUH878 290E MAINROAD
15938065.589 LUH878 300E EXIT
15939065.589 LUI885 300E ENTRY
15939565.589 LUI885 310E MAINROAD
15940065.589 LUI885 320E EXIT
15941065.589 LUJ892 320E ENTRY
15941565.589 LUJ892 330E MAINROAD
15942065.589 LUJ892 340E EXIT
15943065.589 LUK899 340E ENTRY
15943565.589 LUK899 350E MAINROAD
15944065.589 LUK899 360E EXIT
15945065.589 LUL906 360E ENTRY
15945565.589 LUL906 370E MAINROAD
15946065.589 LUL906 380E EXIT
15947065.589 LUM913 0E ENTRY
15947565.589 LUM913 10E MAINROAD
15948065.589 LUM913 20E EXIT
15949065.589 LUN920 20E ENTRY
15949565.589 LUN920 30E MAINROAD
15950065.589 LUN920 40E EXIT
15951065.589 LUO927 40E ENTRY
15951565.589 LUO927 50E MAINROAD
15952065.589 LUO927 60E EXIT
15953065.589 LUP934 60E ENTRY
15953565.589 LUP934 70E MAINROAD
15954065.589 LUP934 80E EXIT
15955065.589 LUQ941 80E ENTRY
15955565.589 LUQ941 90E MAINROAD
15956065.589 LUQ941 100E EXIT
15957065.589 LUR948 100E ENTRY
15957565.589 LUR948 110E MAINROAD
15958065.589 LUR948 120E EXIT
15959065.589 LUS955 120E ENTRY
15959565.589 LUS955 130E MAINROAD
15960065.589 LUS955 140E EXIT
15961065.589 LUT962 140E ENTRY
15961565.589 LUT962 150E MAINROAD
15962065.589 LUT962 160E EXIT
15963065.589 LUU969 160E ENTRY
15963565.589 LUU969 170E MAINROAD
15964065.589 LUU969 180E EXIT
15965065.589 LUV976 180E ENTRY
15965565.589 LUV976 190E MAINROAD
15966065.589 LUV976 200E EXIT
15967065.589 LUW983 200E ENTRY
15967565.589 LUW983 210E MAINROAD
15968065.589 LUW983 220E EXIT
15969065.589 LUX990 220E ENTRY
15969565.589 LUX990 230E MAINROAD
15970065.589 LUX990 240E EXIT
15971065.589 LUY997 240E ENTRY
15971565.589 LUY997 250E MAINROAD
15972065.589 LUY997 260E EXIT
15973065.589 LUZ004 260E ENTRY
15973565.589 LUZ004 270E MAINROAD
15974065.589 LUZ004 280E EXIT
15975065.589 LVA011 280E ENTRY
15975565.589 LVA011 290E MAINROAD
15976065.589 LVA011 300E EXIT
15977065.589 LVB018 300E ENTRY
15977565.589 LVB018 310E MAINROAD
15978065.589 LVB018 320E EXIT
15979065.589 LVC025 320E ENTRY
15979565.589 LVC025 330E MAINROAD
15980065.589 LVC025 340E EXIT
15981065.589 LVD032 340E ENTRY
15981565.589 LVD032 350E MAINROAD
15982065.589 LVD032 360E EXIT
15983065.589 LVE039 360E ENTRY
15983565.589 LVE039 370E MAINROAD
15984065.589 LVE039 380E EXIT
15985065.589 LVF046 0E ENTRY
15985565.589 LVF046 10E MAINROAD
15986065.589 LVF046 20E EXIT
15987065.589 LVG053 20E ENTRY
15987565.589 LVG053 30E MAINROAD
15988065.589 LVG053 40E EXIT
15989065.589 LVH060 40E ENTRY
15989565.589 LVH060 50E MAINROAD
15990065.589 LVH060 60E EXIT
15991065.589 LVI067 60E ENTRY
15991565.589 LVI067 70E MAINROAD
15992065.589 LVI067 80E EXIT
15993065.589 LVJ074 80E ENTRY
15993565.589 LVJ074 90E MAINROAD
15994065.589 LVJ074 100E EXIT
15995065.589 LVK081 100E ENTRY
15995565.589 LVK081 110E MAINROAD
15996065.589 LVK081 120E EXIT
15997065.589 LVL088 120E ENTRY
15997565.589 LVL088 130E MAINROAD
15998065.589 LVL088 140E EXIT
15999065.589 LVM095 140E ENTRY
15999565.589 LVM095 150E MAINROAD
16000065.589 LVM095 160E EXIT
16001065.589 LVN102 160E ENTRY
16001565.589 LVN102 170E MAINROAD
16002065.589 LVN102 180E EXIT
16003065.589 LVO109 180E ENTRY
16003565.589 LVO109 190E MAINROAD
16004065.589 LVO109 200E EXIT
16005065.589 LVP116 200E ENTRY
16005565.589 LVP116 210E MAINROAD
16006065.589 LVP116 220E EXIT
16007065.589 LVQ123 220E ENTRY
16007565.589 LVQ123 230E MAINROAD
16008065.589 LVQ123 240E EXIT
16009065.589 LVR130 240E ENTRY
16009565.589 LVR130 250E MAINROAD
16010065.589 LVR130 260E EXIT
16011065.589 LVS137 260E ENTRY
16011565.589 LVS137 270E MAINROAD
16012065.589 LVS137 280E EXIT
16013065.589 LVT144 280E ENTRY
16013565.589 LVT144 290E MAINROAD
16014065.589 LVT144 300E EXIT
16015065.589 LVU151 300E ENTRY
16015565.589 LVU151 310E MAINROAD
16016065.589 LVU151 320E EXIT
16017065.589 LVV158 320E ENTRY
16017565.589 LVV158 330E MAINROAD
16018065.589 LVV158 340E EXIT
16019065.589 LVW165 340E ENTRY
16019565.589 LVW165 350E MAINROAD
16020065.589 LVW165 360E EXIT
16021065.589 LVX172 360E ENTRY
16021565.589 LVX172 370E MAINROAD
16022065.589 LVX172 380E EXIT
16023065.589 LVY179 0E ENTRY
16023565.589 LVY179 10E MAINROAD
16024065.589 LVY179 20E EXIT
16025065.589 LVZ186 20E ENTRY
16025565.589 LVZ186 30E MAINROAD
16026065.589 LVZ186 40E EXIT
16027065.589 LWA193 40E ENTRY
16027565.589 LWA193 50E MAINROAD
16028065.589 LWA193 60E EXIT
16029065.589 LWB200 60E ENTRY
16029565.589 LWB200 70E MAINROAD
16030065.589 LWB200 80E EXIT
16031065.589 LWC207 80E ENTRY
16031565.589 LWC207 90E MAINROAD
16032065.589 LWC207 100E EXIT
16033065.589 LWD214 100E ENTRY
16033565.589 LWD214 110E MAINROAD
16034065.589 LWD214 120E EXIT
16035065.589 LWE221 120E ENTRY
16035565.589 LWE221 130E MAINROAD
16036065.589 LWE221 140E EXIT
16037065.589 LWF228 140E ENTRY
16037565.589 LWF228 150E MAINROAD
16038065.589 LWF228 160E EXIT
16039065.589 LWG235 160E ENTRY
16039565.589 LWG235 170E MAINROAD
16040065.589 LWG235 180E EXIT
16041065.589 LWH242 180E ENTRY
16041565.589 LWH242 190E MAINROAD
16042065.589 LWH242 200E EXIT
16043065.589 LWI249 200E ENTRY
16043565.589 LWI249 210E MAINROAD
16044065.589 LWI249 220E EXIT
16045065.589 LWJ256 220E ENTRY
16045565.589 LWJ256 230E MAINROAD
16046065.589 LWJ256 240E EXIT
16047065.589 LWK263 240E ENTRY
16047565.589 LWK263 250E MAINROAD
16048065.589 LWK263 260E EXIT
16049065.589 LWL270 260E ENTRY
16049565.589 LWL270 270E MAINROAD
16050065.589 LWL270 280E EXIT
16051065.589 LWM277 280E ENTRY
16051565.589 LWM277 290E MAINROAD
16052065.589 LWM277 300E EXIT
16053065.589 LWN284 300E ENTRY
16053565.589 LWN284 310E MAINROAD
16054065.589 LWN284 320E EXIT
16055065.589 LWO291 320E ENTRY
16055565.589 LWO291 330E MAINROAD
16056065.589 LWO291 340E EXIT
16057065.589 LWP298 340E ENTRY
16057565.589 LWP298 350E MAINROAD
16058065.589 LWP298 360E EXIT
16059065.589 LWQ305 360E ENTRY
16059565.589 LWQ305 370E MAINROAD
16060065.589 LWQ305 380E EXIT
16061065.589 LWR312 0E ENTRY
16061565.589 LWR312 10E MAINROAD
16062065.589 LWR312 20E EXIT
16063065.589 LWS319 20E ENTRY
16063565.589 LWS319 30E MAINROAD
16064065.589 LWS319 40E EXIT
16065065.589 LWT326 40E ENTRY
16065565.589 LWT326 50E MAINROAD
16066065.589 LWT326 60E EXIT
16067065.589 LWU333 60E ENTRY
16067565.589 LWU333 70E MAINROAD
16068065.589 LWU333 80E EXIT
16069065.589 LWV340 80E ENTRY
16069565.589 LWV340 90E MAINROAD
16070065.589 LWV340 100E EXIT
16071065.589 LWW347 100E ENTRY
16071565.589 LWW347 110E MAINROAD
16072065.589 LWW347 120E EXIT
16073065.589 LWX354 120E ENTRY
16073565.589 LWX354 130E MAINROAD
16074065.589 LWX354 140E EXIT
16075065.589 LWY361 140E ENTRY
16075565.589 LWY361 150E MAINROAD
16076065.589 LWY361 160E EXIT
16077065.589 LWZ368 160E ENTRY
16077565.589 LWZ368 170E MAINROAD
16078065.589 LWZ368 180E EXIT
16079065.589 LXA375 180E ENTRY
16079565.589 LXA375 190E MAINROAD
16080065.589 LXA375 200E EXIT
16081065.589 LXB382 200E ENTRY
16081565.589 LXB382 210E MAINROAD
16082065.589 LXB382 220E EXIT
16083065.589 LXC389 220E ENTRY
16083565.589 LXC389 230E MAINROAD
16084065.589 LXC389 240E EXIT
16085065.589 LXD396 240E ENTRY
16085565.589 LXD396 250E MAINROAD
16086065.589 LXD396 260E EXIT
16087065.589 LXE403 260E ENTRY
16087565.589 LXE403 270E MAINROAD
16088065.589 LXE403 280E EXIT
16089065.589 LXF410 280E ENTRY
16089565.589 LXF410 290E MAINROAD
16090065.589 LXF410 300E EXIT
16091065.589 LXG417 300E ENTRY
16091565.589 LXG417 310E MAINROAD
16092065.589 LXG417 320E EXIT
16093065.589 LXH424 320E ENTRY
16093565.589 LXH424 330E MAINROAD
16094065.589 LXH424 340E EXIT
16095065.589 LXI431 340E ENTRY
16095565.589 LXI431 350E MAINROAD
16096065.589 LXI431 360E EXIT
16097065.589 LXJ438 360E ENTRY
16097565.589 LXJ438 370E MAINROAD
16098065.589 LXJ438 380E EXIT
16099065.589 LXK445 0E ENTRY
16099565.589 LXK445 10E MAINROAD
16100065.589 LXK445 20E EXIT
16101065.589 LXL452 20E ENTRY
16101565.589 LXL452 30E MAINROAD
16102065.589 LXL452 40E EXIT
16103065.589 LXM459 40E ENTRY
16103565.589 LXM459 50E MAINROAD
16104065.589 LXM459 60E EXIT
16105065.589 LXN466 60E ENTRY
16105565.589 LXN466 70E MAINROAD
16106065.589 LXN466 80E EXIT
16107065.589 LXO473 80E ENTRY
16107565.589 LXO473 90E MAINROAD
16108065.589 LXO473 100E EXIT
16109065.589 LXP480 100E ENTRY
16109565.589 LXP480 110E MAINROAD
16110065.589 LXP480 120E EXIT
16111065.589 LXQ487 120E ENTRY
16111565.589 LXQ487 130E MAINROAD
16112065.589 LXQ487 140E EXIT
16113065.589 LXR494 140E ENTRY
16113565.589 LXR494 150E MAINROAD
16114065.589 LXR494 160E EXIT
16115065.589 LXS501 160E ENTRY
16115565.589 LXS501 170E MAINROAD
16116065.589 LXS501 180E EXIT
16117065.589 LXT508 180E ENTRY
16117565.589 LXT508 190E MAINROAD
16118065.589 LXT508 200E EXIT
16119065.589 LXU515 200E ENTRY
16119565.589 LXU515 210E MAINROAD
16120065.589 LXU515 220E EXIT
16121065.589 LXV522 220E ENTRY
16121565.589 LXV522 230E MAINROAD
16122065.589 LXV522 240E EXIT
16123065.589 LXW529 240E ENTRY
16123565.589 LXW529 250E MAINROAD
16124065.589 LXW529 260E EXIT
16125065.589 LXX536 260E ENTRY
16125565.589 LXX536 270E MAINROAD
16126065.589 LXX536 280E EXIT
16127065.589 LXY543 280E ENTRY
16127565.589 LXY543 290E MAINROAD
16128065.589 LXY543 300E EXIT
16129065.589 LXZ550 300E ENTRY
16129565.589 LXZ550 310E MAINROAD
16130065.589 LXZ550 320E EXIT
16131065.589 LYA557 320E ENTRY
16131565.589 LYA557 330E MAINROAD
16132065.589 LYA557 340E EXIT
16133065.589 LYB564 340E ENTRY
16133565.589 LYB564 350E MAINROAD
16134065.589 LYB564 360E EXIT
16135065.589 LYC571 360E ENTRY
16135565.589 LYC571 370E MAINROAD
16136065.589 LYC571 380E EXIT
16137065.589 LYD578 0E ENTRY
16137565.589 LYD578 10E MAINROAD
16138065.589 LYD578 20E EXIT
16139065.589 LYE585 20E ENTRY
16139565.589 LYE585 30E MAINROAD
16140065.589 LYE585 40E EXIT
16141065.589 LYF592 40E ENTRY
16141565.589 LYF592 50E MAINROAD
16142065.589 LYF592 60E EXIT
16143065.589 LYG599 60E ENTRY
16143565.589 LYG599 70E MAINROAD
16144065.589 LYG599 80E EXIT
16145065.589 LYH606 80E ENTRY
16145565.589 LYH606 90E MAINROAD
16146065.589 LYH606 100E EXIT
16147065.589 LYI613 100E ENTRY
16147565.589 LYI613 110E MAINROAD
16148065.589 LYI613 120E EXIT
16149065.589 LYJ620 120E ENTRY
16149565.589 LYJ620 130E MAINROAD
16150065.589 LYJ620 140E EXIT
16151065.589 LYK627 140E ENTRY
16151565.589 LYK627 150E MAINROAD
16152065.589 LYK627 160E EXIT
16153065.589 LYL634 160E ENTRY
16153565.589 LYL634 170E MAINROAD
16154065.589 LYL634 180E EXIT
16155065.589 LYM641 180E ENTRY
16155565.589 LYM641 190E MAINROAD
16156065.589 LYM641 200E EXIT
16157065.589 LYN648 200E ENTRY
16157565.589 LYN648 210E MAINROAD
16158065.589 LYN648 220E EXIT
16159065.589 LYO655 220E ENTRY
16159565.589 LYO655 230E MAINROAD
16160065.589 LYO655 240E EXIT
16161065.589 LYP662 240E ENTRY
16161565.589 LYP662 250E MAINROAD
16162065.589 LYP662 260E EXIT
16163065.589 LYQ669 260E ENTRY
16163565.589 LYQ669 270E MAINROAD
16164065.589 LYQ669 280E EXIT
16165065.589 LYR676 280E ENTRY
16165565.589 LYR676 290E MAINROAD
16166065.589 LYR676 300E EXIT
16167065.589 LYS683 300E ENTRY
16167565.589 LYS683 310E MAINROAD
16168065.589 LYS683 320E EXIT
16169065.589 LYT690 320E ENTRY
16169565.589 LYT690 330E MAINROAD
16170065.589 LYT690 340E EXIT
16171065.589 LYU697 340E ENTRY
16171565.589 LYU697 350E MAINROAD
16172065.589 LYU697 360E EXIT
16173065.589 LYV704 360E ENTRY
16173565.589 LYV704 370E MAINROAD
16174065.589 LYV704 380E EXIT
16175065.589 LYW711 0E ENTRY
16175565.589 LYW711 10E MAINROAD
16176065.589 LYW711 20E EXIT
16177065.589 LYX718 20E ENTRY
16177565.589 LYX718 30E MAINROAD
16178065.589 LYX718 40E EXIT
16179065.589 LYY725 40E ENTRY
16179565.589 LYY725 50E MAINROAD
16180065.589 LYY725 60E EXIT
16181065.589 LYZ732 60E ENTRY
16181565.589 LYZ732 70E MAINROAD
16182065.589 LYZ732 80E EXIT
16183065.589 LZA739 80E ENTRY
16183565.589 LZA739 90E MAINROAD
16184065.589 LZA739 100E EXIT
16185065.589 LZB746 100E ENTRY
16185565.589 LZB746 110E MAINROAD
16186065.589 LZB746 120E EXIT
16187065.589 LZC753 120E ENTRY
16187565.589 LZC753 130E MAINROAD
16188065.589 LZC753 140E EXIT
16189065.589 LZD760 140E ENTRY
16189565.589 LZD760 150E MAINROAD
16190065.589 LZD760 160E EXIT
16191065.589 LZE767 160E ENTRY
16191565.589 LZE767 170E MAINROAD
16192065.589 LZE767 180E EXIT
16193065.589 LZF774 180E ENTRY
16193565.589 LZF774 190E MAINROAD
16194065.589 LZF774 200E EXIT
16195065.589 LZG781 200E ENTRY
16195565.589 LZG781 210E MAINROAD
16196065.589 LZG781 220E EXIT
16197065.589 LZH788 220E ENTRY
16197565.589 LZH788 230E MAINROAD
16198065.589 LZH788 240E EXIT
16199065.589 LZI795 240E ENTRY
16199565.589 LZI795 250E MAINROAD
16200065.589 LZI795 260E EXIT
16201065.589 LZJ802 260E ENTRY
16201565.589 LZJ802 270E MAINROAD
16202065.589 LZJ802 280E EXIT
16203065.589 LZK809 280E ENTRY
16203565.589 LZK809 290E MAINROAD
16204065.589 LZK809 300E EXIT
16205065.589 LZL816 300E ENTRY
16205565.589 LZL816 310E MAINROAD
16206065.589 LZL816 320E EXIT
16207065.589 LZM823 320E ENTRY
16207565.589 LZM823 330E MAINROAD
16208065.589 LZM823 340E EXIT
16209065.589 LZN830 340E ENTRY
16209565.589 LZN830 350E MAINROAD
16210065.589 LZN830 360E EXIT
16211065.589 LZO837 360E ENTRY
16211565.589 LZO837 370E MAINROAD
16212065.589 LZO837 380E EXIT
16213065.589 LZP844 0E ENTRY
16213565.589 LZP844 10E MAINROAD
16214065.589 LZP844 20E EXIT
16215065.589 LZQ851 20E ENTRY
16215565.589 LZQ851 30E MAINROAD
16216065.589 LZQ851 40E EXIT
16217065.589 LZR858 40E ENTRY
16217565.589 LZR858 50E MAINROAD
16218065.589 LZR858 60E EXIT
16219065.589 LZS865 60E ENTRY
16219565.589 LZS865 70E MAINROAD
16220065.589 LZS865 80E EXIT
16221065.589 LZT872 80E ENTRY
16221565.589 LZT872 90E MAINROAD
16222065.589 LZT872 100E EXIT
16223065.589 LZU879 100E ENTRY
16223565.589 LZU879 110E MAINROAD
16224065.589 LZU879 120E EXIT
16225065.589 LZV886 120E ENTRY
16225565.589 LZV886 130E MAINROAD
16226065.589 LZV886 140E EXIT
16227065.589 LZW893 140E ENTRY
16227565.589 LZW893 150E MAINROAD
16228065.589 LZW893 160E EXIT
16229065.589 LZX900 160E ENTRY
16229565.589 LZX900 170E MAINROAD
16230065.589 LZX900 180E EXIT
16231065.589 LZY907 180E ENTRY
16231565.589 LZY907 190E MAINROAD
16232065.589 LZY907 200E EXIT
16233065.589 LZZ914 200E ENTRY
16233565.589 LZZ914 210E MAINROAD
16234065.589 LZZ914 220E EXIT
16235065.589 MAA921 220E ENTRY
16235565.589 MAA921 230E MAINROAD
16236065.589 MAA921 240E EXIT
16237065.589 MAB928 240E ENTRY
16237565.589 MAB928 250E MAINROAD
16238065.589 MAB928 260E EXIT
16239065.589 MAC935 260E ENTRY
16239565.589 MAC935 270E MAINROAD
16240065.589 MAC935 280E EXIT
16241065.589 MAD942 280E ENTRY
16241565.589 MAD942 290E MAINROAD
16242065.589 MAD942 300E EXIT
16243065.589 MAE949 300E ENTRY
16243565.589 MAE949 310E MAINROAD
16244065.589 MAE949 320E EXIT
16245065.589 MAF956 320E ENTRY
16245565.589 MAF956 330E MAINROAD
16246065.589 MAF956 340E EXIT
16247065.589 MAG963 340E ENTRY
16247565.589 MAG963 350E MAINROAD
16248065.589 MAG963 360E EXIT
16249065.589 MAH970 360E ENTRY
16249565.589 MAH970 370E MAINROAD
16250065.589 MAH970 380E EXIT
16251065.589 MAI977 0E ENTRY
16251565.589 MAI977 10E MAINROAD
16252065.589 MAI977 20E EXIT
16253065.589 MAJ984 20E ENTRY
16253565.589 MAJ984 30E MAINROAD
16254065.589 MAJ984 40E EXIT
16255065.589 MAK991 40E ENTRY
16255565.589 MAK991 50E MAINROAD
16256065.589 MAK991 60E EXIT
16257065.589 MAL998 60E ENTRY
16257565.589 MAL998 70E MAINROAD
16258065.589 MAL998 80E EXIT
16259065.589 MAM005 80E ENTRY
16259565.589 MAM005 90E MAINROAD
16260065.589 MAM005 100E EXIT
16261065.589 MAN012 100E ENTRY
16261565.589 MAN012 110E MAINROAD
16262065.589 MAN012 120E EXIT
16263065.589 MAO019 120E ENTRY
16263565.589 MAO019 130E MAINROAD
16264065.589 MAO019 140E EXIT
16265065.589 MAP026 140E ENTRY
16265565.589 MAP026 150E MAINROAD
16266065.589 MAP026 160E EXIT
16267065.589 MAQ033 160E ENTRY
16267565.589 MAQ033 170E MAINROAD
16268065.589 MAQ033 180E EXIT
16269065.589 MAR040 180E ENTRY
16269565.589 MAR040 190E MAINROAD
16270065.589 MAR040 200E EXIT
16271065.589 MAS047 200E ENTRY
16271565.589 MAS047 210E MAINROAD
16272065.589 MAS047 220E EXIT
16273065.589 MAT054 220E ENTRY
16273565.589 MAT054 230E MAINROAD
16274065.589 MAT054 240E EXIT
16275065.589 MAU061 240E ENTRY
16275565.589 MAU061 250E MAINROAD
16276065.589 MAU061 260E EXIT
16277065.589 MAV068 260E ENTRY
16277565.589 MAV068 270E MAINROAD
16278065.589 MAV068 280E EXIT
16279065.589 MAW075 280E ENTRY
16279565.589 MAW075 290E MAINROAD
16280065.589 MAW075 300E EXIT
16281065.589 MAX082 300E ENTRY
16281565.589 MAX082 310E MAINROAD
16282065.589 MAX082 320E EXIT
16283065.589 MAY089 320E ENTRY
16283565.589 MAY089 330E MAINROAD
16284065.589 MAY089 340E EXIT
16285065.589 MAZ096 340E ENTRY
16285565.589 MAZ096 350E MAINROAD
16286065.589 MAZ096 360E EXIT
16287065.589 MBA103 360E ENTRY
16287565.589 MBA103 370E MAINROAD
16288065.589 MBA103 380E EXIT
16289065.589 MBB110 0E ENTRY
16289565.589 MBB110 10E MAINROAD
16290065.589 MBB110 20E EXIT
16291065.589 MBC117 20E ENTRY
16291565.589 MBC117 30E MAINROAD
16292065.589 MBC117 40E EXIT
16293065.589 MBD124 40E ENTRY
16293565.589 MBD124 50E MAINROAD
16294065.589 MBD124 60E EXIT
16295065.589 MBE131 60E ENTRY
16295565.589 MBE131 70E MAINROAD
16296065.589 MBE131 80E EXIT
16297065.589 MBF138 80E ENTRY
16297565.589 MBF138 90E MAINROAD
16298065.589 MBF138 100E EXIT
16299065.589 MBG145 100E ENTRY
16299565.589 MBG145 110E MAINROAD
16300065.589 MBG145 120E EXIT
16301065.589 MBH152 120E ENTRY
16301565.589 MBH152 130E MAINROAD
16302065.589 MBH152 140E EXIT
16303065.589 MBI159 140E ENTRY
16303565.589 MBI159 150E MAINROAD
16304065.589 MBI159 160E EXIT
16305065.589 MBJ166 160E ENTRY
16305565.589 MBJ166 170E MAINROAD
16306065.589 MBJ166 180E EXIT
16307065.589 MBK173 180E ENTRY
16307565.589 MBK173 190E MAINROAD
16308065.589 MBK173 200E EXIT
16309065.589 MBL180 200E ENTRY
16309565.589 MBL180 210E MAINROAD
16310065.589 MBL180 220E EXIT
16311065.589 MBM187 220E ENTRY
16311565.589 MBM187 230E MAINROAD
16312065.589 MBM187 240E EXIT
16313065.589 MBN194 240E ENTRY
16313565.589 MBN194 250E MAINROAD
16314065.589 MBN194 260E EXIT
16315065.589 MBO201 260E ENTRY
16315565.589 MBO201 270E MAINROAD
16316065.589 MBO201 280E EXIT
16317065.589 MBP208 280E ENTRY
16317565.589 MBP208 290E MAINROAD
16318065.589 MBP208 300E EXIT
16319065.589 MBQ215 300E ENTRY
16319565.589 MBQ215 310E MAINROAD
16320065.589 MBQ215 320E EXIT
16321065.589 MBR222 320E ENTRY
16321565.589 MBR222 330E MAINROAD
16322065.589 MBR222 340E EXIT
16323065.589 MBS229 340E ENTRY
16323565.589 MBS229 350E MAINROAD
16324065.589 MBS229 360E EXIT
16325065.589 MBT236 360E ENTRY
16325565.589 MBT236 370E MAINROAD
16326065.589 MBT236 380E EXIT
16327065.589 MBU243 0E ENTRY
16327565.589 MBU243 10E MAINROAD
16328065.589 MBU243 20E EXIT
16329065.589 MBV250 20E ENTRY
16329565.589 MBV250 30E MAINROAD
16330065.589 MBV250 40E EXIT
16331065.589 MBW257 40E ENTRY
16331565.589 MBW257 50E MAINROAD
16332065.589 MBW257 60E EXIT
16333065.589 MBX264 60E ENTRY
16333565.589 MBX264 70E MAINROAD
16334065.589 MBX264 80E EXIT
16335065.589 MBY271 80E ENTRY
16335565.589 MBY271 90E MAINROAD
16336065.589 MBY271 100E EXIT
16337065.589 MBZ278 100E ENTRY
16337565.589 MBZ278 110E MAINROAD
16338065.589 MBZ278 120E EXIT
16339065.589 MCA285 120E ENTRY
16339565.589 MCA285 130E MAINROAD
16340065.589 MCA285 140E EXIT
16341065.589 MCB292 140E ENTRY
16341565.589 MCB292 150E MAINROAD
16342065.589 MCB292 160E EXIT
16343065.589 MCC299 160E ENTRY
16343565.589 MCC299 170E MAINROAD
16344065.589 MCC299 180E EXIT
16345065.589 MCD306 180E ENTRY
16345565.589 MCD306 190E MAINROAD
16346065.589 MCD306 200E EXIT
16347065.589 MCE313 200E ENTRY
16347565.589 MCE313 210E MAINROAD
16348065.589 MCE313 220E EXIT
16349065.589 MCF320 220E ENTRY
16349565.589 MCF320 230E MAINROAD
16350065.589 MCF320 240E EXIT
16351065.589 MCG327 240E ENTRY
16351565.589 MCG327 250E MAINROAD
16352065.589 MCG327 260E EXIT
16353065.589 MCH334 260E ENTRY
16353565.589 MCH334 270E MAINROAD
16354065.589 MCH334 280E EXIT
16355065.589 MCI341 280E ENTRY
16355565.589 MCI341 290E MAINROAD
16356065.589 MCI341 300E EXIT
16357065.589 MCJ348 300E ENTRY
16357565.589 MCJ348 310E MAINROAD
16358065.589 MCJ348 320E EXIT
16359065.589 MCK355 320E ENTRY
16359565.589 MCK355 330E MAINROAD
16360065.589 MCK355 340E EXIT
16361065.589 MCL362 340E ENTRY
16361565.589 MCL362 350E MAINROAD
16362065.589 MCL362 360E EXIT
16363065.589 MCM369 360E ENTRY
16363565.589 MCM369 370E MAINROAD
16364065.589 MCM369 380E EXIT
16365065.589 MCN376 0E ENTRY
16365565.589 MCN376 10E MAINROAD
16366065.589 MCN376 20E EXIT
16367065.589 MCO383 20E ENTRY
16367565.589 MCO383 30E MAINROAD
16368065.589 MCO383 40E EXIT
16369065.589 MCP390 40E ENTRY
16369565.589 MCP390 50E MAINROAD
16370065.589 MCP390 60E EXIT
16371065.589 MCQ397 60E ENTRY
16371565.589 MCQ397 70E MAINROAD
16372065.589 MCQ397 80E EXIT
16373065.589 MCR404 80E ENTRY
16373565.589 MCR404 90E MAINROAD
16374065.589 MCR404 100E EXIT
16375065.589 MCS411 100E ENTRY
16375565.589 MCS411 110E MAINROAD
16376065.589 MCS411 120E EXIT
16377065.589 MCT418 120E ENTRY
16377565.589 MCT418 130E MAINROAD
16378065.589 MCT418 140E EXIT
16379065.589 MCU425 140E ENTRY
16379565.589 MCU425 150E MAINROAD
16380065.589 MCU425 160E EXIT
16381065.589 MCV432 160E ENTRY
16381565.589 MCV432 170E MAINROAD
16382065.589 MCV432 180E EXIT
16383065.589 MCW439 180E ENTRY
16383565.589 MCW439 190E MAINROAD
16384065.589 MCW439 200E EXIT
16385065.589 MCX446 200E ENTRY
16385565.589 MCX446 210E MAINROAD
16386065.589 MCX446 220E EXIT
16387065.589 MCY453 220E ENTRY
16387565.589 MCY453 230E MAINROAD
16388065.589 MCY453 240E EXIT
16389065.589 MCZ460 240E ENTRY
16389565.589 MCZ460 250E MAINROAD
16390065.589 MCZ460 260E EXIT
16391065.589 MDA467 260E ENTRY
16391565.589 MDA467 270E MAINROAD
16392065.589 MDA467 280E EXIT
16393065.589 MDB474 280E ENTRY
16393565.589 MDB474 290E MAINROAD
16394065.589 MDB474 300E EXIT
16395065.589 MDC481 300E ENTRY
16395565.589 MDC481 310E MAINROAD
16396065.589 MDC481 320E EXIT
16397065.589 MDD488 320E ENTRY
16397565.589 MDD488 330E MAINROAD
16398065.589 MDD488 340E EXIT
16399065.589 MDE495 340E ENTRY
16399565.589 MDE495 350E MAINROAD
16400065.589 MDE495 360E EXIT
16401065.589 MDF502 360E ENTRY
16401565.589 MDF502 370E MAINROAD
16402065.589 MDF502 380E EXIT
16403065.589 MDG509 0E ENTRY
16403565.589 MDG509 10E MAINROAD
16404065.589 MDG509 20E EXIT
16405065.589 MDH516 20E ENTRY
16405565.589 MDH516 30E MAINROAD
16406065.589 MDH516 40E EXIT
16407065.589 MDI523 40E ENTRY
16407565.589 MDI523 50E MAINROAD
16408065.589 MDI523 60E EXIT
16409065.589 MDJ530 60E ENTRY
16409565.589 MDJ530 70E MAINROAD
16410065.589 MDJ530 80E EXIT
16411065.589 MDK537 80E ENTRY
16411565.589 MDK537 90E MAINROAD
16412065.589 MDK537 100E EXIT
16413065.589 MDL544 100E ENTRY
16413565.589 MDL544 110E MAINROAD
16414065.589 MDL544 120E EXIT
16415065.589 MDM551 120E ENTRY
16415565.589 MDM551 130E MAINROAD
16416065.589 MDM551 140E EXIT
16417065.589 MDN558 140E ENTRY
16417565.589 MDN558 150E MAINROAD
16418065.589 MDN558 160E EXIT
16419065.589 MDO565 160E ENTRY
16419565.589 MDO565 170E MAINROAD
16420065.589 MDO565 180E EXIT
16421065.589 MDP572 180E ENTRY
16421565.589 MDP572 190E MAINROAD
16422065.589 MDP572 200E EXIT
16423065.589 MDQ579 200E ENTRY
16423565.589 MDQ579 210E MAINROAD
16424065.589 MDQ579 220E EXIT
16425065.589 MDR586 220E ENTRY
16425565.589 MDR586 230E MAINROAD
16426065.589 MDR586 240E EXIT
16427065.589 MDS593 240E ENTRY
16427565.589 MDS593 250E MAINROAD
16428065.589 MDS593 260E EXIT
16429065.589 MDT600 260E ENTRY
16429565.589 MDT600 270E MAINROAD
16430065.589 MDT600 280E EXIT
16431065.589 MDU607 280E ENTRY
16431565.589 MDU607 290E MAINROAD
16432065.589 MDU607 300E EXIT
16433065.589 MDV614 300E ENTRY
16433565.589 MDV614 310E MAINROAD
16434065.589 MDV614 320E EXIT
16435065.589 MDW621 320E ENTRY
16435565.589 MDW621 330E MAINROAD
16436065.589 MDW621 340E EXIT
16437065.589 MDX628 340E ENTRY
16437565.589 MDX628 350E MAINROAD
16438065.589 MDX628 360E EXIT
16439065.589 MDY635 360E ENTRY
16439565.589 MDY635 370E MAINROAD
16440065.589 MDY635 380E EXIT
16441065.589 MDZ642 0E ENTRY
16441565.589 MDZ642 10E MAINROAD
16442065.589 MDZ642 20E EXIT
16443065.589 MEA649 20E ENTRY
16443565.589 MEA649 30E MAINROAD
16444065.589 MEA649 40E EXIT
16445065.589 MEB656 40E ENTRY
16445565.589 MEB656 50E MAINROAD
16446065.589 MEB656 60E EXIT
16447065.589 MEC663 60E ENTRY
16447565.589 MEC663 70E MAINROAD
16448065.589 MEC663 80E EXIT
16449065.589 MED670 80E ENTRY
16449565.589 MED670 90E MAINROAD
16450065.589 MED670 100E EXIT
16451065.589 MEE677 100E ENTRY
16451565.589 MEE677 110E MAINROAD
16452065.589 MEE677 120E EXIT
16453065.589 MEF684 120E ENTRY
16453565.589 MEF684 130E MAINROAD
16454065.589 MEF684 140E EXIT
16455065.589 MEG691 140E ENTRY
16455565.589 MEG691 150E MAINROAD
16456065.589 MEG691 160E EXIT
16457065.589 MEH698 160E ENTRY
16457565.589 MEH698 170E MAINROAD
16458065.589 MEH698 180E EXIT
16459065.589 MEI705 180E ENTRY
16459565.589 MEI705 190E MAINROAD
16460065.589 MEI705 200E EXIT
16461065.589 MEJ712 200E ENTRY
16461565.589 MEJ712 210E MAINROAD
16462065.589 MEJ712 220E EXIT
16463065.589 MEK719 220E ENTRY
16463565.589 MEK719 230E MAINROAD
16464065.589 MEK719 240E EXIT
16465065.589 MEL726 240E ENTRY
16465565.589 MEL726 250E MAINROAD
16466065.589 MEL726 260E EXIT
16467065.589 MEM733 260E ENTRY
16467565.589 MEM733 270E MAINROAD
16468065.589 MEM733 280E EXIT
16469065.589 MEN740 280E ENTRY
16469565.589 MEN740 290E MAINROAD
16470065.589 MEN740 300E EXIT
16471065.589 MEO747 300E ENTRY
16471565.589 MEO747 310E MAINROAD
16472065.589 MEO747 320E EXIT
16473065.589 MEP754 320E ENTRY
16473565.589 MEP754 330E MAINROAD
16474065.589 MEP754 340E EXIT
16475065.589 MEQ761 340E ENTRY
16475565.589 MEQ761 350E MAINROAD
16476065.589 MEQ761 360E EXIT
16477065.589 MER768 360E ENTRY
16477565.589 MER768 370E MAINROAD
16478065.589 MER768 380E EXIT
16479065.589 MES775 0E ENTRY
16479565.589 MES775 10E MAINROAD
16480065.589 MES775 20E EXIT
16481065.589 MET782 20E ENTRY
16481565.589 MET782 30E MAINROAD
16482065.589 MET782 40E EXIT
16483065.589 MEU789 40E ENTRY
16483565.589 MEU789 50E MAINROAD
16484065.589 MEU789 60E EXIT
16485065.589 MEV796 60E ENTRY
16485565.589 MEV796 70E MAINROAD
16486065.589 MEV796 80E EXIT
16487065.589 MEW803 80E ENTRY
16487565.589 MEW803 90E MAINROAD
16488065.589 MEW803 100E EXIT
16489065.589 MEX810 100E ENTRY
16489565.589 MEX810 110E MAINROAD
16490065.589 MEX810 120E EXIT
16491065.589 MEY817 120E ENTRY
16491565.589 MEY817 130E MAINROAD
16492065.589 MEY817 140E EXIT
16493065.589 MEZ824 140E ENTRY
16493565.589 MEZ824 150E MAINROAD
16494065.589 MEZ824 160E EXIT
16495065.589 MFA831 160E ENTRY
16495565.589 MFA831 170E MAINROAD
16496065.589 MFA831 180E EXIT
16497065.589 MFB838 180E ENTRY
16497565.589 MFB838 190E MAINROAD
16498065.589 MFB838 200E EXIT
16499065.589 MFC845 200E ENTRY
16499565.589 MFC845 210E MAINROAD
16500065.589 MFC845 220E EXIT
16501065.589 MFD852 220E ENTRY
16501565.589 MFD852 230E MAINROAD
16502065.589 MFD852 240E EXIT
16503065.589 MFE859 240E ENTRY
16503565.589 MFE859 250E MAINROAD
16504065.589 MFE859 260E EXIT
16505065.589 MFF866 260E ENTRY
16505565.589 MFF866 270E MAINROAD
16506065.589 MFF866 280E EXIT
16507065.589 MFG873 280E ENTRY
16507565.589 MFG873 290E MAINROAD
16508065.589 MFG873 300E EXIT
16509065.589 MFH880 300E ENTRY
16509565.589 MFH880 310E MAINROAD
16510065.589 MFH880 320E EXIT
16511065.589 MFI887 320E ENTRY
16511565.589 MFI887 330E MAINROAD
16512065.589 MFI887 340E EXIT
16513065.589 MFJ894 340E ENTRY
16513565.589 MFJ894 350E MAINROAD
16514065.589 MFJ894 360E EXIT
16515065.589 MFK901 360E ENTRY
16515565.589 MFK901 370E MAINROAD
16516065.589 MFK901 380E EXIT
16517065.589 MFL908 0E ENTRY
16517565.589 MFL908 10E MAINROAD
16518065.589 MFL908 20E EXIT
16519065.589 MFM915 20E ENTRY
16519565.589 MFM915 30E MAINROAD
16520065.589 MFM915 40E EXIT
16521065.589 MFN922 40E ENTRY
16521565.589 MFN922 50E MAINROAD
16522065.589 MFN922 60E EXIT
16523065.589 MFO929 60E ENTRY
16523565.589 MFO929 70E MAINROAD
16524065.589 MFO929 80E EXIT
16525065.589 MFP936 80E ENTRY
16525565.589 MFP936 90E MAINROAD
16526065.589 MFP936 100E EXIT
16527065.589 MFQ943 100E ENTRY
16527565.589 MFQ943 110E MAINROAD
16528065.589 MFQ943 120E EXIT
16529065.589 MFR950 120E ENTRY
16529565.589 MFR950 130E MAINROAD
16530065.589 MFR950 140E EXIT
16531065.589 MFS957 140E ENTRY
16531565.589 MFS957 150E MAINROAD
16532065.589 MFS957 160E EXIT
16533065.589 MFT964 160E ENTRY
16533565.589 MFT964 170E MAINROAD
16534065.589 MFT964 180E EXIT
16535065.589 MFU971 180E ENTRY
16535565.589 MFU971 190E MAINROAD
16536065.589 MFU971 200E EXIT
16537065.589 MFV978 200E ENTRY
16537565.589 MFV978 210E MAINROAD
16538065.589 MFV978 220E EXIT
16539065.589 MFW985 220E ENTRY
16539565.589 MFW985 230E MAINROAD
16540065.589 MFW985 240E EXIT
16541065.589 MFX992 240E ENTRY
16541565.589 MFX992 250E MAINROAD
16542065.589 MFX992 260E EXIT
16543065.589 MFY999 260E ENTRY
16543565.589 MFY999 270E MAINROAD
16544065.589 MFY999 280E EXIT
16545065.589 MFZ006 280E ENTRY
16545565.589 MFZ006 290E MAINROAD
16546065.589 MFZ006 300E EXIT
16547065.589 MGA013 300E ENTRY
16547565.589 MGA013 310E MAINROAD
16548065.589 MGA013 320E EXIT
16549065.589 MGB020 320E ENTRY
16549565.589 MGB020 330E MAINROAD
16550065.589 MGB020 340E EXIT
16551065.589 MGC027 340E ENTRY
16551565.589 MGC027 350E MAINROAD
16552065.589 MGC027 360E EXIT
16553065.589 MGD034 360E ENTRY
16553565.589 MGD034 370E MAINROAD
16554065.589 MGD034 380E EXIT
16555065.589 MGE041 0E ENTRY
16555565.589 MGE041 10E MAINROAD
16556065.589 MGE041 20E EXIT
16557065.589 MGF048 20E ENTRY
16557565.589 MGF048 30E MAINROAD
16558065.589 MGF048 40E EXIT
16559065.589 MGG055 40E ENTRY
16559565.589 MGG055 50E MAINROAD
16560065.589 MGG055 60E EXIT
16561065.589 MGH062 60E ENTRY
16561565.589 MGH062 70E MAINROAD
16562065.589 MGH062 80E EXIT
16563065.589 MGI069 80E ENTRY
16563565.589 MGI069 90E MAINROAD
16564065.589 MGI069 100E EXIT
16565065.589 MGJ076 100E ENTRY
16565565.589 MGJ076 110E MAINROAD
16566065.589 MGJ076 120E EXIT
16567065.589 MGK083 120E ENTRY
16567565.589 MGK083 130E MAINROAD
16568065.589 MGK083 140E EXIT
16569065.589 MGL090 140E ENTRY
16569565.589 MGL090 150E MAINROAD
16570065.589 MGL090 160E EXIT
16571065.589 MGM097 160E ENTRY
16571565.589 MGM097 170E MAINROAD
16572065.589 MGM097 180E EXIT
16573065.589 MGN104 180E ENTRY
16573565.589 MGN104 190E MAINROAD
16574065.589 MGN104 200E EXIT
16575065.589 MGO111 200E ENTRY
16575565.589 MGO111 210E MAINROAD
16576065.589 MGO111 220E EXIT
16577065.589 MGP118 220E ENTRY
16577565.589 MGP118 230E MAINROAD
16578065.589 MGP118 240E EXIT
16579065.589 MGQ125 240E ENTRY
16579565.589 MGQ125 250E MAINROAD
16580065.589 MGQ125 260E EXIT
16581065.589 MGR132 260E ENTRY
16581565.589 MGR132 270E MAINROAD
16582065.589 MGR132 280E EXIT
